,,,
,,,
品牌,店铺,求和项:销量,销量占比
,,10149,0.466213422757132
Aradela,Aradela Car Parts & Accessories,25,0.00114842206807846
Aradela 汇总,,25,0.00114842206807846
AUTOPILOT,Аксессуары Автопилот,540,0.0248059166704947
AUTOPILOT 汇总,,540,0.0248059166704947
Autoprofi,ТД «АВТОПРОФИ»,110,0.00505305709954523
Autoprofi 汇总,,110,0.00505305709954523
AVS,AVS - Официальный магазин,49,0.00225090725343378
AVS 汇总,,49,0.00225090725343378
BellaStar,chenling,77,0.00353713996968166
BellaStar 汇总,,77,0.00353713996968166
CARELIA,MAGIC PEARL,25,0.00114842206807846
CARELIA 汇总,,25,0.00114842206807846
Cartage,Сима-Ленд - Интерьер,256,0.0117598419771234
Cartage 汇总,,256,0.0117598419771234
Conflate,CityNature,220,0.0101061141990905
Conflate 汇总,,220,0.0101061141990905
Feen,ДМ,74,0.00339932932151224
Feen 汇总,,74,0.00339932932151224
Flex Drive,Интернет Революция,104,0.00477743580320639
Flex Drive 汇总,,104,0.00477743580320639
Forsage,FORSAGE OFFICIAL STORE,27,0.00124029583352474
Forsage 汇总,,27,0.00124029583352474
Gandi Clo,TOP STORE,1150,0.0528274151316092
Gandi Clo 汇总,,1150,0.0528274151316092
Heavy Booster,Heavy Booster,66,0.00303183425972714
Heavy Booster 汇总,,66,0.00303183425972714
Jijivisha,AlfaMet,3332,0.153061693233497
,Car Protector,989,0.0454315770131839
,Jijivisha Top,59,0.00271027608066517
Jijivisha 汇总,,4380,0.201203546327346
KROMIX,М22,251,0.0115301575635077
KROMIX 汇总,,251,0.0115301575635077
Market1,MarketONE,68,0.00312370802517341
Market1 汇总,,68,0.00312370802517341
PRIMETEX,PRIMETEX,2027,0.0931140612798016
PRIMETEX 汇总,,2027,0.0931140612798016
PSV,PSV - Автоаксессуары,133,0.00610960540217741
PSV 汇总,,133,0.00610960540217741
REXANT,Официальный магазин СДС,26,0.0011943589508016
REXANT 汇总,,26,0.0011943589508016
ROCKFORCE,FORSAGE OFFICIAL STORE,36,0.00165372777803298
ROCKFORCE 汇总,,36,0.00165372777803298
SEAMETAL,AUTOMAN,56,0.00257246543249575
SEAMETAL 汇总,,56,0.00257246543249575
Spirit auto,Teen sprit,216,0.0099223666681979
Spirit auto 汇总,,216,0.0099223666681979
Tozaroa,Tozaroa cover,67,0.00307777114245027
Tozaroa 汇总,,67,0.00307777114245027
VSM,Natali,39,0.0017915384262024
VSM 汇总,,39,0.0017915384262024
Will be,Will be,539,0.0247599797877716
Will be 汇总,,539,0.0247599797877716
XICBOOM,Tengxi auto supplies franchise store,89,0.00408838256235932
XICBOOM 汇总,,89,0.00408838256235932
Автопласт,ТЕНТ ЭКСПЕРТ,33,0.00151591712986357
Автопласт 汇总,,33,0.00151591712986357
Автохранитель,Автохранитель,28,0.00128623271624788
Автохранитель 汇总,,28,0.00128623271624788
ДЕРБИ,Tent37,24,0.00110248518535532
ДЕРБИ 汇总,,24,0.00110248518535532
КАРПЕИЧ,КАРПЕИЧ,720,0.0330745555606597
КАРПЕИЧ 汇总,,720,0.0330745555606597
МобильПРО,QUANTUM,165,0.00757958564931784
МобильПРО 汇总,,165,0.00757958564931784
总计,,21769,1
