cell,formula
B2,"=IF(ISERROR(_xlfn.IMAGE(""https://ir.ozone.ru/s3/multimedia-1-d/wc300/7705481809.jpg"")),""请使用新版Excel2024查看图片"",_xlfn.IMAGE(""https://ir.ozone.ru/s3/multimedia-1-d/wc300/7705481809.jpg""))"
B3,"=IF(ISERROR(_xlfn.IMAGE(""https://ir.ozone.ru/s3/multimedia-1-j/wc300/7829377795.jpg"")),""请使用新版Excel2024查看图片"",_xlfn.IMAGE(""https://ir.ozone.ru/s3/multimedia-1-j/wc300/7829377795.jpg""))"
B4,"=IF(ISERROR(_xlfn.IMAGE(""https://ir.ozone.ru/s3/multimedia-1-0/wc300/9308741148.jpg"")),""请使用新版Excel2024查看图片"",_xlfn.IMAGE(""https://ir.ozone.ru/s3/multimedia-1-0/wc300/9308741148.jpg""))"
B5,"=IF(ISERROR(_xlfn.IMAGE(""https://ir.ozone.ru/s3/multimedia-1-h/wc300/14849374805.jpg"")),""请使用新版Excel2024查看图片"",_xlfn.IMAGE(""https://ir.ozone.ru/s3/multimedia-1-h/wc300/14849374805.jpg""))"
B6,"=IF(ISERROR(_xlfn.IMAGE(""https://ir-20.ozone.ru/s3/multimedia-1-9/wc300/10025490645.jpg"")),""请使用新版Excel2024查看图片"",_xlfn.IMAGE(""https://ir-20.ozone.ru/s3/multimedia-1-9/wc300/10025490645.jpg""))"
B7,"=IF(ISERROR(_xlfn.IMAGE(""https://ir.ozone.ru/s3/multimedia-1-a/wc300/9255253366.jpg"")),""请使用新版Excel2024查看图片"",_xlfn.IMAGE(""https://ir.ozone.ru/s3/multimedia-1-a/wc300/9255253366.jpg""))"
B8,"=IF(ISERROR(_xlfn.IMAGE(""https://ir.ozone.ru/s3/multimedia-1-k/wc300/10025501996.jpg"")),""请使用新版Excel2024查看图片"",_xlfn.IMAGE(""https://ir.ozone.ru/s3/multimedia-1-k/wc300/10025501996.jpg""))"
B9,"=IF(ISERROR(_xlfn.IMAGE(""https://ir.ozone.ru/s3/multimedia-1-v/wc300/9479249599.jpg"")),""请使用新版Excel2024查看图片"",_xlfn.IMAGE(""https://ir.ozone.ru/s3/multimedia-1-v/wc300/9479249599.jpg""))"
B10,"=IF(ISERROR(_xlfn.IMAGE(""https://ir.ozone.ru/s3/multimedia-1-a/wc300/9255265066.jpg"")),""请使用新版Excel2024查看图片"",_xlfn.IMAGE(""https://ir.ozone.ru/s3/multimedia-1-a/wc300/9255265066.jpg""))"
B11,"=IF(ISERROR(_xlfn.IMAGE(""https://ir.ozone.ru/s3/multimedia-1-a/wc300/12876065254.jpg"")),""请使用新版Excel2024查看图片"",_xlfn.IMAGE(""https://ir.ozone.ru/s3/multimedia-1-a/wc300/12876065254.jpg""))"
B12,"=IF(ISERROR(_xlfn.IMAGE(""https://ir-20.ozone.ru/s3/multimedia-1-c/wc300/9255277092.jpg"")),""请使用新版Excel2024查看图片"",_xlfn.IMAGE(""https://ir-20.ozone.ru/s3/multimedia-1-c/wc300/9255277092.jpg""))"
B13,"=IF(ISERROR(_xlfn.IMAGE(""https://ir.ozone.ru/s3/multimedia-1-e/wc300/13530048458.jpg"")),""请使用新版Excel2024查看图片"",_xlfn.IMAGE(""https://ir.ozone.ru/s3/multimedia-1-e/wc300/13530048458.jpg""))"
B14,"=IF(ISERROR(_xlfn.IMAGE(""https://ir.ozone.ru/s3/multimedia-1-s/wc300/13770079012.jpg"")),""请使用新版Excel2024查看图片"",_xlfn.IMAGE(""https://ir.ozone.ru/s3/multimedia-1-s/wc300/13770079012.jpg""))"
B15,"=IF(ISERROR(_xlfn.IMAGE(""https://ir.ozone.ru/s3/multimedia-1-8/wc300/9992405348.jpg"")),""请使用新版Excel2024查看图片"",_xlfn.IMAGE(""https://ir.ozone.ru/s3/multimedia-1-8/wc300/9992405348.jpg""))"
B16,"=IF(ISERROR(_xlfn.IMAGE(""https://ir.ozone.ru/s3/multimedia-1-t/wc300/9308725049.jpg"")),""请使用新版Excel2024查看图片"",_xlfn.IMAGE(""https://ir.ozone.ru/s3/multimedia-1-t/wc300/9308725049.jpg""))"
B17,"=IF(ISERROR(_xlfn.IMAGE(""https://ir.ozone.ru/s3/multimedia-1-c/wc300/8088143124.jpg"")),""请使用新版Excel2024查看图片"",_xlfn.IMAGE(""https://ir.ozone.ru/s3/multimedia-1-c/wc300/8088143124.jpg""))"
B18,"=IF(ISERROR(_xlfn.IMAGE(""https://ir-20.ozone.ru/s3/multimedia-1-n/wc300/9335890679.jpg"")),""请使用新版Excel2024查看图片"",_xlfn.IMAGE(""https://ir-20.ozone.ru/s3/multimedia-1-n/wc300/9335890679.jpg""))"
B19,"=IF(ISERROR(_xlfn.IMAGE(""https://ir.ozone.ru/s3/multimedia-1-q/wc300/14165630558.jpg"")),""请使用新版Excel2024查看图片"",_xlfn.IMAGE(""https://ir.ozone.ru/s3/multimedia-1-q/wc300/14165630558.jpg""))"
B20,"=IF(ISERROR(_xlfn.IMAGE(""https://ir-20.ozone.ru/s3/multimedia-1-0/wc300/13839195096.jpg"")),""请使用新版Excel2024查看图片"",_xlfn.IMAGE(""https://ir-20.ozone.ru/s3/multimedia-1-0/wc300/13839195096.jpg""))"
B21,"=IF(ISERROR(_xlfn.IMAGE(""https://ir.ozone.ru/s3/multimedia-1-e/wc300/13770107906.jpg"")),""请使用新版Excel2024查看图片"",_xlfn.IMAGE(""https://ir.ozone.ru/s3/multimedia-1-e/wc300/13770107906.jpg""))"
B22,"=IF(ISERROR(_xlfn.IMAGE(""https://ir.ozone.ru/s3/multimedia-1-g/wc300/10025514952.jpg"")),""请使用新版Excel2024查看图片"",_xlfn.IMAGE(""https://ir.ozone.ru/s3/multimedia-1-g/wc300/10025514952.jpg""))"
B23,"=IF(ISERROR(_xlfn.IMAGE(""https://ir.ozone.ru/s3/multimedia-1-z/wc300/13287261563.jpg"")),""请使用新版Excel2024查看图片"",_xlfn.IMAGE(""https://ir.ozone.ru/s3/multimedia-1-z/wc300/13287261563.jpg""))"
B24,"=IF(ISERROR(_xlfn.IMAGE(""https://ir.ozone.ru/s3/multimedia-1-a/wc300/14165542162.jpg"")),""请使用新版Excel2024查看图片"",_xlfn.IMAGE(""https://ir.ozone.ru/s3/multimedia-1-a/wc300/14165542162.jpg""))"
B25,"=IF(ISERROR(_xlfn.IMAGE(""https://ir.ozone.ru/s3/multimedia-1-o/wc300/9255241968.jpg"")),""请使用新版Excel2024查看图片"",_xlfn.IMAGE(""https://ir.ozone.ru/s3/multimedia-1-o/wc300/9255241968.jpg""))"
B26,"=IF(ISERROR(_xlfn.IMAGE(""https://ir.ozone.ru/s3/multimedia-1-g/wc300/12876372772.jpg"")),""请使用新版Excel2024查看图片"",_xlfn.IMAGE(""https://ir.ozone.ru/s3/multimedia-1-g/wc300/12876372772.jpg""))"
B27,"=IF(ISERROR(_xlfn.IMAGE(""https://ir.ozone.ru/s3/multimedia-1-o/wc300/14125075188.jpg"")),""请使用新版Excel2024查看图片"",_xlfn.IMAGE(""https://ir.ozone.ru/s3/multimedia-1-o/wc300/14125075188.jpg""))"
B28,"=IF(ISERROR(_xlfn.IMAGE(""https://ir.ozone.ru/s3/multimedia-1-v/wc300/14081416015.jpg"")),""请使用新版Excel2024查看图片"",_xlfn.IMAGE(""https://ir.ozone.ru/s3/multimedia-1-v/wc300/14081416015.jpg""))"
B29,"=IF(ISERROR(_xlfn.IMAGE(""https://ir-20.ozone.ru/s3/multimedia-1-r/wc300/12876165495.jpg"")),""请使用新版Excel2024查看图片"",_xlfn.IMAGE(""https://ir-20.ozone.ru/s3/multimedia-1-r/wc300/12876165495.jpg""))"
B30,"=IF(ISERROR(_xlfn.IMAGE(""https://ir.ozone.ru/s3/multimedia-1-n/wc300/13770142403.jpg"")),""请使用新版Excel2024查看图片"",_xlfn.IMAGE(""https://ir.ozone.ru/s3/multimedia-1-n/wc300/13770142403.jpg""))"
B31,"=IF(ISERROR(_xlfn.IMAGE(""https://ir.ozone.ru/s3/multimedia-1-7/wc300/13453946323.jpg"")),""请使用新版Excel2024查看图片"",_xlfn.IMAGE(""https://ir.ozone.ru/s3/multimedia-1-7/wc300/13453946323.jpg""))"
B32,"=IF(ISERROR(_xlfn.IMAGE(""https://ir.ozone.ru/s3/multimedia-1-r/wc300/12876105015.jpg"")),""请使用新版Excel2024查看图片"",_xlfn.IMAGE(""https://ir.ozone.ru/s3/multimedia-1-r/wc300/12876105015.jpg""))"
B33,"=IF(ISERROR(_xlfn.IMAGE(""https://ir.ozone.ru/s3/multimedia-1-s/wc300/12876352984.jpg"")),""请使用新版Excel2024查看图片"",_xlfn.IMAGE(""https://ir.ozone.ru/s3/multimedia-1-s/wc300/12876352984.jpg""))"
B34,"=IF(ISERROR(_xlfn.IMAGE(""https://ir.ozone.ru/s3/multimedia-1-0/wc300/13365668304.jpg"")),""请使用新版Excel2024查看图片"",_xlfn.IMAGE(""https://ir.ozone.ru/s3/multimedia-1-0/wc300/13365668304.jpg""))"
B35,"=IF(ISERROR(_xlfn.IMAGE(""https://ir.ozone.ru/s3/multimedia-1-o/wc300/12876296028.jpg"")),""请使用新版Excel2024查看图片"",_xlfn.IMAGE(""https://ir.ozone.ru/s3/multimedia-1-o/wc300/12876296028.jpg""))"
B36,"=IF(ISERROR(_xlfn.IMAGE(""https://ir.ozone.ru/s3/multimedia-1-f/wc300/12876322659.jpg"")),""请使用新版Excel2024查看图片"",_xlfn.IMAGE(""https://ir.ozone.ru/s3/multimedia-1-f/wc300/12876322659.jpg""))"
B37,"=IF(ISERROR(_xlfn.IMAGE(""https://ir.ozone.ru/s3/multimedia-1-z/wc300/12876237359.jpg"")),""请使用新版Excel2024查看图片"",_xlfn.IMAGE(""https://ir.ozone.ru/s3/multimedia-1-z/wc300/12876237359.jpg""))"
B38,"=IF(ISERROR(_xlfn.IMAGE(""https://ir.ozone.ru/s3/multimedia-1-1/wc300/10090258849.jpg"")),""请使用新版Excel2024查看图片"",_xlfn.IMAGE(""https://ir.ozone.ru/s3/multimedia-1-1/wc300/10090258849.jpg""))"
B39,"=IF(ISERROR(_xlfn.IMAGE(""https://ir.ozone.ru/s3/multimedia-1-c/wc300/11783067888.jpg"")),""请使用新版Excel2024查看图片"",_xlfn.IMAGE(""https://ir.ozone.ru/s3/multimedia-1-c/wc300/11783067888.jpg""))"
B40,"=IF(ISERROR(_xlfn.IMAGE(""https://ir.ozone.ru/s3/multimedia-1-0/wc300/12876205212.jpg"")),""请使用新版Excel2024查看图片"",_xlfn.IMAGE(""https://ir.ozone.ru/s3/multimedia-1-0/wc300/12876205212.jpg""))"
B41,"=IF(ISERROR(_xlfn.IMAGE(""https://ir.ozone.ru/s3/multimedia-1-9/wc300/10090297953.jpg"")),""请使用新版Excel2024查看图片"",_xlfn.IMAGE(""https://ir.ozone.ru/s3/multimedia-1-9/wc300/10090297953.jpg""))"
B42,"=IF(ISERROR(_xlfn.IMAGE(""https://ir.ozone.ru/s3/multimedia-1-n/wc300/14848932299.jpg"")),""请使用新版Excel2024查看图片"",_xlfn.IMAGE(""https://ir.ozone.ru/s3/multimedia-1-n/wc300/14848932299.jpg""))"
B43,"=IF(ISERROR(_xlfn.IMAGE(""https://ir.ozone.ru/s3/multimedia-1-j/wc300/10090253359.jpg"")),""请使用新版Excel2024查看图片"",_xlfn.IMAGE(""https://ir.ozone.ru/s3/multimedia-1-j/wc300/10090253359.jpg""))"
B44,"=IF(ISERROR(_xlfn.IMAGE(""https://ir.ozone.ru/s3/multimedia-1-p/wc300/12226165297.jpg"")),""请使用新版Excel2024查看图片"",_xlfn.IMAGE(""https://ir.ozone.ru/s3/multimedia-1-p/wc300/12226165297.jpg""))"
B45,"=IF(ISERROR(_xlfn.IMAGE(""https://ir.ozone.ru/s3/multimedia-1-d/wc300/11018728309.jpg"")),""请使用新版Excel2024查看图片"",_xlfn.IMAGE(""https://ir.ozone.ru/s3/multimedia-1-d/wc300/11018728309.jpg""))"
B46,"=IF(ISERROR(_xlfn.IMAGE(""https://ir.ozone.ru/s3/multimedia-1-r/wc300/8370823851.jpg"")),""请使用新版Excel2024查看图片"",_xlfn.IMAGE(""https://ir.ozone.ru/s3/multimedia-1-r/wc300/8370823851.jpg""))"
B47,"=IF(ISERROR(_xlfn.IMAGE(""https://ir.ozone.ru/s3/multimedia-1-w/wc300/9992478344.jpg"")),""请使用新版Excel2024查看图片"",_xlfn.IMAGE(""https://ir.ozone.ru/s3/multimedia-1-w/wc300/9992478344.jpg""))"
B48,"=IF(ISERROR(_xlfn.IMAGE(""https://ir.ozone.ru/s3/multimedia-1-c/wc300/8088143124.jpg"")),""请使用新版Excel2024查看图片"",_xlfn.IMAGE(""https://ir.ozone.ru/s3/multimedia-1-c/wc300/8088143124.jpg""))"
B49,"=IF(ISERROR(_xlfn.IMAGE(""https://ir.ozone.ru/s3/multimedia-1-t/wc300/9022804445.jpg"")),""请使用新版Excel2024查看图片"",_xlfn.IMAGE(""https://ir.ozone.ru/s3/multimedia-1-t/wc300/9022804445.jpg""))"
B50,"=IF(ISERROR(_xlfn.IMAGE(""https://ir.ozone.ru/s3/multimedia-1-3/wc300/13564800471.jpg"")),""请使用新版Excel2024查看图片"",_xlfn.IMAGE(""https://ir.ozone.ru/s3/multimedia-1-3/wc300/13564800471.jpg""))"
B51,"=IF(ISERROR(_xlfn.IMAGE(""https://ir.ozone.ru/s3/multimedia-1-l/wc300/11014170393.jpg"")),""请使用新版Excel2024查看图片"",_xlfn.IMAGE(""https://ir.ozone.ru/s3/multimedia-1-l/wc300/11014170393.jpg""))"
B52,"=IF(ISERROR(_xlfn.IMAGE(""https://ir.ozone.ru/s3/multimedia-1-b/wc300/11470095875.jpg"")),""请使用新版Excel2024查看图片"",_xlfn.IMAGE(""https://ir.ozone.ru/s3/multimedia-1-b/wc300/11470095875.jpg""))"
B53,"=IF(ISERROR(_xlfn.IMAGE(""https://ir.ozone.ru/s3/multimedia-1-t/wc300/13254885461.jpg"")),""请使用新版Excel2024查看图片"",_xlfn.IMAGE(""https://ir.ozone.ru/s3/multimedia-1-t/wc300/13254885461.jpg""))"
B54,"=IF(ISERROR(_xlfn.IMAGE(""https://ir.ozone.ru/s3/multimedia-1-0/wc300/12876026184.jpg"")),""请使用新版Excel2024查看图片"",_xlfn.IMAGE(""https://ir.ozone.ru/s3/multimedia-1-0/wc300/12876026184.jpg""))"
B55,"=IF(ISERROR(_xlfn.IMAGE(""https://ir.ozone.ru/s3/multimedia-1-0/wc300/11018864772.jpg"")),""请使用新版Excel2024查看图片"",_xlfn.IMAGE(""https://ir.ozone.ru/s3/multimedia-1-0/wc300/11018864772.jpg""))"
B56,"=IF(ISERROR(_xlfn.IMAGE(""https://ir.ozone.ru/s3/multimedia-1-4/wc300/12778968820.jpg"")),""请使用新版Excel2024查看图片"",_xlfn.IMAGE(""https://ir.ozone.ru/s3/multimedia-1-4/wc300/12778968820.jpg""))"
B57,"=IF(ISERROR(_xlfn.IMAGE(""https://ir.ozone.ru/s3/multimedia-1-f/wc300/14923209435.jpg"")),""请使用新版Excel2024查看图片"",_xlfn.IMAGE(""https://ir.ozone.ru/s3/multimedia-1-f/wc300/14923209435.jpg""))"
B58,"=IF(ISERROR(_xlfn.IMAGE(""https://ir.ozone.ru/s3/multimedia-1-p/wc300/9022865209.jpg"")),""请使用新版Excel2024查看图片"",_xlfn.IMAGE(""https://ir.ozone.ru/s3/multimedia-1-p/wc300/9022865209.jpg""))"
B59,"=IF(ISERROR(_xlfn.IMAGE(""https://ir.ozone.ru/s3/multimedia-1-u/wc300/9992447814.jpg"")),""请使用新版Excel2024查看图片"",_xlfn.IMAGE(""https://ir.ozone.ru/s3/multimedia-1-u/wc300/9992447814.jpg""))"
B60,"=IF(ISERROR(_xlfn.IMAGE(""https://ir.ozone.ru/s3/multimedia-1-x/wc300/12722870085.jpg"")),""请使用新版Excel2024查看图片"",_xlfn.IMAGE(""https://ir.ozone.ru/s3/multimedia-1-x/wc300/12722870085.jpg""))"
B61,"=IF(ISERROR(_xlfn.IMAGE(""https://ir-20.ozone.ru/s3/multimedia-1-f/wc300/15060100803.jpg"")),""请使用新版Excel2024查看图片"",_xlfn.IMAGE(""https://ir-20.ozone.ru/s3/multimedia-1-f/wc300/15060100803.jpg""))"
B62,"=IF(ISERROR(_xlfn.IMAGE(""https://ir-20.ozone.ru/s3/multimedia-1-i/wc300/12993105510.jpg"")),""请使用新版Excel2024查看图片"",_xlfn.IMAGE(""https://ir-20.ozone.ru/s3/multimedia-1-i/wc300/12993105510.jpg""))"
B63,"=IF(ISERROR(_xlfn.IMAGE(""https://ir-20.ozone.ru/s3/multimedia-1-n/wc300/10090283027.jpg"")),""请使用新版Excel2024查看图片"",_xlfn.IMAGE(""https://ir-20.ozone.ru/s3/multimedia-1-n/wc300/10090283027.jpg""))"
B64,"=IF(ISERROR(_xlfn.IMAGE(""https://ir.ozone.ru/s3/multimedia-1-s/wc300/12981254896.jpg"")),""请使用新版Excel2024查看图片"",_xlfn.IMAGE(""https://ir.ozone.ru/s3/multimedia-1-s/wc300/12981254896.jpg""))"
B65,"=IF(ISERROR(_xlfn.IMAGE(""https://ir.ozone.ru/s3/multimedia-1-a/wc300/11783155006.jpg"")),""请使用新版Excel2024查看图片"",_xlfn.IMAGE(""https://ir.ozone.ru/s3/multimedia-1-a/wc300/11783155006.jpg""))"
B66,"=IF(ISERROR(_xlfn.IMAGE(""https://ir.ozone.ru/s3/multimedia-1-5/wc300/11783074757.jpg"")),""请使用新版Excel2024查看图片"",_xlfn.IMAGE(""https://ir.ozone.ru/s3/multimedia-1-5/wc300/11783074757.jpg""))"
B67,"=IF(ISERROR(_xlfn.IMAGE(""https://ir.ozone.ru/s3/multimedia-1-j/wc300/9022849003.jpg"")),""请使用新版Excel2024查看图片"",_xlfn.IMAGE(""https://ir.ozone.ru/s3/multimedia-1-j/wc300/9022849003.jpg""))"
B68,"=IF(ISERROR(_xlfn.IMAGE(""https://ir.ozone.ru/s3/multimedia-1-x/wc300/13125007977.jpg"")),""请使用新版Excel2024查看图片"",_xlfn.IMAGE(""https://ir.ozone.ru/s3/multimedia-1-x/wc300/13125007977.jpg""))"
B69,"=IF(ISERROR(_xlfn.IMAGE(""https://ir.ozone.ru/s3/multimedia-1-r/wc300/14777846523.jpg"")),""请使用新版Excel2024查看图片"",_xlfn.IMAGE(""https://ir.ozone.ru/s3/multimedia-1-r/wc300/14777846523.jpg""))"
B70,"=IF(ISERROR(_xlfn.IMAGE(""https://ir-20.ozone.ru/s3/multimedia-1-f/wc300/11476802787.jpg"")),""请使用新版Excel2024查看图片"",_xlfn.IMAGE(""https://ir-20.ozone.ru/s3/multimedia-1-f/wc300/11476802787.jpg""))"
B71,"=IF(ISERROR(_xlfn.IMAGE(""https://ir.ozone.ru/s3/multimedia-1-2/wc300/7942156814.jpg"")),""请使用新版Excel2024查看图片"",_xlfn.IMAGE(""https://ir.ozone.ru/s3/multimedia-1-2/wc300/7942156814.jpg""))"
B72,"=IF(ISERROR(_xlfn.IMAGE(""https://ir.ozone.ru/s3/multimedia-1-o/wc300/8394805608.jpg"")),""请使用新版Excel2024查看图片"",_xlfn.IMAGE(""https://ir.ozone.ru/s3/multimedia-1-o/wc300/8394805608.jpg""))"
B73,"=IF(ISERROR(_xlfn.IMAGE(""https://ir.ozone.ru/s3/multimedia-1-p/wc300/11783065525.jpg"")),""请使用新版Excel2024查看图片"",_xlfn.IMAGE(""https://ir.ozone.ru/s3/multimedia-1-p/wc300/11783065525.jpg""))"
B74,"=IF(ISERROR(_xlfn.IMAGE(""https://ir.ozone.ru/s3/multimedia-1-a/wc300/9971174386.jpg"")),""请使用新版Excel2024查看图片"",_xlfn.IMAGE(""https://ir.ozone.ru/s3/multimedia-1-a/wc300/9971174386.jpg""))"
B75,"=IF(ISERROR(_xlfn.IMAGE(""https://ir.ozone.ru/s3/multimedia-1-s/wc300/11783060488.jpg"")),""请使用新版Excel2024查看图片"",_xlfn.IMAGE(""https://ir.ozone.ru/s3/multimedia-1-s/wc300/11783060488.jpg""))"
B76,"=IF(ISERROR(_xlfn.IMAGE(""https://ir-20.ozone.ru/s3/multimedia-1-q/wc300/13074424442.jpg"")),""请使用新版Excel2024查看图片"",_xlfn.IMAGE(""https://ir-20.ozone.ru/s3/multimedia-1-q/wc300/13074424442.jpg""))"
B77,"=IF(ISERROR(_xlfn.IMAGE(""https://ir.ozone.ru/s3/multimedia-1-b/wc300/10088407955.jpg"")),""请使用新版Excel2024查看图片"",_xlfn.IMAGE(""https://ir.ozone.ru/s3/multimedia-1-b/wc300/10088407955.jpg""))"
B78,"=IF(ISERROR(_xlfn.IMAGE(""https://ir.ozone.ru/s3/multimedia-1-c/wc300/13407897252.jpg"")),""请使用新版Excel2024查看图片"",_xlfn.IMAGE(""https://ir.ozone.ru/s3/multimedia-1-c/wc300/13407897252.jpg""))"
B79,"=IF(ISERROR(_xlfn.IMAGE(""https://ir-20.ozone.ru/s3/multimedia-1-w/wc300/14324440352.jpg"")),""请使用新版Excel2024查看图片"",_xlfn.IMAGE(""https://ir-20.ozone.ru/s3/multimedia-1-w/wc300/14324440352.jpg""))"
B80,"=IF(ISERROR(_xlfn.IMAGE(""https://ir.ozone.ru/s3/multimedia-1-c/wc300/12794398644.jpg"")),""请使用新版Excel2024查看图片"",_xlfn.IMAGE(""https://ir.ozone.ru/s3/multimedia-1-c/wc300/12794398644.jpg""))"
B81,"=IF(ISERROR(_xlfn.IMAGE(""https://ir.ozone.ru/s3/multimedia-1-v/wc300/10247989675.jpg"")),""请使用新版Excel2024查看图片"",_xlfn.IMAGE(""https://ir.ozone.ru/s3/multimedia-1-v/wc300/10247989675.jpg""))"
B82,"=IF(ISERROR(_xlfn.IMAGE(""https://ir.ozone.ru/s3/multimedia-1-n/wc300/13105325183.jpg"")),""请使用新版Excel2024查看图片"",_xlfn.IMAGE(""https://ir.ozone.ru/s3/multimedia-1-n/wc300/13105325183.jpg""))"
B83,"=IF(ISERROR(_xlfn.IMAGE(""https://ir.ozone.ru/s3/multimedia-1-8/wc300/13613136344.jpg"")),""请使用新版Excel2024查看图片"",_xlfn.IMAGE(""https://ir.ozone.ru/s3/multimedia-1-8/wc300/13613136344.jpg""))"
B84,"=IF(ISERROR(_xlfn.IMAGE(""https://ir.ozone.ru/s3/multimedia-1-p/wc300/9022823521.jpg"")),""请使用新版Excel2024查看图片"",_xlfn.IMAGE(""https://ir.ozone.ru/s3/multimedia-1-p/wc300/9022823521.jpg""))"
B85,"=IF(ISERROR(_xlfn.IMAGE(""https://ir.ozone.ru/s3/multimedia-1-h/wc300/11014176005.jpg"")),""请使用新版Excel2024查看图片"",_xlfn.IMAGE(""https://ir.ozone.ru/s3/multimedia-1-h/wc300/11014176005.jpg""))"
B86,"=IF(ISERROR(_xlfn.IMAGE(""https://ir.ozone.ru/s3/multimedia-1-g/wc300/8391789916.jpg"")),""请使用新版Excel2024查看图片"",_xlfn.IMAGE(""https://ir.ozone.ru/s3/multimedia-1-g/wc300/8391789916.jpg""))"
B87,"=IF(ISERROR(_xlfn.IMAGE(""https://ir.ozone.ru/s3/multimedia-1-s/wc300/9182184472.jpg"")),""请使用新版Excel2024查看图片"",_xlfn.IMAGE(""https://ir.ozone.ru/s3/multimedia-1-s/wc300/9182184472.jpg""))"
B88,"=IF(ISERROR(_xlfn.IMAGE(""https://ir.ozone.ru/s3/multimedia-1-y/wc300/9868458742.jpg"")),""请使用新版Excel2024查看图片"",_xlfn.IMAGE(""https://ir.ozone.ru/s3/multimedia-1-y/wc300/9868458742.jpg""))"
B89,"=IF(ISERROR(_xlfn.IMAGE(""https://ir.ozone.ru/s3/multimedia-s/wc300/6838616188.jpg"")),""请使用新版Excel2024查看图片"",_xlfn.IMAGE(""https://ir.ozone.ru/s3/multimedia-s/wc300/6838616188.jpg""))"
B90,"=IF(ISERROR(_xlfn.IMAGE(""https://ir.ozone.ru/s3/multimedia-1-l/wc300/11642460753.jpg"")),""请使用新版Excel2024查看图片"",_xlfn.IMAGE(""https://ir.ozone.ru/s3/multimedia-1-l/wc300/11642460753.jpg""))"
B91,"=IF(ISERROR(_xlfn.IMAGE(""https://ir.ozone.ru/s3/multimedia-1-r/wc300/7228131363.jpg"")),""请使用新版Excel2024查看图片"",_xlfn.IMAGE(""https://ir.ozone.ru/s3/multimedia-1-r/wc300/7228131363.jpg""))"
B92,"=IF(ISERROR(_xlfn.IMAGE(""https://ir.ozone.ru/s3/multimedia-1-o/wc300/8824930476.jpg"")),""请使用新版Excel2024查看图片"",_xlfn.IMAGE(""https://ir.ozone.ru/s3/multimedia-1-o/wc300/8824930476.jpg""))"
B93,"=IF(ISERROR(_xlfn.IMAGE(""https://ir.ozone.ru/s3/multimedia-1-1/wc300/7208083405.jpg"")),""请使用新版Excel2024查看图片"",_xlfn.IMAGE(""https://ir.ozone.ru/s3/multimedia-1-1/wc300/7208083405.jpg""))"
B94,"=IF(ISERROR(_xlfn.IMAGE(""https://ir.ozone.ru/s3/multimedia-1-o/wc300/7228132116.jpg"")),""请使用新版Excel2024查看图片"",_xlfn.IMAGE(""https://ir.ozone.ru/s3/multimedia-1-o/wc300/7228132116.jpg""))"
B95,"=IF(ISERROR(_xlfn.IMAGE(""https://ir.ozone.ru/s3/multimedia-1-i/wc300/8569318662.jpg"")),""请使用新版Excel2024查看图片"",_xlfn.IMAGE(""https://ir.ozone.ru/s3/multimedia-1-i/wc300/8569318662.jpg""))"
B96,"=IF(ISERROR(_xlfn.IMAGE(""https://ir.ozone.ru/s3/multimedia-1-l/wc300/11476977465.jpg"")),""请使用新版Excel2024查看图片"",_xlfn.IMAGE(""https://ir.ozone.ru/s3/multimedia-1-l/wc300/11476977465.jpg""))"
B97,"=IF(ISERROR(_xlfn.IMAGE(""https://ir.ozone.ru/s3/multimedia-1-p/wc300/13672930165.jpg"")),""请使用新版Excel2024查看图片"",_xlfn.IMAGE(""https://ir.ozone.ru/s3/multimedia-1-p/wc300/13672930165.jpg""))"
B98,"=IF(ISERROR(_xlfn.IMAGE(""https://ir.ozone.ru/s3/multimedia-1-g/wc300/8568634120.jpg"")),""请使用新版Excel2024查看图片"",_xlfn.IMAGE(""https://ir.ozone.ru/s3/multimedia-1-g/wc300/8568634120.jpg""))"
B99,"=IF(ISERROR(_xlfn.IMAGE(""https://ir.ozone.ru/s3/multimedia-1-u/wc300/9038492958.jpg"")),""请使用新版Excel2024查看图片"",_xlfn.IMAGE(""https://ir.ozone.ru/s3/multimedia-1-u/wc300/9038492958.jpg""))"
B100,"=IF(ISERROR(_xlfn.IMAGE(""https://ir.ozone.ru/s3/multimedia-1-c/wc300/8822924436.jpg"")),""请使用新版Excel2024查看图片"",_xlfn.IMAGE(""https://ir.ozone.ru/s3/multimedia-1-c/wc300/8822924436.jpg""))"
B101,"=IF(ISERROR(_xlfn.IMAGE(""https://ir.ozone.ru/s3/multimedia-1-3/wc300/11476672959.jpg"")),""请使用新版Excel2024查看图片"",_xlfn.IMAGE(""https://ir.ozone.ru/s3/multimedia-1-3/wc300/11476672959.jpg""))"
B102,"=IF(ISERROR(_xlfn.IMAGE(""https://ir.ozone.ru/s3/multimedia-1-r/wc300/12346729479.jpg"")),""请使用新版Excel2024查看图片"",_xlfn.IMAGE(""https://ir.ozone.ru/s3/multimedia-1-r/wc300/12346729479.jpg""))"
B103,"=IF(ISERROR(_xlfn.IMAGE(""https://ir.ozone.ru/s3/multimedia-1-v/wc300/13694174851.jpg"")),""请使用新版Excel2024查看图片"",_xlfn.IMAGE(""https://ir.ozone.ru/s3/multimedia-1-v/wc300/13694174851.jpg""))"
B104,"=IF(ISERROR(_xlfn.IMAGE(""https://ir.ozone.ru/s3/multimedia-1-x/wc300/7497721617.jpg"")),""请使用新版Excel2024查看图片"",_xlfn.IMAGE(""https://ir.ozone.ru/s3/multimedia-1-x/wc300/7497721617.jpg""))"
B105,"=IF(ISERROR(_xlfn.IMAGE(""https://ir.ozone.ru/s3/multimedia-1-g/wc300/14081560324.jpg"")),""请使用新版Excel2024查看图片"",_xlfn.IMAGE(""https://ir.ozone.ru/s3/multimedia-1-g/wc300/14081560324.jpg""))"
B106,"=IF(ISERROR(_xlfn.IMAGE(""https://ir.ozone.ru/s3/multimedia-1-3/wc300/13267667091.jpg"")),""请使用新版Excel2024查看图片"",_xlfn.IMAGE(""https://ir.ozone.ru/s3/multimedia-1-3/wc300/13267667091.jpg""))"
B107,"=IF(ISERROR(_xlfn.IMAGE(""https://ir-20.ozone.ru/s3/multimedia-1-s/wc300/11812660696.jpg"")),""请使用新版Excel2024查看图片"",_xlfn.IMAGE(""https://ir-20.ozone.ru/s3/multimedia-1-s/wc300/11812660696.jpg""))"
B108,"=IF(ISERROR(_xlfn.IMAGE(""https://ir.ozone.ru/s3/multimedia-1-x/wc300/9029920893.jpg"")),""请使用新版Excel2024查看图片"",_xlfn.IMAGE(""https://ir.ozone.ru/s3/multimedia-1-x/wc300/9029920893.jpg""))"
B109,"=IF(ISERROR(_xlfn.IMAGE(""https://ir.ozone.ru/s3/multimedia-1-y/wc300/9182180698.jpg"")),""请使用新版Excel2024查看图片"",_xlfn.IMAGE(""https://ir.ozone.ru/s3/multimedia-1-y/wc300/9182180698.jpg""))"
B110,"=IF(ISERROR(_xlfn.IMAGE(""https://ir.ozone.ru/s3/multimedia-1-g/wc300/8003262832.jpg"")),""请使用新版Excel2024查看图片"",_xlfn.IMAGE(""https://ir.ozone.ru/s3/multimedia-1-g/wc300/8003262832.jpg""))"
B111,"=IF(ISERROR(_xlfn.IMAGE(""https://ir.ozone.ru/s3/multimedia-1-r/wc300/11014169643.jpg"")),""请使用新版Excel2024查看图片"",_xlfn.IMAGE(""https://ir.ozone.ru/s3/multimedia-1-r/wc300/11014169643.jpg""))"
B112,"=IF(ISERROR(_xlfn.IMAGE(""https://ir.ozone.ru/s3/multimedia-1-3/wc300/13467111555.jpg"")),""请使用新版Excel2024查看图片"",_xlfn.IMAGE(""https://ir.ozone.ru/s3/multimedia-1-3/wc300/13467111555.jpg""))"
B113,"=IF(ISERROR(_xlfn.IMAGE(""https://ir.ozone.ru/s3/multimedia-1-j/wc300/14959493371.jpg"")),""请使用新版Excel2024查看图片"",_xlfn.IMAGE(""https://ir.ozone.ru/s3/multimedia-1-j/wc300/14959493371.jpg""))"
B114,"=IF(ISERROR(_xlfn.IMAGE(""https://ir.ozone.ru/s3/multimedia-1-e/wc300/7013886782.jpg"")),""请使用新版Excel2024查看图片"",_xlfn.IMAGE(""https://ir.ozone.ru/s3/multimedia-1-e/wc300/7013886782.jpg""))"
B115,"=IF(ISERROR(_xlfn.IMAGE(""https://ir.ozone.ru/s3/multimedia-1-s/wc300/10243752976.jpg"")),""请使用新版Excel2024查看图片"",_xlfn.IMAGE(""https://ir.ozone.ru/s3/multimedia-1-s/wc300/10243752976.jpg""))"
B116,"=IF(ISERROR(_xlfn.IMAGE(""https://ir.ozone.ru/s3/multimedia-1-d/wc300/10434100261.jpg"")),""请使用新版Excel2024查看图片"",_xlfn.IMAGE(""https://ir.ozone.ru/s3/multimedia-1-d/wc300/10434100261.jpg""))"
B117,"=IF(ISERROR(_xlfn.IMAGE(""https://ir.ozone.ru/s3/multimedia-1-b/wc300/7199700239.jpg"")),""请使用新版Excel2024查看图片"",_xlfn.IMAGE(""https://ir.ozone.ru/s3/multimedia-1-b/wc300/7199700239.jpg""))"
B118,"=IF(ISERROR(_xlfn.IMAGE(""https://ir.ozone.ru/s3/multimedia-1-j/wc300/13066868575.jpg"")),""请使用新版Excel2024查看图片"",_xlfn.IMAGE(""https://ir.ozone.ru/s3/multimedia-1-j/wc300/13066868575.jpg""))"
B119,"=IF(ISERROR(_xlfn.IMAGE(""https://ir.ozone.ru/s3/multimedia-1-e/wc300/9827168378.jpg"")),""请使用新版Excel2024查看图片"",_xlfn.IMAGE(""https://ir.ozone.ru/s3/multimedia-1-e/wc300/9827168378.jpg""))"
B120,"=IF(ISERROR(_xlfn.IMAGE(""https://ir.ozone.ru/s3/multimedia-0/wc300/6723263448.jpg"")),""请使用新版Excel2024查看图片"",_xlfn.IMAGE(""https://ir.ozone.ru/s3/multimedia-0/wc300/6723263448.jpg""))"
B121,"=IF(ISERROR(_xlfn.IMAGE(""https://ir.ozone.ru/s3/multimedia-1-h/wc300/13997363885.jpg"")),""请使用新版Excel2024查看图片"",_xlfn.IMAGE(""https://ir.ozone.ru/s3/multimedia-1-h/wc300/13997363885.jpg""))"
B122,"=IF(ISERROR(_xlfn.IMAGE(""https://ir.ozone.ru/s3/multimedia-1-7/wc300/11764639483.jpg"")),""请使用新版Excel2024查看图片"",_xlfn.IMAGE(""https://ir.ozone.ru/s3/multimedia-1-7/wc300/11764639483.jpg""))"
B123,"=IF(ISERROR(_xlfn.IMAGE(""https://ir-20.ozone.ru/s3/multimedia-2/wc300/6824762462.jpg"")),""请使用新版Excel2024查看图片"",_xlfn.IMAGE(""https://ir-20.ozone.ru/s3/multimedia-2/wc300/6824762462.jpg""))"
B124,"=IF(ISERROR(_xlfn.IMAGE(""https://ir.ozone.ru/s3/multimedia-1-y/wc300/7652959558.jpg"")),""请使用新版Excel2024查看图片"",_xlfn.IMAGE(""https://ir.ozone.ru/s3/multimedia-1-y/wc300/7652959558.jpg""))"
B125,"=IF(ISERROR(_xlfn.IMAGE(""https://ir.ozone.ru/s3/multimedia-1-0/wc300/8899579044.jpg"")),""请使用新版Excel2024查看图片"",_xlfn.IMAGE(""https://ir.ozone.ru/s3/multimedia-1-0/wc300/8899579044.jpg""))"
B126,"=IF(ISERROR(_xlfn.IMAGE(""https://ir.ozone.ru/s3/multimedia-1-u/wc300/9239495430.jpg"")),""请使用新版Excel2024查看图片"",_xlfn.IMAGE(""https://ir.ozone.ru/s3/multimedia-1-u/wc300/9239495430.jpg""))"
B127,"=IF(ISERROR(_xlfn.IMAGE(""https://ir.ozone.ru/s3/multimedia-1-2/wc300/13884069314.jpg"")),""请使用新版Excel2024查看图片"",_xlfn.IMAGE(""https://ir.ozone.ru/s3/multimedia-1-2/wc300/13884069314.jpg""))"
B128,"=IF(ISERROR(_xlfn.IMAGE(""https://ir-20.ozone.ru/s3/multimedia-1-x/wc300/8396807865.jpg"")),""请使用新版Excel2024查看图片"",_xlfn.IMAGE(""https://ir-20.ozone.ru/s3/multimedia-1-x/wc300/8396807865.jpg""))"
B129,"=IF(ISERROR(_xlfn.IMAGE(""https://ir.ozone.ru/s3/multimedia-1-m/wc300/7652959618.jpg"")),""请使用新版Excel2024查看图片"",_xlfn.IMAGE(""https://ir.ozone.ru/s3/multimedia-1-m/wc300/7652959618.jpg""))"
B130,"=IF(ISERROR(_xlfn.IMAGE(""https://ir.ozone.ru/s3/multimedia-1-0/wc300/13565003220.jpg"")),""请使用新版Excel2024查看图片"",_xlfn.IMAGE(""https://ir.ozone.ru/s3/multimedia-1-0/wc300/13565003220.jpg""))"
B131,"=IF(ISERROR(_xlfn.IMAGE(""https://ir.ozone.ru/s3/multimedia-1-d/wc300/14778098473.jpg"")),""请使用新版Excel2024查看图片"",_xlfn.IMAGE(""https://ir.ozone.ru/s3/multimedia-1-d/wc300/14778098473.jpg""))"
B132,"=IF(ISERROR(_xlfn.IMAGE(""https://ir.ozone.ru/s3/multimedia-1-t/wc300/15128445197.jpg"")),""请使用新版Excel2024查看图片"",_xlfn.IMAGE(""https://ir.ozone.ru/s3/multimedia-1-t/wc300/15128445197.jpg""))"
B133,"=IF(ISERROR(_xlfn.IMAGE(""https://ir.ozone.ru/s3/multimedia-1-v/wc300/10172979463.jpg"")),""请使用新版Excel2024查看图片"",_xlfn.IMAGE(""https://ir.ozone.ru/s3/multimedia-1-v/wc300/10172979463.jpg""))"
B134,"=IF(ISERROR(_xlfn.IMAGE(""https://ir-20.ozone.ru/s3/multimedia-1-f/wc300/7433277639.jpg"")),""请使用新版Excel2024查看图片"",_xlfn.IMAGE(""https://ir-20.ozone.ru/s3/multimedia-1-f/wc300/7433277639.jpg""))"
B135,"=IF(ISERROR(_xlfn.IMAGE(""https://ir.ozone.ru/s3/multimedia-1-g/wc300/11702291668.jpg"")),""请使用新版Excel2024查看图片"",_xlfn.IMAGE(""https://ir.ozone.ru/s3/multimedia-1-g/wc300/11702291668.jpg""))"
B136,"=IF(ISERROR(_xlfn.IMAGE(""https://ir.ozone.ru/s3/multimedia-1-b/wc300/13392823655.jpg"")),""请使用新版Excel2024查看图片"",_xlfn.IMAGE(""https://ir.ozone.ru/s3/multimedia-1-b/wc300/13392823655.jpg""))"
B137,"=IF(ISERROR(_xlfn.IMAGE(""https://ir.ozone.ru/s3/multimedia-1-n/wc300/11217258095.jpg"")),""请使用新版Excel2024查看图片"",_xlfn.IMAGE(""https://ir.ozone.ru/s3/multimedia-1-n/wc300/11217258095.jpg""))"
B138,"=IF(ISERROR(_xlfn.IMAGE(""https://ir.ozone.ru/s3/multimedia-1-r/wc300/12824503011.jpg"")),""请使用新版Excel2024查看图片"",_xlfn.IMAGE(""https://ir.ozone.ru/s3/multimedia-1-r/wc300/12824503011.jpg""))"
B139,"=IF(ISERROR(_xlfn.IMAGE(""https://ir.ozone.ru/s3/multimedia-1-j/wc300/11979374059.jpg"")),""请使用新版Excel2024查看图片"",_xlfn.IMAGE(""https://ir.ozone.ru/s3/multimedia-1-j/wc300/11979374059.jpg""))"
B140,"=IF(ISERROR(_xlfn.IMAGE(""https://ir.ozone.ru/s3/multimedia-1-l/wc300/7252203945.jpg"")),""请使用新版Excel2024查看图片"",_xlfn.IMAGE(""https://ir.ozone.ru/s3/multimedia-1-l/wc300/7252203945.jpg""))"
B141,"=IF(ISERROR(_xlfn.IMAGE(""https://ir.ozone.ru/s3/multimedia-1-5/wc300/11498385353.jpg"")),""请使用新版Excel2024查看图片"",_xlfn.IMAGE(""https://ir.ozone.ru/s3/multimedia-1-5/wc300/11498385353.jpg""))"
B142,"=IF(ISERROR(_xlfn.IMAGE(""https://ir.ozone.ru/s3/multimedia-1-1/wc300/10090258849.jpg"")),""请使用新版Excel2024查看图片"",_xlfn.IMAGE(""https://ir.ozone.ru/s3/multimedia-1-1/wc300/10090258849.jpg""))"
B143,"=IF(ISERROR(_xlfn.IMAGE(""https://ir.ozone.ru/s3/multimedia-1-q/wc300/9132864938.jpg"")),""请使用新版Excel2024查看图片"",_xlfn.IMAGE(""https://ir.ozone.ru/s3/multimedia-1-q/wc300/9132864938.jpg""))"
B144,"=IF(ISERROR(_xlfn.IMAGE(""https://ir.ozone.ru/s3/multimedia-1-i/wc300/7497727722.jpg"")),""请使用新版Excel2024查看图片"",_xlfn.IMAGE(""https://ir.ozone.ru/s3/multimedia-1-i/wc300/7497727722.jpg""))"
B145,"=IF(ISERROR(_xlfn.IMAGE(""https://ir.ozone.ru/s3/multimedia-1-p/wc300/8582282737.jpg"")),""请使用新版Excel2024查看图片"",_xlfn.IMAGE(""https://ir.ozone.ru/s3/multimedia-1-p/wc300/8582282737.jpg""))"
B146,"=IF(ISERROR(_xlfn.IMAGE(""https://ir.ozone.ru/s3/multimedia-s/wc300/6626793484.jpg"")),""请使用新版Excel2024查看图片"",_xlfn.IMAGE(""https://ir.ozone.ru/s3/multimedia-s/wc300/6626793484.jpg""))"
B147,"=IF(ISERROR(_xlfn.IMAGE(""https://ir.ozone.ru/s3/multimedia-1-d/wc300/13940374225.jpg"")),""请使用新版Excel2024查看图片"",_xlfn.IMAGE(""https://ir.ozone.ru/s3/multimedia-1-d/wc300/13940374225.jpg""))"
B148,"=IF(ISERROR(_xlfn.IMAGE(""https://ir.ozone.ru/s3/multimedia-1-n/wc300/10090283027.jpg"")),""请使用新版Excel2024查看图片"",_xlfn.IMAGE(""https://ir.ozone.ru/s3/multimedia-1-n/wc300/10090283027.jpg""))"
B149,"=IF(ISERROR(_xlfn.IMAGE(""https://ir.ozone.ru/s3/multimedia-1-j/wc300/11306415835.jpg"")),""请使用新版Excel2024查看图片"",_xlfn.IMAGE(""https://ir.ozone.ru/s3/multimedia-1-j/wc300/11306415835.jpg""))"
B150,"=IF(ISERROR(_xlfn.IMAGE(""https://ir.ozone.ru/s3/multimedia-1-i/wc300/13474801818.jpg"")),""请使用新版Excel2024查看图片"",_xlfn.IMAGE(""https://ir.ozone.ru/s3/multimedia-1-i/wc300/13474801818.jpg""))"
B151,"=IF(ISERROR(_xlfn.IMAGE(""https://ir-20.ozone.ru/s3/multimedia-1-t/wc300/13695030065.jpg"")),""请使用新版Excel2024查看图片"",_xlfn.IMAGE(""https://ir-20.ozone.ru/s3/multimedia-1-t/wc300/13695030065.jpg""))"
B152,"=IF(ISERROR(_xlfn.IMAGE(""https://ir.ozone.ru/s3/multimedia-1-b/wc300/7497708743.jpg"")),""请使用新版Excel2024查看图片"",_xlfn.IMAGE(""https://ir.ozone.ru/s3/multimedia-1-b/wc300/7497708743.jpg""))"
B153,"=IF(ISERROR(_xlfn.IMAGE(""https://ir.ozone.ru/s3/multimedia-1-s/wc300/13616214148.jpg"")),""请使用新版Excel2024查看图片"",_xlfn.IMAGE(""https://ir.ozone.ru/s3/multimedia-1-s/wc300/13616214148.jpg""))"
B154,"=IF(ISERROR(_xlfn.IMAGE(""https://ir.ozone.ru/s3/multimedia-1-1/wc300/11441838169.jpg"")),""请使用新版Excel2024查看图片"",_xlfn.IMAGE(""https://ir.ozone.ru/s3/multimedia-1-1/wc300/11441838169.jpg""))"
B155,"=IF(ISERROR(_xlfn.IMAGE(""https://ir.ozone.ru/s3/multimedia-1-z/wc300/7238663711.jpg"")),""请使用新版Excel2024查看图片"",_xlfn.IMAGE(""https://ir.ozone.ru/s3/multimedia-1-z/wc300/7238663711.jpg""))"
B156,"=IF(ISERROR(_xlfn.IMAGE(""https://ir.ozone.ru/s3/multimedia-1-n/wc300/13488688967.jpg"")),""请使用新版Excel2024查看图片"",_xlfn.IMAGE(""https://ir.ozone.ru/s3/multimedia-1-n/wc300/13488688967.jpg""))"
B157,"=IF(ISERROR(_xlfn.IMAGE(""https://ir.ozone.ru/s3/multimedia-1-f/wc300/7208083383.jpg"")),""请使用新版Excel2024查看图片"",_xlfn.IMAGE(""https://ir.ozone.ru/s3/multimedia-1-f/wc300/7208083383.jpg""))"
B158,"=IF(ISERROR(_xlfn.IMAGE(""https://ir.ozone.ru/s3/multimedia-1-m/wc300/15097857070.jpg"")),""请使用新版Excel2024查看图片"",_xlfn.IMAGE(""https://ir.ozone.ru/s3/multimedia-1-m/wc300/15097857070.jpg""))"
B159,"=IF(ISERROR(_xlfn.IMAGE(""https://ir.ozone.ru/s3/multimedia-1-x/wc300/8249949717.jpg"")),""请使用新版Excel2024查看图片"",_xlfn.IMAGE(""https://ir.ozone.ru/s3/multimedia-1-x/wc300/8249949717.jpg""))"
B160,"=IF(ISERROR(_xlfn.IMAGE(""https://ir.ozone.ru/s3/multimedia-1-k/wc300/15128986484.jpg"")),""请使用新版Excel2024查看图片"",_xlfn.IMAGE(""https://ir.ozone.ru/s3/multimedia-1-k/wc300/15128986484.jpg""))"
B161,"=IF(ISERROR(_xlfn.IMAGE(""https://ir.ozone.ru/s3/multimedia-1-l/wc300/7444509249.jpg"")),""请使用新版Excel2024查看图片"",_xlfn.IMAGE(""https://ir.ozone.ru/s3/multimedia-1-l/wc300/7444509249.jpg""))"
B162,"=IF(ISERROR(_xlfn.IMAGE(""https://ir.ozone.ru/s3/multimedia-1-5/wc300/7228132997.jpg"")),""请使用新版Excel2024查看图片"",_xlfn.IMAGE(""https://ir.ozone.ru/s3/multimedia-1-5/wc300/7228132997.jpg""))"
B163,"=IF(ISERROR(_xlfn.IMAGE(""https://ir.ozone.ru/s3/multimedia-1-k/wc300/7652959616.jpg"")),""请使用新版Excel2024查看图片"",_xlfn.IMAGE(""https://ir.ozone.ru/s3/multimedia-1-k/wc300/7652959616.jpg""))"
B164,"=IF(ISERROR(_xlfn.IMAGE(""https://ir.ozone.ru/s3/multimedia-1-v/wc300/8899551427.jpg"")),""请使用新版Excel2024查看图片"",_xlfn.IMAGE(""https://ir.ozone.ru/s3/multimedia-1-v/wc300/8899551427.jpg""))"
B165,"=IF(ISERROR(_xlfn.IMAGE(""https://ir.ozone.ru/s3/multimedia-1-m/wc300/8249949670.jpg"")),""请使用新版Excel2024查看图片"",_xlfn.IMAGE(""https://ir.ozone.ru/s3/multimedia-1-m/wc300/8249949670.jpg""))"
B166,"=IF(ISERROR(_xlfn.IMAGE(""https://ir.ozone.ru/s3/multimedia-1-o/wc300/9442804236.jpg"")),""请使用新版Excel2024查看图片"",_xlfn.IMAGE(""https://ir.ozone.ru/s3/multimedia-1-o/wc300/9442804236.jpg""))"
B167,"=IF(ISERROR(_xlfn.IMAGE(""https://ir.ozone.ru/s3/multimedia-1-s/wc300/11183581144.jpg"")),""请使用新版Excel2024查看图片"",_xlfn.IMAGE(""https://ir.ozone.ru/s3/multimedia-1-s/wc300/11183581144.jpg""))"
B168,"=IF(ISERROR(_xlfn.IMAGE(""https://ir-20.ozone.ru/s3/multimedia-1-8/wc300/8117911628.jpg"")),""请使用新版Excel2024查看图片"",_xlfn.IMAGE(""https://ir-20.ozone.ru/s3/multimedia-1-8/wc300/8117911628.jpg""))"
B169,"=IF(ISERROR(_xlfn.IMAGE(""https://ir.ozone.ru/s3/multimedia-1-6/wc300/11783112522.jpg"")),""请使用新版Excel2024查看图片"",_xlfn.IMAGE(""https://ir.ozone.ru/s3/multimedia-1-6/wc300/11783112522.jpg""))"
B170,"=IF(ISERROR(_xlfn.IMAGE(""https://ir-20.ozone.ru/s3/multimedia-1-w/wc300/12991633700.jpg"")),""请使用新版Excel2024查看图片"",_xlfn.IMAGE(""https://ir-20.ozone.ru/s3/multimedia-1-w/wc300/12991633700.jpg""))"
B171,"=IF(ISERROR(_xlfn.IMAGE(""https://ir.ozone.ru/s3/multimedia-1-l/wc300/7228133589.jpg"")),""请使用新版Excel2024查看图片"",_xlfn.IMAGE(""https://ir.ozone.ru/s3/multimedia-1-l/wc300/7228133589.jpg""))"
B172,"=IF(ISERROR(_xlfn.IMAGE(""https://ir.ozone.ru/s3/multimedia-1-u/wc300/8301318042.jpg"")),""请使用新版Excel2024查看图片"",_xlfn.IMAGE(""https://ir.ozone.ru/s3/multimedia-1-u/wc300/8301318042.jpg""))"
B173,"=IF(ISERROR(_xlfn.IMAGE(""https://ir.ozone.ru/s3/multimedia-1-p/wc300/13940376217.jpg"")),""请使用新版Excel2024查看图片"",_xlfn.IMAGE(""https://ir.ozone.ru/s3/multimedia-1-p/wc300/13940376217.jpg""))"
B174,"=IF(ISERROR(_xlfn.IMAGE(""https://ir.ozone.ru/s3/multimedia-1-o/wc300/7438938252.jpg"")),""请使用新版Excel2024查看图片"",_xlfn.IMAGE(""https://ir.ozone.ru/s3/multimedia-1-o/wc300/7438938252.jpg""))"
B175,"=IF(ISERROR(_xlfn.IMAGE(""https://ir.ozone.ru/s3/multimedia-1-3/wc300/8380145271.jpg"")),""请使用新版Excel2024查看图片"",_xlfn.IMAGE(""https://ir.ozone.ru/s3/multimedia-1-3/wc300/8380145271.jpg""))"
B176,"=IF(ISERROR(_xlfn.IMAGE(""https://ir.ozone.ru/s3/multimedia-1-b/wc300/12824496155.jpg"")),""请使用新版Excel2024查看图片"",_xlfn.IMAGE(""https://ir.ozone.ru/s3/multimedia-1-b/wc300/12824496155.jpg""))"
B177,"=IF(ISERROR(_xlfn.IMAGE(""https://ir.ozone.ru/s3/multimedia-1-i/wc300/13529682450.jpg"")),""请使用新版Excel2024查看图片"",_xlfn.IMAGE(""https://ir.ozone.ru/s3/multimedia-1-i/wc300/13529682450.jpg""))"
B178,"=IF(ISERROR(_xlfn.IMAGE(""https://ir.ozone.ru/s3/multimedia-1-o/wc300/10698307440.jpg"")),""请使用新版Excel2024查看图片"",_xlfn.IMAGE(""https://ir.ozone.ru/s3/multimedia-1-o/wc300/10698307440.jpg""))"
B179,"=IF(ISERROR(_xlfn.IMAGE(""https://ir.ozone.ru/s3/multimedia-1-t/wc300/12939364937.jpg"")),""请使用新版Excel2024查看图片"",_xlfn.IMAGE(""https://ir.ozone.ru/s3/multimedia-1-t/wc300/12939364937.jpg""))"
B180,"=IF(ISERROR(_xlfn.IMAGE(""https://ir-20.ozone.ru/s3/multimedia-1-s/wc300/7433274376.jpg"")),""请使用新版Excel2024查看图片"",_xlfn.IMAGE(""https://ir-20.ozone.ru/s3/multimedia-1-s/wc300/7433274376.jpg""))"
B181,"=IF(ISERROR(_xlfn.IMAGE(""https://ir.ozone.ru/s3/multimedia-1-s/wc300/8117628544.jpg"")),""请使用新版Excel2024查看图片"",_xlfn.IMAGE(""https://ir.ozone.ru/s3/multimedia-1-s/wc300/8117628544.jpg""))"
B182,"=IF(ISERROR(_xlfn.IMAGE(""https://ir.ozone.ru/s3/multimedia-1-s/wc300/9481587724.jpg"")),""请使用新版Excel2024查看图片"",_xlfn.IMAGE(""https://ir.ozone.ru/s3/multimedia-1-s/wc300/9481587724.jpg""))"
B183,"=IF(ISERROR(_xlfn.IMAGE(""https://ir.ozone.ru/s3/multimedia-1-p/wc300/7652959549.jpg"")),""请使用新版Excel2024查看图片"",_xlfn.IMAGE(""https://ir.ozone.ru/s3/multimedia-1-p/wc300/7652959549.jpg""))"
B184,"=IF(ISERROR(_xlfn.IMAGE(""https://ir.ozone.ru/s3/multimedia-1-s/wc300/9442804096.jpg"")),""请使用新版Excel2024查看图片"",_xlfn.IMAGE(""https://ir.ozone.ru/s3/multimedia-1-s/wc300/9442804096.jpg""))"
B185,"=IF(ISERROR(_xlfn.IMAGE(""https://ir.ozone.ru/s3/multimedia-1-c/wc300/11872542900.jpg"")),""请使用新版Excel2024查看图片"",_xlfn.IMAGE(""https://ir.ozone.ru/s3/multimedia-1-c/wc300/11872542900.jpg""))"
B186,"=IF(ISERROR(_xlfn.IMAGE(""https://ir.ozone.ru/s3/multimedia-1-2/wc300/13474794458.jpg"")),""请使用新版Excel2024查看图片"",_xlfn.IMAGE(""https://ir.ozone.ru/s3/multimedia-1-2/wc300/13474794458.jpg""))"
B187,"=IF(ISERROR(_xlfn.IMAGE(""https://ir.ozone.ru/s3/multimedia-1-u/wc300/9013847322.jpg"")),""请使用新版Excel2024查看图片"",_xlfn.IMAGE(""https://ir.ozone.ru/s3/multimedia-1-u/wc300/9013847322.jpg""))"
B188,"=IF(ISERROR(_xlfn.IMAGE(""https://ir.ozone.ru/s3/multimedia-1-c/wc300/8250390516.jpg"")),""请使用新版Excel2024查看图片"",_xlfn.IMAGE(""https://ir.ozone.ru/s3/multimedia-1-c/wc300/8250390516.jpg""))"
B189,"=IF(ISERROR(_xlfn.IMAGE(""https://ir.ozone.ru/s3/multimedia-1-s/wc300/11712269512.jpg"")),""请使用新版Excel2024查看图片"",_xlfn.IMAGE(""https://ir.ozone.ru/s3/multimedia-1-s/wc300/11712269512.jpg""))"
B190,"=IF(ISERROR(_xlfn.IMAGE(""https://ir.ozone.ru/s3/multimedia-1-h/wc300/7533313181.jpg"")),""请使用新版Excel2024查看图片"",_xlfn.IMAGE(""https://ir.ozone.ru/s3/multimedia-1-h/wc300/7533313181.jpg""))"
B191,"=IF(ISERROR(_xlfn.IMAGE(""https://ir.ozone.ru/s3/multimedia-1-4/wc300/11783162560.jpg"")),""请使用新版Excel2024查看图片"",_xlfn.IMAGE(""https://ir.ozone.ru/s3/multimedia-1-4/wc300/11783162560.jpg""))"
B192,"=IF(ISERROR(_xlfn.IMAGE(""https://ir.ozone.ru/s3/multimedia-1-e/wc300/8839509458.jpg"")),""请使用新版Excel2024查看图片"",_xlfn.IMAGE(""https://ir.ozone.ru/s3/multimedia-1-e/wc300/8839509458.jpg""))"
B193,"=IF(ISERROR(_xlfn.IMAGE(""https://ir.ozone.ru/s3/multimedia-1-s/wc300/9132914260.jpg"")),""请使用新版Excel2024查看图片"",_xlfn.IMAGE(""https://ir.ozone.ru/s3/multimedia-1-s/wc300/9132914260.jpg""))"
B194,"=IF(ISERROR(_xlfn.IMAGE(""https://ir.ozone.ru/s3/multimedia-1-2/wc300/7208083406.jpg"")),""请使用新版Excel2024查看图片"",_xlfn.IMAGE(""https://ir.ozone.ru/s3/multimedia-1-2/wc300/7208083406.jpg""))"
B195,"=IF(ISERROR(_xlfn.IMAGE(""https://ir.ozone.ru/s3/multimedia-1-s/wc300/14889134224.jpg"")),""请使用新版Excel2024查看图片"",_xlfn.IMAGE(""https://ir.ozone.ru/s3/multimedia-1-s/wc300/14889134224.jpg""))"
B196,"=IF(ISERROR(_xlfn.IMAGE(""https://ir.ozone.ru/s3/multimedia-1-f/wc300/7071185463.jpg"")),""请使用新版Excel2024查看图片"",_xlfn.IMAGE(""https://ir.ozone.ru/s3/multimedia-1-f/wc300/7071185463.jpg""))"
B197,"=IF(ISERROR(_xlfn.IMAGE(""https://ir.ozone.ru/s3/multimedia-1-x/wc300/8300368113.jpg"")),""请使用新版Excel2024查看图片"",_xlfn.IMAGE(""https://ir.ozone.ru/s3/multimedia-1-x/wc300/8300368113.jpg""))"
B198,"=IF(ISERROR(_xlfn.IMAGE(""https://ir.ozone.ru/s3/multimedia-1-d/wc300/13172905957.jpg"")),""请使用新版Excel2024查看图片"",_xlfn.IMAGE(""https://ir.ozone.ru/s3/multimedia-1-d/wc300/13172905957.jpg""))"
B199,"=IF(ISERROR(_xlfn.IMAGE(""https://ir.ozone.ru/s3/multimedia-1-v/wc300/12367703515.jpg"")),""请使用新版Excel2024查看图片"",_xlfn.IMAGE(""https://ir.ozone.ru/s3/multimedia-1-v/wc300/12367703515.jpg""))"
B200,"=IF(ISERROR(_xlfn.IMAGE(""https://ir.ozone.ru/s3/multimedia-1-k/wc300/13187143460.jpg"")),""请使用新版Excel2024查看图片"",_xlfn.IMAGE(""https://ir.ozone.ru/s3/multimedia-1-k/wc300/13187143460.jpg""))"
B201,"=IF(ISERROR(_xlfn.IMAGE(""https://ir.ozone.ru/s3/multimedia-1-8/wc300/11163226832.jpg"")),""请使用新版Excel2024查看图片"",_xlfn.IMAGE(""https://ir.ozone.ru/s3/multimedia-1-8/wc300/11163226832.jpg""))"
