排名,主图,主图,标题,详情页地址,SKU,品牌,类目,销售方式,售价,销量,销售额,销量增长率,销售额增长率,毛利率,展示总数,曝光量,产品卡浏览量,浏览加购率,搜索加购率,平均折扣,促销销售占比,展示转化率,订单转化率,广告费用份额,退货取消率,错失销售额,评分,评论数,店铺,卖家类型,配送方式,重量,上架时间
1,#VALUE!,https://ir.ozone.ru/s3/multimedia-1-d/wc300/7705481809.jpg,"Чехол на автомобиль / тент на машину / защищает от дождя, пыли и снега, подходит для всех сезонов, 1 шт., универсальный, размер 4900*1800*1500 ммТкань Оксфорд",https://www.ozon.ru/product/2061522714,2061522714,,"汽车罩
Чехол на автомобиль",跨境卖家可售,2597₽,1035,2824375₽,-6%,-22%,17.6%,289169,124544,20572,10.13%,0.3%,0.1%,0.93%,0.34%,46.6%,4.99%,14.4%,0₽,4.9,3758,KeRui,本土卖家,FBO,1080.0 g,"2025-04-23
1 年 5 个月"
2,#VALUE!,https://ir.ozone.ru/s3/multimedia-1-j/wc300/7829377795.jpg,"Чехол на автомобиль / тент на машину / защищает от дождя, пыли и снега, подходит для всех сезонов, 1 шт., универсальный, размер 5100*2000*1850 ммТкань Оксфорд",https://www.ozon.ru/product/2152573645,2152573645,,"汽车罩
Чехол на автомобиль",跨境卖家可售,2650₽,995,2824527₽,-13%,-25%,17.7%,330476,122561,19741,9.61%,0.29%,0.23%,1.22%,0.27%,47.2%,5.16%,13.5%,0₽,4.9,3758,KeRui,本土卖家,FBO,1069.0 g,"2025-05-19
1 年 4 个月"
3,#VALUE!,https://ir.ozone.ru/s3/multimedia-1-0/wc300/9308741148.jpg,"Чехол на автомобиль для джипа, кроссовера, размер YL+ 495x190x185 см, чехол на машину",https://www.ozon.ru/product/3250774927,3250774927,PRIMETEX,"汽车罩
Чехол на автомобиль",跨境卖家可售,3021₽,805,2385913₽,91%,36%,17.8%,432806,154433,26360,9.38%,0.24%,22.25%,55.41%,0.18%,31.6%,13.37%,14.1%,0₽,4.8,3402,PRIMETEX,本土卖家,FBO,2730.0 g,"2025-12-17
9 个月"
4,#VALUE!,https://ir.ozone.ru/s3/multimedia-1-h/wc300/14849374805.jpg,"Летний универсальный чехол на машину Jijivisha 540х175х130 см, защита от солнца, дождя и пыли",https://www.ozon.ru/product/2263589645,2263589645,Jijivisha,"汽车罩
Чехол на автомобиль",跨境卖家可售,1366₽,638,993000₽,135%,126%,12.7%,344713,77226,14781,11.1%,0.5%,13.04%,1.28%,0.17%,36.6%,11.3%,10.5%,0₽,4.2,5336,AlfaMet,本土卖家,FBO,1100.0 g,"2025-06-10
1 年 3 个月"
5,#VALUE!,https://ir-20.ozone.ru/s3/multimedia-1-9/wc300/10025490645.jpg,"Чехол на автомобиль, тент для автомобиля, авточехол, размер YM 430 175 150",https://www.ozon.ru/product/3720688420,3720688420,,"汽车罩
Чехол на автомобиль",跨境卖家可售,1629₽,623,1091301₽,29%,20%,15%,298983,19569,20897,10.8%,0.25%,45.24%,100.0%,0.2%,26.3%,3.34%,13.9%,0₽,4.7,2379,МощьТулс,本土卖家,FBO,1340.0 g,"2026-03-23
6 个月"
6,#VALUE!,https://ir.ozone.ru/s3/multimedia-1-a/wc300/9255253366.jpg,"Чехол на автомобиль, тент для автомобиля, авточехол, размер L 480 175 120",https://www.ozon.ru/product/3720702043,3720702043,,"汽车罩
Чехол на автомобиль",跨境卖家可售,1439₽,560,899297₽,13%,-1%,14.1%,308631,26835,21070,9.66%,0.16%,34.77%,100.0%,0.17%,25.8%,4.01%,12.0%,0₽,4.7,2379,МощьТулс,本土卖家,FBS,1300.0 g,"2026-03-23
6 个月"
7,#VALUE!,https://ir.ozone.ru/s3/multimedia-1-k/wc300/10025501996.jpg,"Чехол на автомобиль, тент для автомобиля, авточехол, размер YL 480 175 150",https://www.ozon.ru/product/3720699179,3720699179,,"汽车罩
Чехол на автомобиль",跨境卖家可售,1700₽,508,967681₽,29%,23%,15.3%,259956,12577,18875,10.01%,0.13%,35.98%,100.0%,0.18%,25.4%,3.63%,12.1%,0₽,4.7,2379,МощьТулс,本土卖家,FBO,1470.0 g,"2026-03-23
6 个月"
8,#VALUE!,https://ir.ozone.ru/s3/multimedia-1-v/wc300/9479249599.jpg,"Чехол на автомобиль, размер 3XL 495x190x150 авточехол, чехол на машину седан",https://www.ozon.ru/product/2862166799,2862166799,PRIMETEX,"汽车罩
Чехол на автомобиль",跨境卖家可售,2868₽,506,1520106₽,78%,37%,18%,226178,130556,16886,9.13%,0.16%,14.25%,54.38%,0.22%,31.9%,9.22%,13.1%,0₽,4.8,3402,PRIMETEX,本土卖家,FBO,2000.0 g,"2025-09-17
1 年"
9,#VALUE!,https://ir.ozone.ru/s3/multimedia-1-a/wc300/9255265066.jpg,"Чехол на автомобиль, тент для автомобиля, авточехол, размер XL 500 175 120",https://www.ozon.ru/product/3720684604,3720684604,,"汽车罩
Чехол на автомобиль",跨境卖家可售,1536₽,420,711726₽,14%,11%,14.6%,148954,59117,15047,7.93%,0.31%,15.91%,100.0%,0.28%,34.6%,4.9%,9.5%,0₽,4.7,2379,МощьТулс,本土卖家,FBO,1400.0 g,"2026-03-23
6 个月"
10,#VALUE!,https://ir.ozone.ru/s3/multimedia-1-a/wc300/12876065254.jpg,"JijivishaТент-Чехол для автомобиля,тент для машины универсальный,480х175х130CM",https://www.ozon.ru/product/2263588516,2263588516,Jijivisha,"汽车罩
Чехол на автомобиль",跨境卖家可售,1211₽,387,542450₽,80%,57%,13.9%,194913,47146,12539,8.83%,0.39%,6.87%,0.55%,0.19%,33.0%,9.26%,14.6%,0₽,4.2,5336,AlfaMet,本土卖家,FBO,2200.0 g,"2025-06-10
1 年 3 个月"
11,#VALUE!,https://ir-20.ozone.ru/s3/multimedia-1-c/wc300/9255277092.jpg,"Чехол на автомобиль, тент для автомобиля, авточехол, размер XXL 540 175 120",https://www.ozon.ru/product/3720693829,3720693829,,"汽车罩
Чехол на автомобиль",跨境卖家可售,1579₽,377,638627₽,-4%,-8%,14.8%,132555,53373,11796,8.78%,0.34%,11.85%,78.87%,0.27%,34.6%,5.03%,14.1%,0₽,4.7,2379,МощьТулс,本土卖家,FBO,1460.0 g,"2026-03-23
6 个月"
12,#VALUE!,https://ir.ozone.ru/s3/multimedia-1-e/wc300/13530048458.jpg,"Летний чехол на машину Jijivisha 400х160х130 см, от солнца и жары, защита от УФ, PEVA с алюминиевой пленкой",https://www.ozon.ru/product/2263587931,2263587931,Jijivisha,"汽车罩
Чехол на автомобиль",跨境卖家可售,1342₽,362,513911₽,221%,166%,13.5%,210298,65036,11554,9.6%,0.45%,4.33%,8.94%,0.17%,32.5%,15.82%,14.6%,0₽,4.6,5496,AlfaMet,本土卖家,FBO,2200.0 g,"2025-06-10
1 年 3 个月"
13,#VALUE!,https://ir.ozone.ru/s3/multimedia-1-s/wc300/13770079012.jpg,"Чехол на автомобиль с левой боковой молнией и светоотражателями, Оксфорд, всесезонный, 4550*1750*1500 мм, защита от дождя снега пыли солнца",https://www.ozon.ru/product/5285333663,5285333663,,"汽车罩
Чехол на автомобиль",跨境卖家可售,2393₽,316,757016₽,1217%,1476%,16.8%,296623,81298,17051,9.23%,0.14%,4.71%,58.16%,0.1%,19.3%,14.27%,12.2%,0₽,4.8,302,TrendWay,本土卖家,FBS,1260.0 g,"2026-07-31
1 个月"
14,#VALUE!,https://ir.ozone.ru/s3/multimedia-1-8/wc300/9992405348.jpg,"Чехол на автомобиль, тент для автомобиля XXXL 510*210*150см",https://www.ozon.ru/product/3960613557,3960613557,Will be,"汽车罩
Чехол на автомобиль",跨境卖家可售,2381₽,311,825481₽,88%,61%,12.8%,73354,43607,3221,13.38%,0.19%,73.28%,99.84%,0.43%,72.9%,18.33%,21.7%,0₽,4.8,790,Will be,本土卖家,FBO,2099.0 g,"2026-04-15
5 个月"
15,#VALUE!,https://ir.ozone.ru/s3/multimedia-1-t/wc300/9308725049.jpg,"Чехол на автомобиль, 2L 435x180x160, чехол на машину седан, хэтчбек универсальный",https://www.ozon.ru/product/5171613578,5171613578,PRIMETEX,"汽车罩
Чехол на автомобиль",跨境卖家可售,2864₽,307,891197₽,204%,113%,17.6%,111577,47623,12108,8.42%,0.22%,21.87%,48.52%,0.27%,29.3%,6.23%,14.1%,0₽,4.8,3402,PRIMETEX,本土卖家,FBS,2173.0 g,"2026-07-22
2 个月"
16,#VALUE!,https://ir.ozone.ru/s3/multimedia-1-c/wc300/8088143124.jpg,"Чехол на автомобиль, Оксфорд, 1 шт.",https://www.ozon.ru/product/4954777767,4954777767,,"汽车罩
Чехол на автомобиль",跨境卖家可售,508₽,295,126830₽,2850%,3212%,54.1%,164747,9418,10114,15.71%,0.33%,20.37%,100.0%,0.18%,18.3%,14.08%,5.2%,0₽,4.7,33,CrossNset,跨境卖家,RFBS,300.0 g,"2026-07-04
2 个月"
17,#VALUE!,https://ir-20.ozone.ru/s3/multimedia-1-n/wc300/9335890679.jpg,"Чехол на автомобиль YXL 525x195x185 см, большой для внедорожника, чехол на машину для кроссовера",https://www.ozon.ru/product/3545459950,3545459950,PRIMETEX,"汽车罩
Чехол на автомобиль",跨境卖家可售,3200₽,293,950155₽,97%,37%,18.1%,143663,53030,12128,7.3%,0.11%,22.81%,71.58%,0.2%,32.5%,7.16%,8.8%,0₽,4.8,3402,PRIMETEX,本土卖家,FBO,2730.0 g,"2026-02-20
7 个月"
18,#VALUE!,https://ir.ozone.ru/s3/multimedia-1-q/wc300/14165630558.jpg,"Чехол на автомобиль 5100*2000*1850, Оксфорд 210D, 1 шт.",https://www.ozon.ru/product/5471071205,5471071205,,"汽车罩
Чехол на автомобиль",跨境卖家可售,2941₽,291,855411₽,100%,100%,17.7%,114280,66588,8432,10.21%,0.23%,50.42%,100.0%,0.25%,33.8%,5.04%,8.0%,0₽,4.8,84,Riana,本土卖家,FBS,1300.0 g,"2026-08-14
1 个月"
19,#VALUE!,https://ir-20.ozone.ru/s3/multimedia-1-0/wc300/13839195096.jpg,"Чехол на автомобиль универсальный, тент для автомобиля 530х200х150",https://www.ozon.ru/product/5295634935,5295634935,КАРПЕИЧ,"汽车罩
Чехол на автомобиль",跨境卖家可售,1974₽,277,627713₽,1285%,1663%,16.2%,209965,17342,12836,10.37%,0.13%,23.68%,44.56%,0.13%,20.1%,7.23%,16.1%,0₽,4.7,160,КАРПЕИЧ,本土卖家,FBO,500.0 g,"2026-07-31
1 个月"
20,#VALUE!,https://ir.ozone.ru/s3/multimedia-1-e/wc300/13770107906.jpg,"Чехол на автомобиль с левой боковой молнией и светоотражателями, Оксфорд, всесезонный, 4950*1900*1500 мм, защита от дождя снега пыли солнца",https://www.ozon.ru/product/5285234939,5285234939,,"汽车罩
Чехол на автомобиль",跨境卖家可售,2495₽,258,631124₽,3125%,3891%,17%,229467,40062,14938,9.02%,0.1%,4.32%,95.85%,0.11%,18.8%,9.51%,14.7%,0₽,4.8,302,TrendWay,本土卖家,FBO,1360.0 g,"2026-07-31
1 个月"
21,#VALUE!,https://ir.ozone.ru/s3/multimedia-1-g/wc300/10025514952.jpg,"Чехол на автомобиль, тент для автомобиля, авточехол, размер YXL 540 175 150",https://www.ozon.ru/product/3720686223,3720686223,,"汽车罩
Чехол на автомобиль",跨境卖家可售,1707₽,253,480516₽,12%,8%,15.3%,74701,20175,9165,6.8%,0.21%,4.51%,100.0%,0.25%,30.0%,1.67%,17.2%,0₽,4.7,2379,МощьТулс,本土卖家,FBS,1600.0 g,"2026-03-23
6 个月"
22,#VALUE!,https://ir.ozone.ru/s3/multimedia-1-z/wc300/13287261563.jpg,"Чехол на автомобиль универсальный, тент для автомобиля 435х180х160",https://www.ozon.ru/product/5295635381,5295635381,КАРПЕИЧ,"汽车罩
Чехол на автомобиль",跨境卖家可售,1916₽,246,545991₽,584%,762%,16%,253600,31204,10714,10.54%,0.07%,25.87%,54.37%,0.09%,20.1%,9.92%,12.4%,0₽,4.7,160,КАРПЕИЧ,本土卖家,FBO,500.0 g,"2026-07-31
1 个月"
23,#VALUE!,https://ir.ozone.ru/s3/multimedia-1-a/wc300/14165542162.jpg,"Чехол на автомобиль 5300*2000*1500, Оксфорд 210D, 1 шт.",https://www.ozon.ru/product/5471501230,5471501230,,"汽车罩
Чехол на автомобиль",跨境卖家可售,2828₽,242,683649₽,100%,100%,18%,218496,61445,9910,9.84%,0.13%,50.66%,100.0%,0.11%,24.8%,12.17%,8.7%,0₽,4.8,84,Riana,本土卖家,FBO,1300.0 g,"2026-08-14
1 个月"
24,#VALUE!,https://ir.ozone.ru/s3/multimedia-1-o/wc300/9255241968.jpg,"Чехол на автомобиль, тент для автомобиля, авточехол, размер S 400 160 120",https://www.ozon.ru/product/3720704483,3720704483,,"汽车罩
Чехол на автомобиль",跨境卖家可售,1444₽,228,365784₽,-31%,-28%,14.1%,121462,50918,11595,7.16%,0.25%,8.69%,100.0%,0.17%,25.3%,7.3%,14.3%,0₽,4.7,2379,МощьТулс,本土卖家,FBO,1100.0 g,"2026-03-23
6 个月"
25,#VALUE!,https://ir.ozone.ru/s3/multimedia-1-g/wc300/12876372772.jpg,"JijivishaТент-Чехол для автомобиля,тент для машины универсальный,PEVA+алюминиевая пленка,540х175х130CM",https://www.ozon.ru/product/2263587939,2263587939,Jijivisha,"汽车罩
Чехол на автомобиль",跨境卖家可售,1858₽,225,475297₽,-38%,-35%,15.9%,175033,28998,8460,7.06%,0.21%,10.91%,2.79%,0.07%,21.9%,12.24%,16.2%,0₽,4.6,5496,AlfaMet,本土卖家,FBO,1310.0 g,"2025-06-10
1 年 3 个月"
26,#VALUE!,https://ir.ozone.ru/s3/multimedia-1-o/wc300/14125075188.jpg,"тент-чехол для автомобиля, всесезонный, размер 485*190*185",https://www.ozon.ru/product/5543008123,5543008123,Spirit auto,"汽车罩
Чехол на автомобиль",跨境卖家可售,167₽,216,40993₽,2300%,7130%,-16.2%,1143,190,574,40.24%,2.1%,69.96%,78.1%,18.02%,89.2%,0.0%,7.8%,8644₽,5.0,148,Teen sprit,本土卖家,FBS,1500.0 g,"2026-08-20
1 个月"
27,#VALUE!,https://ir.ozone.ru/s3/multimedia-1-v/wc300/14081416015.jpg,"Чехол на автомобиль, 490х175х120 см / Тент для автомобиля, прицепа",https://www.ozon.ru/product/2202362986,2202362986,Cartage,"汽车罩
Чехол на автомобиль",跨境卖家可售,1588₽,211,329252₽,211%,193%,14.2%,168948,95427,7623,7.13%,0.16%,4.97%,100.0%,0.12%,37.9%,23.6%,10.5%,0₽,4.4,1325,Сима-Ленд - Интерьер,本土卖家,FBO,980.0 g,"2025-05-28
1 年 4 个月"
28,#VALUE!,https://ir-20.ozone.ru/s3/multimedia-1-r/wc300/12876165495.jpg,"JijivishaЧехол на автомобиль для джипа, тент на машину для кроссовера, размер YM+ 430x175x150CM",https://www.ozon.ru/product/2263589805,2263589805,Jijivisha,"汽车罩
Чехол на автомобиль",跨境卖家可售,1414₽,206,340149₽,-33%,-37%,13.2%,112724,30722,7806,9.21%,0.3%,0.94%,0.56%,0.17%,26.7%,7.21%,9.9%,0₽,4.2,5346,AlfaMet,本土卖家,FBO,2200.0 g,"2025-06-10
1 年 3 个月"
29,#VALUE!,https://ir.ozone.ru/s3/multimedia-1-n/wc300/13770142403.jpg,"Чехол на автомобиль всесезонный,тент от солнца и дождя L",https://www.ozon.ru/product/5368816534,5368816534,,"汽车罩
Чехол на автомобиль",跨境卖家可售,2415₽,203,499370₽,10050%,12817%,16.9%,127972,28574,12890,7.29%,0.16%,3.76%,94.01%,0.16%,21.6%,6.61%,9.5%,0₽,4.8,302,TrendWay,本土卖家,FBO,1290.0 g,"2026-08-06
1 个月"
30,#VALUE!,https://ir.ozone.ru/s3/multimedia-1-7/wc300/13453946323.jpg,"Чехол на автомобиль универсальный, тент для автомобиля 480х190х185",https://www.ozon.ru/product/5295635699,5295635699,КАРПЕИЧ,"汽车罩
Чехол на автомобиль",跨境卖家可售,2070₽,197,445823₽,463%,607%,16.5%,205738,33479,10877,8.93%,0.13%,10.05%,71.13%,0.09%,18.6%,9.85%,16.1%,0₽,4.7,160,КАРПЕИЧ,本土卖家,FBO,500.0 g,"2026-07-31
1 个月"
31,#VALUE!,https://ir.ozone.ru/s3/multimedia-1-r/wc300/12876105015.jpg,"Jijivisha Летний чехол на машину 520х175х130 см, защита от солнца и УФ-излучения, водонепроницаемый, гарантия 1 год",https://www.ozon.ru/product/2263589641,2263589641,Jijivisha,"汽车罩
Чехол на автомобиль",跨境卖家可售,1361₽,193,292071₽,1%,-10%,12.7%,132700,24476,8872,7.37%,0.25%,8.58%,6.55%,0.13%,26.0%,8.76%,19.0%,0₽,4.2,5336,AlfaMet,本土卖家,FBO,1100.0 g,"2025-06-10
1 年 3 个月"
32,#VALUE!,https://ir.ozone.ru/s3/multimedia-1-s/wc300/12876352984.jpg,"Jijivisha Тент-Чехол для автомобиля, всесезонный универсальный тент для машины, солнцезащитный, теплоизоляция, защита от дождя, снега и пыли, PEVA+алюминиевая пленка, 520х175х130CM",https://www.ozon.ru/product/2263592267,2263592267,Jijivisha,"汽车罩
Чехол на автомобиль",跨境卖家可售,1816₽,173,383237₽,-60%,-59%,14%,160060,32149,8562,5.88%,0.14%,4.08%,4.84%,0.08%,24.3%,13.16%,16.4%,0₽,4.6,5496,AlfaMet,本土卖家,FBO,1374.0 g,"2025-06-10
1 年 3 个月"
33,#VALUE!,https://ir.ozone.ru/s3/multimedia-1-0/wc300/13365668304.jpg,"Чехол для автомобиля, тент для автомобиля, размер 530х200х150 (XL)",https://www.ozon.ru/product/5001222378,5001222378,Gandi Clo,"汽车罩
Чехол на автомобиль",跨境卖家可售,2372₽,169,493271₽,-48%,-48%,17.6%,112986,31580,6927,5.97%,0.12%,85.48%,100.0%,0.1%,28.3%,10.84%,19.7%,0₽,4.6,2590,TOP STORE,本土卖家,FBO,1200.0 g,"2026-07-08
2 个月"
34,#VALUE!,https://ir.ozone.ru/s3/multimedia-1-o/wc300/12876296028.jpg,"Jijivisha Универсальный тент-чехол для автомобиля, материал PEVA + алюминиевая пленка, защита от солнца, дождя и пыли, размер 430х160х130 см",https://www.ozon.ru/product/2263588961,2263588961,Jijivisha,"汽车罩
Чехол на автомобиль",跨境卖家可售,1822₽,160,315403₽,-40%,-43%,15.1%,125968,30689,9262,7.09%,0.13%,6.04%,2.45%,0.12%,23.7%,9.05%,18.6%,0₽,4.6,5496,AlfaMet,本土卖家,FBO,851.0 g,"2025-06-10
1 年 3 个月"
35,#VALUE!,https://ir.ozone.ru/s3/multimedia-1-f/wc300/12876322659.jpg,"Jijivisha Тент-Чехол для автомобиля, летний универсальный тент для машины, солнцезащитный, защита от УФ-лучей, теплоизоляция, от пыли и дождя, PEVA+алюминиевая пленка, 480х175х130CM",https://www.ozon.ru/product/2263588978,2263588978,Jijivisha,"汽车罩
Чехол на автомобиль",跨境卖家可售,1769₽,156,325898₽,-74%,-72%,15.6%,99240,12841,7838,7.14%,0.1%,4.78%,8.42%,0.15%,26.3%,3.43%,17.1%,8382₽,4.6,5496,AlfaMet,本土卖家,FBO,1310.0 g,"2025-06-10
1 年 3 个月"
36,#VALUE!,https://ir.ozone.ru/s3/multimedia-1-z/wc300/12876237359.jpg,"Jijivisha Чехол на автомобиль, тент на машину для кроссовера, размер YXL+ 540x175x150CM",https://www.ozon.ru/product/2263588504,2263588504,Jijivisha,"汽车罩
Чехол на автомобиль",跨境卖家可售,1457₽,152,274610₽,-61%,-65%,13.4%,113443,15920,7307,8.25%,0.3%,2.13%,3.76%,0.12%,21.9%,7.36%,17.1%,6290₽,4.2,5346,AlfaMet,本土卖家,FBO,2200.0 g,"2025-06-10
1 年 3 个月"
37,#VALUE!,https://ir.ozone.ru/s3/multimedia-1-1/wc300/10090258849.jpg,"Чехол для автомобиля, тент для автомобиля, размер 480 x190 x185 (XXL)",https://www.ozon.ru/product/5014993553,5014993553,Gandi Clo,"汽车罩
Чехол на автомобиль",跨境卖家可售,2494₽,152,461101₽,-60%,-61%,17%,146944,52080,6950,6.35%,0.1%,67.35%,100.0%,0.08%,25.9%,13.0%,18.5%,0₽,4.6,2590,TOP STORE,本土卖家,FBO,1278.0 g,"2026-07-09
2 个月"
38,#VALUE!,https://ir.ozone.ru/s3/multimedia-1-c/wc300/11783067888.jpg,Тент-чехол на внедорожник. Размер B (L),https://www.ozon.ru/product/1920055509,1920055509,AUTOPILOT,"汽车罩
Чехол на автомобиль",跨境卖家可售,3101₽,150,502254₽,-37%,-41%,15.5%,201113,31629,10354,8.34%,0.08%,9.58%,100.0%,0.06%,14.7%,9.98%,11.1%,0₽,4.8,1607,Аксессуары Автопилот,本土卖家,FBS,2600.0 g,"2025-03-06
1 年 6 个月"
39,#VALUE!,https://ir.ozone.ru/s3/multimedia-1-0/wc300/12876205212.jpg,"Jijivisha Чехол на автомобиль, тент на машину для кроссовера, размер YL+ 480x175x150CM,гарантия на один год",https://www.ozon.ru/product/2263589625,2263589625,Jijivisha,"汽车罩
Чехол на автомобиль",跨境卖家可售,1419₽,148,238239₽,-35%,-46%,15%,119733,17829,9062,8.87%,0.27%,0.0%,0.0%,0.12%,18.2%,6.9%,17.2%,0₽,4.2,5346,AlfaMet,本土卖家,FBO,1500.0 g,"2025-06-10
1 年 3 个月"
40,#VALUE!,https://ir.ozone.ru/s3/multimedia-1-9/wc300/10090297953.jpg,"Чехол для автомобиля, тент для автомобиля, размер 435 x180 x160 (М)",https://www.ozon.ru/product/5001214875,5001214875,Gandi Clo,"汽车罩
Чехол на автомобиль",跨境卖家可售,2536₽,144,425481₽,-64%,-64%,18.1%,89639,40782,5035,6.77%,0.11%,84.37%,100.0%,0.12%,31.1%,8.87%,18.0%,0₽,4.6,2590,TOP STORE,本土卖家,FBO,988.0 g,"2026-07-08
2 个月"
41,#VALUE!,https://ir.ozone.ru/s3/multimedia-1-n/wc300/14848932299.jpg,"Jijivisha Чехол на автомобиль, универсальный, размер S 400х160х130 см, материал PEVA",https://www.ozon.ru/product/2263588437,2263588437,Jijivisha,"汽车罩
Чехол на автомобиль",跨境卖家可售,1208₽,143,202378₽,-51%,-49%,11.8%,116843,31151,4365,13.03%,0.35%,6.62%,2.9%,0.11%,23.4%,10.4%,24.9%,0₽,4.1,5336,AlfaMet,本土卖家,FBO,2200.0 g,"2025-06-10
1 年 3 个月"
42,#VALUE!,https://ir.ozone.ru/s3/multimedia-1-j/wc300/10090253359.jpg,"Чехол для автомобиля, тент для автомобиля, размер 570 х 205 х 165(XXXL)",https://www.ozon.ru/product/5001293315,5001293315,Gandi Clo,"汽车罩
Чехол на автомобиль",跨境卖家可售,2535₽,142,399880₽,-45%,-46%,18.1%,114993,55837,4995,6.06%,0.09%,68.5%,100.0%,0.09%,33.7%,12.19%,14.9%,0₽,4.6,2590,TOP STORE,本土卖家,FBO,1200.0 g,"2026-07-08
2 个月"
43,#VALUE!,https://ir.ozone.ru/s3/multimedia-1-p/wc300/12226165297.jpg,"Jijivisha Чехол на автомобиль 510x200x185, Оксфорд 210D, Оксфорд, 1 шт.",https://www.ozon.ru/product/3513164635,3513164635,Jijivisha,"汽车罩
Чехол на автомобиль",跨境卖家可售,1939₽,141,432692₽,-51%,-55%,16.1%,101662,19363,3764,10.68%,0.21%,0.0%,0.0%,0.12%,31.6%,7.89%,22.6%,0₽,4.8,478,Car Protector,本土卖家,FBO,1350.0 g,"2026-02-08
7 个月"
44,#VALUE!,https://ir.ozone.ru/s3/multimedia-1-d/wc300/11018728309.jpg,"Чехол на автомобиль, тент на машину Kromix YXL, размер 5100*2000*1750 мм",https://www.ozon.ru/product/4449166921,4449166921,KROMIX,"汽车罩
Чехол на автомобиль",跨境卖家可售,2917₽,140,392750₽,51%,18%,16.2%,96540,72807,4295,7.35%,0.08%,32.03%,100.0%,0.14%,42.7%,16.69%,10.6%,0₽,4.7,227,М22,本土卖家,FBO,3115.0 g,"2026-05-26
4 个月"
45,#VALUE!,https://ir.ozone.ru/s3/multimedia-1-r/wc300/8370823851.jpg,"Чехол на автомобиль, 1 шт.",https://www.ozon.ru/product/3135450494,3135450494,,"汽车罩
Чехол на автомобиль",跨境卖家可售,398₽,127,48794₽,100%,100%,53.3%,116617,1256,4785,20.43%,0.07%,31.47%,100.0%,0.11%,13.0%,31.91%,1.6%,0₽,4.8,307,УдачныйВыбор,跨境卖家,RFBS,245.0 g,"2025-11-21
10 个月"
46,#VALUE!,https://ir.ozone.ru/s3/multimedia-1-w/wc300/9992478344.jpg,"Чехол на автомобиль, тент для автомобиля XL 470*190*150см",https://www.ozon.ru/product/3958608110,3958608110,Will be,"汽车罩
Чехол на автомобиль",跨境卖家可售,2877₽,126,334167₽,404%,262%,15%,9106,1018,1165,14.24%,0.19%,76.19%,98.44%,1.38%,75.9%,0.0%,28.6%,0₽,4.8,790,Will be,本土卖家,FBO,2080.0 g,"2026-04-15
5 个月"
47,#VALUE!,https://ir.ozone.ru/s3/multimedia-1-c/wc300/8088143124.jpg,"Чехол на автомобиль, Оксфорд",https://www.ozon.ru/product/2924581989,2924581989,,"汽车罩
Чехол на автомобиль",跨境卖家可售,548₽,125,61340₽,248%,265%,54.3%,176987,5734,9283,10.69%,0.24%,49.07%,100.0%,0.06%,11.0%,23.49%,11.1%,0₽,4.3,104,Home Living Pavilion,跨境卖家,RFBS,334.0 g,"2025-10-01
11 个月"
48,#VALUE!,https://ir.ozone.ru/s3/multimedia-1-t/wc300/9022804445.jpg,"Чехол на автомобиль, тент для автомобиля, размер 435 x180 x160 (2L)",https://www.ozon.ru/product/4984747310,4984747310,Gandi Clo,"汽车罩
Чехол на автомобиль",跨境卖家可售,2535₽,120,342004₽,-55%,-56%,18.1%,69193,21759,3910,6.93%,0.15%,71.4%,100.0%,0.14%,36.5%,9.39%,18.2%,9739₽,4.6,1214,TOP STORE,本土卖家,FBO,988.0 g,"2026-07-07
2 个月"
49,#VALUE!,https://ir.ozone.ru/s3/multimedia-1-3/wc300/13564800471.jpg,"Летний авточехол Jijivisha для кроссовера, PEVA с отражающей алюминиевой пленкой, размер YL+ 480*175*150 см, защита от УФ и жары",https://www.ozon.ru/product/2263588184,2263588184,Jijivisha,"汽车罩
Чехол на автомобиль",跨境卖家可售,1974₽,119,266485₽,-52%,-47%,16.2%,122378,22155,6505,6.24%,0.12%,7.0%,19.62%,0.08%,23.4%,9.98%,16.9%,0₽,4.6,5496,AlfaMet,本土卖家,FBO,2200.0 g,"2025-06-10
1 年 3 个月"
50,#VALUE!,https://ir.ozone.ru/s3/multimedia-1-l/wc300/11014170393.jpg,"Чехол на автомобиль всесезонный, тент от солнца и дождя 495*190*185 Conflate",https://www.ozon.ru/product/3497596624,3497596624,Conflate,"汽车罩
Чехол на автомобиль",跨境卖家可售,2729₽,116,288444₽,115%,72%,14.6%,59109,28126,3784,8.66%,0.16%,10.14%,8.25%,0.19%,35.1%,11.96%,10.5%,0₽,4.5,121,CityNature,本土卖家,FBO,2700.0 g,"2026-02-04
7 个月"
51,#VALUE!,https://ir.ozone.ru/s3/multimedia-1-b/wc300/11470095875.jpg,"Jijivisha Чехол на автомобиль 400x160x120, PEVA, 1 шт.",https://www.ozon.ru/product/3513164663,3513164663,Jijivisha,"汽车罩
Чехол на автомобиль",跨境卖家可售,1327₽,115,163578₽,-21%,-27%,12.6%,110950,31626,5388,8.96%,0.27%,3.1%,5.6%,0.1%,22.2%,14.33%,14.1%,0₽,4.2,912,Car Protector,本土卖家,FBO,2200.0 g,"2026-02-08
7 个月"
52,#VALUE!,https://ir.ozone.ru/s3/multimedia-1-t/wc300/13254885461.jpg,"Чехол на автомобиль, тент для автомобиля, авточехол, размер M 430 160 120cm",https://www.ozon.ru/product/5226959767,5226959767,,"汽车罩
Чехол на автомобиль",跨境卖家可售,1401₽,114,159714₽,11300%,14827%,13.9%,24771,10500,5482,6.47%,0.27%,47.18%,91.98%,0.46%,32.1%,2.26%,7.9%,0₽,4.7,2379,МощьТулс,本土卖家,FBS,1100.0 g,"2026-07-27
1 个月"
53,#VALUE!,https://ir.ozone.ru/s3/multimedia-1-0/wc300/12876026184.jpg,"Jijivisha Универсальный тент-чехол для автомобиля, материал PEVA, размер 430х160х130 см",https://www.ozon.ru/product/2263588343,2263588343,Jijivisha,"汽车罩
Чехол на автомобиль",跨境卖家可售,1312₽,111,155576₽,66%,42%,12.3%,58278,9195,7278,6.05%,0.17%,6.68%,5.37%,0.18%,24.1%,3.99%,10.6%,0₽,4.2,5336,AlfaMet,本土卖家,FBO,2200.0 g,"2025-06-10
1 年 3 个月"
54,#VALUE!,https://ir.ozone.ru/s3/multimedia-1-0/wc300/11018864772.jpg,"Чехол на автомобиль, тент на машину Kromix 2L, размер 4200*1700*1600 мм",https://www.ozon.ru/product/4438173813,4438173813,KROMIX,"汽车罩
Чехол на автомобиль",跨境卖家可售,2669₽,111,278596₽,55%,49%,16.6%,147513,24943,4236,11.28%,0.05%,37.83%,100.0%,0.06%,19.9%,19.1%,6.4%,0₽,4.7,227,М22,本土卖家,FBO,2550.0 g,"2026-05-25
4 个月"
55,#VALUE!,https://ir.ozone.ru/s3/multimedia-1-4/wc300/12778968820.jpg,"Чехол на автомобиль / тент на машину / чехол на машину / защищает от дождя, пыли и снега, подходит для всех сезонов, размер 480 x190 x185",https://www.ozon.ru/product/4852306082,4852306082,,"汽车罩
Чехол на автомобиль",跨境卖家可售,2721₽,108,265764₽,-5%,-28%,14.6%,90552,70058,2719,12.5%,0.11%,0.0%,0.0%,0.12%,31.8%,15.74%,16.7%,0₽,4.6,722,ЗИП-ЗИП,本土卖家,FBO,2239.0 g,"2026-06-25
3 个月"
56,#VALUE!,https://ir.ozone.ru/s3/multimedia-1-f/wc300/14923209435.jpg,"Чехол на автомобиль защитный Flex Drive, размер L",https://www.ozon.ru/product/1766836467,1766836467,Flex Drive,"汽车罩
Чехол на автомобиль",跨境卖家可售,1795₽,104,173484₽,-42%,-49%,11.5%,44835,6950,2118,13.92%,0.24%,10.9%,28.73%,0.23%,34.2%,4.71%,11.9%,0₽,4.5,608,Интернет Революция,本土卖家,FBO,1511.0 g,"2024-11-25
1 年 10 个月"
57,#VALUE!,https://ir.ozone.ru/s3/multimedia-1-p/wc300/9022865209.jpg,"Чехол на автомобиль, тент для автомобиля, размер 485х190х185 см (YL)",https://www.ozon.ru/product/4984694499,4984694499,Gandi Clo,"汽车罩
Чехол на автомобиль",跨境卖家可售,2558₽,104,330111₽,-70%,-68%,18.2%,77548,26414,3934,6.96%,0.1%,68.99%,100.0%,0.1%,27.4%,10.67%,10.7%,60279₽,4.6,1214,TOP STORE,本土卖家,FBO,1060.0 g,"2026-07-07
2 个月"
58,#VALUE!,https://ir.ozone.ru/s3/multimedia-1-u/wc300/9992447814.jpg,"Чехол на автомобиль, тент для автомобиля XXL 490*190*150см",https://www.ozon.ru/product/3960609254,3960609254,Will be,"汽车罩
Чехол на автомобиль",跨境卖家可售,2820₽,102,280444₽,155%,88%,14.9%,5853,998,1320,9.92%,0.4%,72.2%,99.28%,1.69%,75.6%,0.0%,39.4%,0₽,4.8,790,Will be,本土卖家,FBS,2172.0 g,"2026-04-15
5 个月"
59,#VALUE!,https://ir.ozone.ru/s3/multimedia-1-x/wc300/12722870085.jpg,"Чехол-тент на автомобиль для седана 495/190/150 см, автотент на машину универсальный всесезонный Oxford, от дождя, снега, пыли и солнца, серебристый",https://www.ozon.ru/product/4977607936,4977607936,,"汽车罩
Чехол на автомобиль",跨境卖家可售,2640₽,102,295452₽,42%,23%,16.1%,108406,40182,3671,8.93%,0.13%,6.89%,13.67%,0.09%,29.6%,7.53%,12.4%,0₽,4.9,41,Glare,本土卖家,FBO,2200.0 g,"2026-07-06
2 个月"
60,#VALUE!,https://ir-20.ozone.ru/s3/multimedia-1-f/wc300/15060100803.jpg,"Чехол на автомобиль 4900*1800*1500 мм, Оксфорд, всесезонный, светоотражатели, защита от дождя снега пыли солнца",https://www.ozon.ru/product/3886216534,3886216534,,"汽车罩
Чехол на автомобиль",跨境卖家可售,1655₽,98,177939₽,880%,432%,14.5%,155960,13700,9203,7.64%,0.08%,17.02%,19.32%,0.06%,13.7%,21.05%,10.5%,0₽,4.8,302,TrendWay,本土卖家,FBO,770.0 g,"2026-04-09
5 个月"
61,#VALUE!,https://ir-20.ozone.ru/s3/multimedia-1-i/wc300/12993105510.jpg,"Jijivisha Чехол на автомобиль 430x175x150, PEVA, 1 шт.",https://www.ozon.ru/product/3513164810,3513164810,Jijivisha,"汽车罩
Чехол на автомобиль",跨境卖家可售,922₽,97,150665₽,-20%,-29%,8.5%,127400,18523,4983,10.07%,0.17%,0.27%,4.47%,0.07%,18.3%,13.67%,10.9%,0₽,4.2,912,Car Protector,本土卖家,FBO,2200.0 g,"2026-02-08
7 个月"
62,#VALUE!,https://ir-20.ozone.ru/s3/multimedia-1-n/wc300/10090283027.jpg,"Чехол для автомобиля, тент для автомобиля, размер 490 x190 x150 (L)",https://www.ozon.ru/product/5001218052,5001218052,Gandi Clo,"汽车罩
Чехол на автомобиль",跨境卖家可售,2330₽,97,294809₽,-70%,-71%,17.6%,33459,7583,3486,5.45%,0.05%,82.73%,100.0%,0.17%,30.5%,2.48%,15.6%,13014₽,4.6,2590,TOP STORE,本土卖家,FBO,1160.0 g,"2026-07-08
2 个月"
63,#VALUE!,https://ir.ozone.ru/s3/multimedia-1-s/wc300/12981254896.jpg,"Чехол на автомобиль тканевый, тент для автомобиля, автотент на машину, тент от дождя, пыли и снега, солнца, липы, антивандальный, универсальный, размер 490 x190 x180",https://www.ozon.ru/product/5205503238,5205503238,,"汽车罩
Чехол на автомобиль",跨境卖家可售,3252₽,97,337632₽,507%,425%,18.1%,145294,68376,4152,9.03%,0.05%,4.76%,61.56%,0.06%,24.8%,10.45%,16.4%,0₽,5.0,13,TATYANKA,本土卖家,FBO,2300.0 g,"2026-07-25
2 个月"
64,#VALUE!,https://ir.ozone.ru/s3/multimedia-1-a/wc300/11783155006.jpg,Тент-чехол на седан. Размер 3 (седан) S,https://www.ozon.ru/product/1916884059,1916884059,AUTOPILOT,"汽车罩
Чехол на автомобиль",跨境卖家可售,2792₽,95,288216₽,-42%,-45%,14.8%,95658,23050,5176,6.04%,0.12%,8.17%,100.0%,0.08%,25.6%,8.38%,23.8%,0₽,4.8,1607,Аксессуары Автопилот,本土卖家,FBS,2200.0 g,"2025-03-05
1 年 6 个月"
65,#VALUE!,https://ir.ozone.ru/s3/multimedia-1-5/wc300/11783074757.jpg,Тент-чехол на кроссовер. Размер A (M),https://www.ozon.ru/product/1919995300,1919995300,AUTOPILOT,"汽车罩
Чехол на автомобиль",跨境卖家可售,2918₽,94,295086₽,-8%,-18%,15.1%,98229,14187,6233,7.55%,0.07%,8.17%,100.0%,0.09%,17.8%,5.49%,14.3%,0₽,4.8,1607,Аксессуары Автопилот,本土卖家,FBS,2500.0 g,"2025-03-06
1 年 6 个月"
66,#VALUE!,https://ir.ozone.ru/s3/multimedia-1-j/wc300/9022849003.jpg,"Чехол на автомобиль, тент для автомобиля, размер 530 х200 х150 (XXL)",https://www.ozon.ru/product/4984715901,4984715901,Gandi Clo,"汽车罩
Чехол на автомобиль",跨境卖家可售,2557₽,94,273345₽,-64%,-63%,18%,53509,23507,2952,8.13%,0.16%,71.36%,100.0%,0.13%,28.3%,10.43%,22.1%,52615₽,4.6,1214,TOP STORE,本土卖家,FBO,1200.0 g,"2026-07-07
2 个月"
67,#VALUE!,https://ir.ozone.ru/s3/multimedia-1-x/wc300/13125007977.jpg,"Jijivisha Чехол на автомобиль 480x175x120, Фольга, 1 шт.",https://www.ozon.ru/product/3513164816,3513164816,Jijivisha,"汽车罩
Чехол на автомобиль",跨境卖家可售,1110₽,92,160695₽,-16%,-19%,10.8%,90415,14655,4426,9.24%,0.15%,3.14%,1.39%,0.09%,19.3%,11.26%,15.2%,0₽,4.7,550,Car Protector,本土卖家,FBO,2200.0 g,"2026-02-08
7 个月"
68,#VALUE!,https://ir.ozone.ru/s3/multimedia-1-r/wc300/14777846523.jpg,"Чехол на автомобиль / тент на машину / защищает от дождя, пыли и снега, подходит для всех сезонов, универсальный, размер 5000*1750*1200 ммТкань Оксфорд",https://www.ozon.ru/product/4751116320,4751116320,,"汽车罩
Чехол на автомобиль",跨境卖家可售,1958₽,89,199114₽,889%,1122%,16.2%,70618,10489,5314,8.07%,0.03%,65.78%,100.0%,0.12%,20.5%,6.95%,13.7%,0₽,5.0,2379,МощьТулс,本土卖家,FBO,1400.0 g,"2026-06-16
3 个月"
69,#VALUE!,https://ir-20.ozone.ru/s3/multimedia-1-f/wc300/11476802787.jpg,"Jijivisha Чехол на автомобиль 480x170x120, PEVA, 1 шт.",https://www.ozon.ru/product/3513164770,3513164770,Jijivisha,"汽车罩
Чехол на автомобиль",跨境卖家可售,1431₽,83,128970₽,-17%,-23%,13.3%,78845,14986,4290,8.32%,0.12%,2.16%,2.44%,0.1%,22.1%,9.19%,20.3%,0₽,4.2,912,Car Protector,本土卖家,FBO,2200.0 g,"2026-02-08
7 个月"
70,#VALUE!,https://ir.ozone.ru/s3/multimedia-1-2/wc300/7942156814.jpg,"Чехол на автомобиль 145x110, Искусственные материалы, 1 шт.",https://www.ozon.ru/product/3365072400,3365072400,,"汽车罩
Чехол на автомобиль",跨境卖家可售,357₽,79,28236₽,-62%,-58%,53.9%,56724,1027,2190,16.02%,0.77%,72.49%,100.0%,0.11%,18.5%,0.0%,13.9%,0₽,4.8,275,Floras,跨境卖家,FBP,378.0 g,"2026-01-11
8 个月"
71,#VALUE!,https://ir.ozone.ru/s3/multimedia-1-o/wc300/8394805608.jpg,"BellaStar Чехол на автомобиль Ваз Lada 2107 1982–2012, Оксфорд, Мембранные материалы, 1 шт.",https://www.ozon.ru/product/3150646184,3150646184,BellaStar,"汽车罩
Чехол на автомобиль",跨境卖家可售,1395₽,77,147375₽,3%,3%,56%,122819,18948,3844,11.7%,0.33%,7.26%,100.0%,0.06%,16.0%,14.86%,24.0%,0₽,4.7,75,chenling,跨境卖家,FBP,2100.0 g,"2025-11-25
10 个月"
72,#VALUE!,https://ir.ozone.ru/s3/multimedia-1-p/wc300/11783065525.jpg,Тент-чехол на внедорожник. Размер D (XL),https://www.ozon.ru/product/1920135685,1920135685,AUTOPILOT,"汽车罩
Чехол на автомобиль",跨境卖家可售,3152₽,77,265351₽,-27%,-33%,15.6%,94991,11025,5728,6.73%,0.1%,13.69%,100.0%,0.07%,17.7%,7.29%,13.5%,0₽,4.8,1607,Аксессуары Автопилот,本土卖家,FBO,2780.0 g,"2025-03-06
1 年 6 个月"
73,#VALUE!,https://ir.ozone.ru/s3/multimedia-1-a/wc300/9971174386.jpg,"Чехол на автомобиль Feen, тент для автомобиля, размер М",https://www.ozon.ru/product/1627191296,1627191296,Feen,"汽车罩
Чехол на автомобиль",跨境卖家可售,2817₽,74,202878₽,-17%,-25%,16.5%,49047,32515,1512,11.3%,0.08%,18.26%,100.0%,0.14%,41.5%,10.95%,7.1%,0₽,4.7,951,ДМ,本土卖家,FBO,2500.0 g,"2024-07-12
2 年 2 个月"
74,#VALUE!,https://ir.ozone.ru/s3/multimedia-1-s/wc300/11783060488.jpg,Тент-чехол на внедорожник. Размер C (L+),https://www.ozon.ru/product/1920135751,1920135751,AUTOPILOT,"汽车罩
Чехол на автомобиль",跨境卖家可售,3147₽,70,241119₽,-45%,-49%,15.6%,84471,10722,5169,6.05%,0.1%,10.57%,100.0%,0.06%,16.0%,7.91%,10.0%,44961₽,4.8,1607,Аксессуары Автопилот,本土卖家,FBS,2750.0 g,"2025-03-06
1 年 6 个月"
75,#VALUE!,https://ir-20.ozone.ru/s3/multimedia-1-q/wc300/13074424442.jpg,"Чехол на автомобиль / тент на авто / защищает машину от дождя, пыли и снега - 560*200*185 см",https://www.ozon.ru/product/5077926062,5077926062,,"汽车罩
Чехол на автомобиль",跨境卖家可售,2977₽,68,231086₽,100%,120%,18.2%,70200,14586,3043,6.6%,0.13%,56.2%,100.0%,0.09%,29.9%,3.04%,18.0%,0₽,4.7,1678,ВяКс,本土卖家,FBO,2000.0 g,"2026-07-15
2 个月"
76,#VALUE!,https://ir.ozone.ru/s3/multimedia-1-b/wc300/10088407955.jpg,Market1 Чехол на автомобиль,https://www.ozon.ru/product/4104321499,4104321499,Market1,"汽车罩
Чехол на автомобиль",跨境卖家可售,1288₽,68,99299₽,-3%,-5%,14.9%,25174,1639,1975,11.74%,0.24%,0.0%,0.0%,0.24%,26.3%,0.0%,14.8%,0₽,4.6,121,MarketONE,本土卖家,FBS,900.0 g,"2026-04-27
4 个月"
77,#VALUE!,https://ir.ozone.ru/s3/multimedia-1-c/wc300/13407897252.jpg,"Чехол на автомобиль Авточехол-тент TOZAROA для хэтчбека и универсала, 2XXL (5200×2000×1800 мм), водонепроницаемый от снега, дождя, солнца и пыли, для Hyundai Grand Starex, Mercedes-Benz V-Класс, Volkswagen Transporter, PEVA, 1 шт.",https://www.ozon.ru/product/5330777463,5330777463,,"汽车罩
Чехол на автомобиль",跨境卖家可售,1413₽,68,93735₽,580%,612%,55%,25687,6672,2383,9.19%,0.47%,2.1%,36.72%,0.28%,32.9%,21.72%,5.6%,0₽,5.0,7,Tozaroa cover,跨境卖家,RFBS,1000.0 g,"2026-08-03
1 个月"
78,#VALUE!,https://ir-20.ozone.ru/s3/multimedia-1-w/wc300/14324440352.jpg,"Tozaroa Чехол на автомобиль TOZAROA чехол на автомобиль Lada 2121 4x4 Нива ВАЗ-2121 Niva Legend Urban Рысь Bronto Фора 1977-2021, серый PEVA, от дождя, снега, солнца, пыли и листьев, PEVA, 1 шт.",https://www.ozon.ru/product/5601337263,5601337263,Tozaroa,"汽车罩
Чехол на автомобиль",跨境卖家可售,1427₽,67,95609₽,100%,100%,55%,14255,10018,1403,14.39%,0.33%,0.0%,0.0%,0.47%,33.2%,22.96%,7.5%,0₽,,,Tozaroa cover,跨境卖家,RFBS,1000.0 g,"2026-08-25
< 1 个月"
79,#VALUE!,https://ir.ozone.ru/s3/multimedia-1-c/wc300/12794398644.jpg,Ремкомплект 1878 для чехла на автомобиль PRIMETEX,https://www.ozon.ru/product/5144981878,5144981878,PRIMETEX,"汽车罩
Чехол на автомобиль",跨境卖家可售,20₽,66,2606₽,3200%,3520%,-167.6%,3250,821,1779,20.68%,1.58%,94.9%,23.08%,2.03%,17.9%,0.0%,3.1%,0₽,4.8,3402,PRIMETEX,本土卖家,FBS,2000.0 g,"2026-07-20
2 个月"
80,#VALUE!,https://ir.ozone.ru/s3/multimedia-1-v/wc300/10247989675.jpg,"Чехол на автомобиль, тент для автомобиля, размер M",https://www.ozon.ru/product/4891433593,4891433593,Heavy Booster,"汽车罩
Чехол на автомобиль",跨境卖家可售,2529₽,66,183211₽,-39%,-48%,14.6%,116698,39543,9347,3.14%,0.09%,31.9%,100.0%,0.05%,21.5%,18.2%,6.4%,0₽,4.6,1670,Heavy Booster,本土卖家,FBO,1738.0 g,"2026-06-29
2 个月"
81,#VALUE!,https://ir.ozone.ru/s3/multimedia-1-n/wc300/13105325183.jpg,"Jijivisha Чехол на автомобиль 540x175x150, PEVA, 1 шт.",https://www.ozon.ru/product/3513164748,3513164748,Jijivisha,"汽车罩
Чехол на автомобиль",跨境卖家可售,972₽,65,111572₽,-29%,-31%,9.1%,71420,10941,3963,7.19%,0.12%,0.0%,0.0%,0.09%,21.8%,11.04%,14.6%,0₽,4.2,912,Car Protector,本土卖家,FBO,2200.0 g,"2026-02-08
7 个月"
82,#VALUE!,https://ir.ozone.ru/s3/multimedia-1-8/wc300/13613136344.jpg,"Jijivisha Авточехол Премиум для внедорожника Двухслойный PEVA с алюминиевой пленкой Защита от УФ, дождя и снега Размер YXL+: 520x210x170 см",https://www.ozon.ru/product/2888603648,2888603648,Jijivisha,"汽车罩
Чехол на автомобиль",跨境卖家可售,2783₽,64,185136₽,19%,20%,17.4%,58294,16677,2203,10.07%,0.15%,0.0%,0.0%,0.11%,28.4%,9.31%,8.0%,0₽,4.8,678,AlfaMet,本土卖家,FBO,1760.0 g,"2025-09-23
1 年"
83,#VALUE!,https://ir.ozone.ru/s3/multimedia-1-p/wc300/9022823521.jpg,"Чехол на автомобиль, тент для автомобиля, размер 490 x190 x150 (XL)",https://www.ozon.ru/product/4984732384,4984732384,Gandi Clo,"汽车罩
Чехол на автомобиль",跨境卖家可售,2356₽,61,188690₽,-85%,-85%,17.8%,28577,7119,1864,7.34%,0.09%,67.27%,100.0%,0.14%,29.9%,4.05%,22.0%,18793₽,4.6,1214,TOP STORE,本土卖家,FBO,1060.0 g,"2026-07-07
2 个月"
84,#VALUE!,https://ir.ozone.ru/s3/multimedia-1-h/wc300/11014176005.jpg,"Чехол на автомобиль всесезонный, тент от солнца и дождя 495*190*150 Conflate",https://www.ozon.ru/product/3497589879,3497589879,Conflate,"汽车罩
Чехол на автомобиль",跨境卖家可售,2288₽,61,152788₽,57%,34%,11%,58400,20839,3062,6.76%,0.09%,8.27%,3.06%,0.1%,28.5%,15.32%,15.3%,0₽,4.5,121,CityNature,本土卖家,FBO,2400.0 g,"2026-02-04
7 个月"
85,#VALUE!,https://ir.ozone.ru/s3/multimedia-1-g/wc300/8391789916.jpg,"Чехол на автомобиль 200x70, PEVA, 1 шт.",https://www.ozon.ru/product/3151294422,3151294422,,"汽车罩
Чехол на автомобиль",跨境卖家可售,196₽,58,11059₽,124%,131%,49%,40283,706,1651,18.53%,0.14%,30.41%,100.0%,0.13%,17.0%,16.75%,3.9%,0₽,4.6,158,AlwaysU,跨境卖家,RFBS,72.0 g,"2025-11-25
10 个月"
86,#VALUE!,https://ir.ozone.ru/s3/multimedia-1-s/wc300/9182184472.jpg,"Чехол на автомобиль 245x114.5, Оксфорд, 1 шт.",https://www.ozon.ru/product/3254227461,3254227461,,"汽车罩
Чехол на автомобиль",跨境卖家可售,550₽,57,32711₽,-36%,-41%,55.2%,60781,4887,4223,10.75%,0.22%,45.27%,100.0%,0.09%,12.1%,18.22%,3.7%,0₽,4.7,407,МирУюта,跨境卖家,FBP,350.0 g,"2025-12-18
9 个月"
87,#VALUE!,https://ir.ozone.ru/s3/multimedia-1-y/wc300/9868458742.jpg,"Чехол тент на автомобиль, всесезонный, универсальный защита от дождя, солнца, пыли.",https://www.ozon.ru/product/3765765145,3765765145,,"汽车罩
Чехол на автомобиль",跨境卖家可售,2321₽,57,145608₽,30%,7%,16.5%,64250,45732,2236,7.28%,0.07%,54.19%,100.0%,0.09%,35.0%,18.44%,15.8%,0₽,4.3,117,МаксИ,本土卖家,FBO,2050.0 g,"2026-03-27
6 个月"
88,#VALUE!,https://ir.ozone.ru/s3/multimedia-s/wc300/6838616188.jpg,"XICBOOM Чехол на автомобиль ""D"" Применяется для кроссоверов и внедорожников(510x195x180cm), Оксфорд, Брезент, 1 шт.",https://www.ozon.ru/product/1303302880,1303302880,XICBOOM,"汽车罩
Чехол на автомобиль",跨境卖家可售,2638₽,55,143917₽,38%,38%,50%,160973,13681,7091,7.41%,0.1%,49.39%,100.0%,0.03%,9.1%,35.9%,8.4%,0₽,4.8,4880,Tengxi auto supplies franchise store,跨境卖家,RFBS,1724.0 g,"2023-11-22
2 年 10 个月"
89,#VALUE!,https://ir.ozone.ru/s3/multimedia-1-l/wc300/11642460753.jpg,"Чехол на автомобиль 600x350, Пластик, 1 шт.",https://www.ozon.ru/product/4773708612,4773708612,,"汽车罩
Чехол на автомобиль",跨境卖家可售,212₽,55,11046₽,686%,772%,49.9%,20950,752,1165,14.5%,0.13%,0.0%,0.0%,0.26%,32.5%,24.23%,5.5%,0₽,5.0,2,ninglang shop,跨境卖家,RFBS,196.0 g,"2026-06-17
3 个月"
90,#VALUE!,https://ir.ozone.ru/s3/multimedia-1-r/wc300/7228131363.jpg,"Чехол на автомобиль 500x200x190, Оксфорд, Велюр искусственный, 1 шт.",https://www.ozon.ru/product/1939732491,1939732491,,"汽车罩
Чехол на автомобиль",跨境卖家可售,4884₽,54,265073₽,32%,36%,50%,102966,13791,5793,5.97%,0.07%,22.85%,100.0%,0.05%,14.7%,12.67%,13.8%,0₽,4.7,2059,Бутик-магазин 2,跨境卖家,RFBS,4950.0 g,"2025-03-14
1 年 6 个月"
91,#VALUE!,https://ir.ozone.ru/s3/multimedia-1-o/wc300/8824930476.jpg,"Чехол на автомобиль 43*35*18, Полимерный материал, Синтепон, 1 шт.",https://www.ozon.ru/product/4384212200,4384212200,,"汽车罩
Чехол на автомобиль",跨境卖家可售,4547₽,53,23321₽,1225%,68%,17.9%,8665,3013,713,12.48%,0.23%,49.48%,100.0%,0.6%,58.4%,9.62%,15.4%,22491₽,4.5,11,Ozon Россия,本土卖家,FBO,2872.0 g,"2026-05-21
4 个月"
92,#VALUE!,https://ir.ozone.ru/s3/multimedia-1-1/wc300/7208083405.jpg,"Чехол на автомобиль 460x180x170, Оксфорд, 1 шт.",https://www.ozon.ru/product/1939734258,1939734258,,"汽车罩
Чехол на автомобиль",跨境卖家可售,3721₽,52,253843₽,300%,313%,50%,153251,56951,9842,4.41%,0.23%,21.54%,100.0%,0.03%,11.8%,51.2%,12.0%,0₽,4.7,2059,Бутик-магазин 2,跨境卖家,RFBS,4950.0 g,"2025-03-14
1 年 6 个月"
93,#VALUE!,https://ir.ozone.ru/s3/multimedia-1-o/wc300/7228132116.jpg,"Чехол на автомобиль 460x180x170, Оксфорд, 1 шт.",https://www.ozon.ru/product/1939732397,1939732397,,"汽车罩
Чехол на автомобиль",跨境卖家可售,4874₽,51,249995₽,7%,9%,50%,84579,19525,5424,6.19%,0.13%,21.2%,100.0%,0.06%,14.6%,12.65%,4.1%,0₽,4.7,2059,Бутик-магазин 2,跨境卖家,RFBS,4950.0 g,"2025-03-14
1 年 6 个月"
94,#VALUE!,https://ir.ozone.ru/s3/multimedia-1-i/wc300/8569318662.jpg,Гайка для автотента,https://www.ozon.ru/product/3575148440,3575148440,PRIMETEX,"汽车罩
Чехол на автомобиль",跨境卖家可售,41₽,50,2050₽,100%,100%,-50.5%,1397,403,494,14.97%,0.0%,0.0%,0.0%,3.58%,67.6%,0.0%,0.0%,0₽,4.8,3402,PRIMETEX,本土卖家,FBO,400.0 g,"2026-03-02
6 个月"
95,#VALUE!,https://ir.ozone.ru/s3/multimedia-1-l/wc300/11476977465.jpg,"Jijivisha Чехол на автомобиль, PEVA, 1 шт.",https://www.ozon.ru/product/3513164686,3513164686,Jijivisha,"汽车罩
Чехол на автомобиль",跨境卖家可售,932₽,50,75559₽,-61%,-64%,8.6%,66075,13091,3439,8.89%,0.16%,1.47%,6.58%,0.07%,15.0%,12.32%,19.6%,0₽,4.2,912,Car Protector,本土卖家,FBO,684.0 g,"2026-02-08
7 个月"
96,#VALUE!,https://ir.ozone.ru/s3/multimedia-1-p/wc300/13672930165.jpg,"Чехол на автомобиль 600x350, Пластик, 1 шт.",https://www.ozon.ru/product/3975996668,3975996668,,"汽车罩
Чехол на автомобиль",跨境卖家可售,224₽,50,12302₽,-88%,-84%,51.2%,43397,2200,1467,6.47%,0.68%,53.84%,100.0%,0.11%,49.5%,0.0%,6.4%,0₽,4.6,1716,NovaMart,跨境卖家,FBP,164.0 g,"2026-04-17
5 个月"
97,#VALUE!,https://ir.ozone.ru/s3/multimedia-1-g/wc300/8568634120.jpg,Накидка обогрев на сиденье автомобиля от прикуривателя 12 В AVS,https://www.ozon.ru/product/3229567172,3229567172,AVS,"汽车罩
Чехол на автомобиль",跨境卖家可售,1323₽,49,58061₽,4800%,6498%,12.6%,21698,1722,1278,16.35%,0.75%,27.56%,9.4%,0.22%,22.5%,0.0%,4.3%,4432₽,5.0,9,AVS - Официальный магазин,本土卖家,FBS,475.0 g,"2025-12-12
9 个月"
98,#VALUE!,https://ir.ozone.ru/s3/multimedia-1-u/wc300/9038492958.jpg,"Чехол на автомобиль 135х60, Нейлон, 3 шт.",https://www.ozon.ru/product/3510039493,3510039493,,"汽车罩
Чехол на автомобиль",跨境卖家可售,1128₽,48,48168₽,300%,309%,56%,20846,2108,761,16.29%,0.42%,41.38%,100.0%,0.22%,36.3%,16.58%,6.7%,0₽,4.9,17,YONG QI,跨境卖家,FBP,1500.0 g,"2026-02-07
7 个月"
99,#VALUE!,https://ir.ozone.ru/s3/multimedia-1-c/wc300/8822924436.jpg,Чехол на автомобиль,https://www.ozon.ru/product/3401339648,3401339648,,"汽车罩
Чехол на автомобиль",跨境卖家可售,318₽,47,14682₽,2250%,2159%,52.5%,101425,1575,1995,12.28%,0.12%,34.92%,100.0%,0.05%,19.2%,31.17%,8.6%,0₽,4.7,50,Fino Goods,跨境卖家,RFBS,380.0 g,"2026-01-17
8 个月"
100,#VALUE!,https://ir.ozone.ru/s3/multimedia-1-3/wc300/11476672959.jpg,"Jijivisha Чехол на автомобиль 430x160x130, PEVA, 1 шт.",https://www.ozon.ru/product/3513165547,3513165547,Jijivisha,"汽车罩
Чехол на автомобиль",跨境卖家可售,842₽,47,67423₽,-27%,-36%,9.7%,55932,11380,4079,6.88%,0.16%,4.44%,6.99%,0.08%,15.3%,12.81%,11.7%,0₽,4.2,912,Car Protector,本土卖家,FBO,670.0 g,"2026-02-08
7 个月"
101,#VALUE!,https://ir.ozone.ru/s3/multimedia-1-r/wc300/12346729479.jpg,"Чехол на автомобиль 750X480, Пластик, 1 шт.",https://www.ozon.ru/product/5011615820,5011615820,,"汽车罩
Чехол на автомобиль",跨境卖家可售,439₽,46,20628₽,120%,115%,53.4%,520,255,88,1.13%,0.0%,50.0%,100.0%,7.69%,4000.0%,0.0%,0.0%,0₽,,,ПремиумТоварСервис,跨境卖家,RFBS,259.0 g,"2026-07-09
2 个月"
102,#VALUE!,https://ir.ozone.ru/s3/multimedia-1-v/wc300/13694174851.jpg,"Чехол на автомобиль / тент на машину / защищает от дождя, пыли и снега, подходит для всех сезонов, 1 шт., универсальный, размер 4900*1800*1500 ммТкань Оксфорд",https://www.ozon.ru/product/4911037196,4911037196,,"汽车罩
Чехол на автомобиль",跨境卖家可售,2010₽,46,92460₽,100%,100%,16.3%,40666,7877,1758,13.02%,0.1%,79.15%,100.0%,0.11%,20.1%,22.34%,17.4%,0₽,4.9,9,ЦЕНТР КАЧЕСТВА,本土卖家,FBO,1080.0 g,"2026-07-01
2 个月"
103,#VALUE!,https://ir.ozone.ru/s3/multimedia-1-x/wc300/7497721617.jpg,"Чехол на автомобиль, тент для автомобиля (L)",https://www.ozon.ru/product/193587488,193587488,Autoprofi,"汽车罩
Чехол на автомобиль",跨境卖家可售,2250₽,45,104195₽,4400%,5324%,16.4%,24330,8666,1570,7.77%,0.15%,24.38%,100.0%,0.18%,36.9%,4.7%,8.9%,0₽,4.9,2190,ТД «АВТОПРОФИ»,本土卖家,FBO,1423.0 g,"2020-09-14
6 年 1 个月"
104,#VALUE!,https://ir.ozone.ru/s3/multimedia-1-g/wc300/14081560324.jpg,"Тент для авто / чехол на автомобиль, CARTAGE, XXL, 510х180х120 см",https://www.ozon.ru/product/2202361455,2202361455,Cartage,"汽车罩
Чехол на автомобиль",跨境卖家可售,1619₽,45,71047₽,-55%,-57%,14.1%,43388,8651,2370,7.51%,0.11%,13.04%,100.0%,0.09%,20.8%,12.48%,13.6%,36394₽,4.4,1325,Сима-Ленд - Интерьер,本土卖家,FBO,1050.0 g,"2025-05-28
1 年 4 个月"
105,#VALUE!,https://ir.ozone.ru/s3/multimedia-1-3/wc300/13267667091.jpg,"Чехол на автомобиль / тент на авто / защищает машину от дождя, пыли и снега - 490*200*185 см",https://www.ozon.ru/product/5077913352,5077913352,,"汽车罩
Чехол на автомобиль",跨境卖家可售,3529₽,44,145940₽,76%,44%,18.8%,66194,16164,3346,6.66%,0.12%,57.48%,100.0%,0.06%,17.0%,6.4%,18.5%,0₽,4.7,1678,ВяКс,本土卖家,FBO,2000.0 g,"2026-07-15
2 个月"
106,#VALUE!,https://ir-20.ozone.ru/s3/multimedia-1-s/wc300/11812660696.jpg,"Чехол на автомобиль 530*250, Оксфорд, Композитный материал, 1 шт.",https://www.ozon.ru/product/4956268196,4956268196,,"汽车罩
Чехол на автомобиль",跨境卖家可售,1501₽,44,61633₽,-69%,-68%,50%,83824,6897,5978,8.06%,0.27%,29.96%,100.0%,0.05%,8.7%,14.27%,23.9%,0₽,4.0,60,Людмила,跨境卖家,RFBS,1300.0 g,"2026-07-04
2 个月"
107,#VALUE!,https://ir.ozone.ru/s3/multimedia-1-x/wc300/9029920893.jpg,"Чехол на автомобиль 236x145, Алюминий, 1 шт.",https://www.ozon.ru/product/3067443351,3067443351,,"汽车罩
Чехол на автомобиль",跨境卖家可售,1246₽,44,51403₽,239%,237%,13.7%,63717,5062,4347,12.26%,0.17%,40.46%,100.0%,0.07%,8.1%,20.7%,7.0%,0₽,4.8,223,Daily department store,本土卖家,FBS,1200.0 g,"2025-11-05
10 个月"
108,#VALUE!,https://ir.ozone.ru/s3/multimedia-1-y/wc300/9182180698.jpg,"Чехол на автомобиль 245x114.5, Оксфорд, 1 шт.",https://www.ozon.ru/product/3269927856,3269927856,,"汽车罩
Чехол на автомобиль",跨境卖家可售,550₽,43,23573₽,115%,105%,55.2%,30933,3148,2861,9.19%,0.06%,44.31%,100.0%,0.12%,14.1%,12.85%,8.2%,0₽,4.7,407,МирУюта,跨境卖家,FBP,350.0 g,"2025-12-22
9 个月"
109,#VALUE!,https://ir.ozone.ru/s3/multimedia-1-g/wc300/8003262832.jpg,"Чехол на автомобиль, тент для машины универсальный, 495х190х150 см, черный, оранжевый",https://www.ozon.ru/product/3442320460,3442320460,,"汽车罩
Чехол на автомобиль",跨境卖家可售,2782₽,43,127411₽,72%,59%,17.9%,30545,7188,2599,5.84%,0.11%,66.03%,100.0%,0.12%,24.3%,3.8%,10.9%,0₽,4.7,193,Shield Case,本土卖家,FBO,1250.0 g,"2026-01-24
8 个月"
110,#VALUE!,https://ir.ozone.ru/s3/multimedia-1-r/wc300/11014169643.jpg,"Чехол на автомобиль всесезонный, тент от солнца и дождя 495*180*160 Conflate",https://www.ozon.ru/product/3497595868,3497595868,Conflate,"汽车罩
Чехол на автомобиль",跨境卖家可售,2142₽,43,111927₽,139%,108%,11%,31421,17283,2251,5.28%,0.08%,12.31%,11.14%,0.14%,36.1%,14.99%,9.4%,0₽,4.5,121,CityNature,本土卖家,FBO,2650.0 g,"2026-02-04
7 个月"
111,#VALUE!,https://ir.ozone.ru/s3/multimedia-1-3/wc300/13467111555.jpg,"Чехол на автомобиль, тент для автомобиля, авточехол, размер 490cm*190cm*150cm, PEVA",https://www.ozon.ru/product/4754205748,4754205748,,"汽车罩
Чехол на автомобиль",跨境卖家可售,2344₽,43,97400₽,187%,96%,14%,35925,7348,1386,13.13%,0.17%,74.78%,100.0%,0.11%,22.5%,8.05%,19.6%,8083₽,4.9,9,Реборн Маркет,本土卖家,FBO,1750.0 g,"2026-06-16
3 个月"
112,#VALUE!,https://ir.ozone.ru/s3/multimedia-1-j/wc300/14959493371.jpg,Тент для автомобиля УРАЛ 4320 (двухсторонний ПВХ материал 550 г/кв.м),https://www.ozon.ru/product/4417406107,4417406107,,"汽车罩
Чехол на автомобиль",跨境卖家可售,17965₽,43,727452₽,54%,72%,16.1%,10098,2547,1036,6.85%,0.74%,0.0%,0.0%,0.37%,52.1%,0.0%,8.2%,0₽,5.0,35,ТЕНТ ЭКСПЕРТ,本土卖家,FBS,20000.0 g,"2026-05-23
4 个月"
113,#VALUE!,https://ir.ozone.ru/s3/multimedia-1-e/wc300/7013886782.jpg,"МобильПРО Чехол на автомобиль 450х180х150, Оксфорд, 1 шт.",https://www.ozon.ru/product/1560008118,1560008118,МобильПРО,"汽车罩
Чехол на автомобиль",跨境卖家可售,3340₽,42,151652₽,-9%,-23%,17.3%,61009,15973,2811,7.89%,0.06%,4.92%,81.19%,0.06%,17.6%,10.05%,10.3%,0₽,4.9,3331,QUANTUM,本土卖家,FBO,2800.0 g,"2024-04-26
2 年 5 个月"
114,#VALUE!,https://ir.ozone.ru/s3/multimedia-1-s/wc300/10243752976.jpg,"МобильПРО Чехол на автомобиль 470х180х150, Оксфорд, 1 шт.",https://www.ozon.ru/product/1560409945,1560409945,МобильПРО,"汽车罩
Чехол на автомобиль",跨境卖家可售,3379₽,42,156410₽,28%,8%,12.4%,44255,17423,2199,6.5%,0.04%,4.41%,97.32%,0.09%,27.3%,6.4%,18.0%,0₽,4.9,3331,QUANTUM,本土卖家,FBO,2850.0 g,"2024-04-26
2 年 5 个月"
115,#VALUE!,https://ir.ozone.ru/s3/multimedia-1-d/wc300/10434100261.jpg,"Чехол на автомобиль, Оксфорд 210D, 1 шт.",https://www.ozon.ru/product/4289077317,4289077317,,"汽车罩
Чехол на автомобиль",跨境卖家可售,1525₽,41,60247₽,52%,52%,50%,39367,5278,2528,9.01%,0.51%,0.0%,0.0%,0.1%,17.5%,28.97%,13.2%,0₽,4.7,33,Starlight Emporium,跨境卖家,RFBS,1200.0 g,"2026-05-13
4 个月"
116,#VALUE!,https://ir.ozone.ru/s3/multimedia-1-b/wc300/7199700239.jpg,"МобильПРО Чехол на автомобиль 430х180х150, Оксфорд, 1 шт.",https://www.ozon.ru/product/1556727487,1556727487,МобильПРО,"汽车罩
Чехол на автомобиль",跨境卖家可售,3334₽,41,149695₽,-26%,-39%,12.9%,50685,17352,2165,7.11%,0.04%,2.78%,70.04%,0.08%,26.6%,6.0%,14.7%,0₽,4.9,3331,QUANTUM,本土卖家,FBO,2800.0 g,"2024-04-24
2 年 5 个月"
117,#VALUE!,https://ir.ozone.ru/s3/multimedia-1-j/wc300/13066868575.jpg,"Jijivisha Чехол на автомобиль 490x180x150, Оксфорд 210D, Оксфорд, 1 шт.",https://www.ozon.ru/product/3513164679,3513164679,Jijivisha,"汽车罩
Чехол на автомобиль",跨境卖家可售,1908₽,41,123139₽,-67%,-69%,15.4%,58169,7523,2771,6.92%,0.03%,12.38%,28.03%,0.07%,20.8%,7.8%,27.5%,0₽,4.8,478,Car Protector,本土卖家,FBO,1760.0 g,"2026-02-08
7 个月"
118,#VALUE!,https://ir.ozone.ru/s3/multimedia-1-e/wc300/9827168378.jpg,Чехол на автомобиль,https://www.ozon.ru/product/3960261611,3960261611,,"汽车罩
Чехол на автомобиль",跨境卖家可售,503₽,41,19278₽,174%,172%,55.1%,20042,391,1554,14.09%,0.25%,50.0%,100.0%,0.2%,18.3%,0.0%,12.5%,0₽,5.0,11,Happy Pig,跨境卖家,FBP,360.0 g,"2026-04-15
5 个月"
119,#VALUE!,https://ir.ozone.ru/s3/multimedia-0/wc300/6723263448.jpg,"Тент для Газель 3302 старого образца (400 г/кв.м, двухсторонний ПВХ материал)",https://www.ozon.ru/product/4735975615,4735975615,,"汽车罩
Чехол на автомобиль",跨境卖家可售,6671₽,41,270448₽,142%,149%,17.2%,16364,7197,1254,8.93%,0.3%,0.0%,0.0%,0.24%,34.8%,0.0%,12.9%,0₽,4.9,9,ТЕНТ ЭКСПЕРТ,本土卖家,FBS,8700.0 g,"2026-06-15
3 个月"
120,#VALUE!,https://ir.ozone.ru/s3/multimedia-1-h/wc300/13997363885.jpg,"МобильПРО Чехол на автомобиль 490х200х190, Оксфорд, 1 шт.",https://www.ozon.ru/product/1693389299,1693389299,МобильПРО,"汽车罩
Чехол на автомобиль",跨境卖家可售,3421₽,40,157180₽,-29%,-40%,16.5%,66302,21780,2576,7.99%,0.08%,6.48%,100.0%,0.05%,17.5%,10.04%,16.7%,0₽,4.9,3331,QUANTUM,本土卖家,FBO,3100.0 g,"2024-09-14
2 年"
121,#VALUE!,https://ir.ozone.ru/s3/multimedia-1-7/wc300/11764639483.jpg,"Чехол на автомобиль, Оксфорд, Оксфорд 210D, 1 шт.",https://www.ozon.ru/product/4816823363,4816823363,,"汽车罩
Чехол на автомобиль",跨境卖家可售,1420₽,40,56880₽,345%,300%,55.1%,12571,4495,1300,9.84%,0.35%,0.0%,0.0%,0.32%,31.3%,32.97%,2.5%,0₽,4.9,17,jiahe4,跨境卖家,RFBS,1080.0 g,"2026-06-22
3 个月"
122,#VALUE!,https://ir-20.ozone.ru/s3/multimedia-2/wc300/6824762462.jpg,Чехлы универсальные для автомобильных сидений из экокожи (черный) Защитная накидка на автомобильное сидение,https://www.ozon.ru/product/1393359874,1393359874,VSM,"汽车罩
Чехол на автомобиль",跨境卖家可售,2048₽,39,113980₽,-70%,-74%,17.2%,36542,2847,1639,11.59%,0.03%,36.26%,100.0%,0.09%,16.8%,18.78%,43.8%,56977₽,4.8,398,Natali,本土卖家,FBS,700.0 g,"2024-01-18
2 年 8 个月"
123,#VALUE!,https://ir.ozone.ru/s3/multimedia-1-y/wc300/7652959558.jpg,"Тент чехол на машину для седана PSV с подкладкой и молнией, размер L (470x180x150), Серый",https://www.ozon.ru/product/2302392298,2302392298,PSV,"汽车罩
Чехол на автомобиль",跨境卖家可售,2403₽,39,108544₽,12%,-1%,15%,60625,12042,2804,5.27%,0.09%,47.82%,100.0%,0.06%,23.6%,9.34%,11.5%,0₽,4.5,1546,PSV - Автоаксессуары,本土卖家,FBS,2700.0 g,"2025-06-16
1 年 3 个月"
124,#VALUE!,https://ir.ozone.ru/s3/multimedia-1-0/wc300/8899579044.jpg,"Чехол на внедорожник универсальный, тент для машины, кроссовера, джипа 495х196х180 см, черный, серый",https://www.ozon.ru/product/3442291022,3442291022,,"汽车罩
Чехол на автомобиль",跨境卖家可售,2632₽,39,115182₽,1200%,331%,17.3%,43062,6927,2576,7.49%,0.07%,67.52%,100.0%,0.09%,19.7%,4.69%,5.3%,0₽,4.7,193,Shield Case,本土卖家,FBO,1300.0 g,"2026-01-24
8 个月"
125,#VALUE!,https://ir.ozone.ru/s3/multimedia-1-u/wc300/9239495430.jpg,"Чехол на автомобиль 220, Оксфорд, 1 шт.",https://www.ozon.ru/product/3612425780,3612425780,,"汽车罩
Чехол на автомобиль",跨境卖家可售,474₽,39,17894₽,200%,195%,53.9%,25421,2206,1844,15.61%,0.27%,0.0%,0.0%,0.15%,13.5%,32.36%,0.0%,0₽,4.8,33,Sun Boutique,跨境卖家,RFBS,250.0 g,"2026-03-09
6 个月"
126,#VALUE!,https://ir.ozone.ru/s3/multimedia-1-2/wc300/13884069314.jpg,"Чехол на автомобиль Chevrolet Niva （2002-2020）/Шевроле Нива,Внедорожник 5 дв,защищает от дождя,пыли и снега,подходит для всех сезонов,высокоплотная,материал авиационного стандарта, Оксфорд 210D, 1 шт.",https://www.ozon.ru/product/3990858660,3990858660,,"汽车罩
Чехол на автомобиль",跨境卖家可售,2551₽,39,79481₽,200%,237%,50%,17047,8697,1087,14.35%,0.17%,24.75%,100.0%,0.21%,23.1%,7.06%,8.4%,0₽,3.0,2,BBBBDAN,跨境卖家,RFBS,2000.0 g,"2026-04-18
5 个月"
127,#VALUE!,https://ir-20.ozone.ru/s3/multimedia-1-x/wc300/8396807865.jpg,"Чехол на автомобиль 475x180x150, PEVA, 1 шт.",https://www.ozon.ru/product/3152239425,3152239425,,"汽车罩
Чехол на автомобиль",跨境卖家可售,3330₽,39,94940₽,-16%,-30%,17%,30128,18838,1019,13.73%,0.1%,42.26%,31.19%,0.11%,24.3%,6.76%,11.8%,0₽,4.7,154,ЧехолОК,本土卖家,FBO,1440.0 g,"2025-11-25
10 个月"
128,#VALUE!,https://ir.ozone.ru/s3/multimedia-1-m/wc300/7652959618.jpg,"Тент чехол на машину для хетчбека PSV с подкладкой и молнией, размер M (415x175x145), Серый",https://www.ozon.ru/product/2302393594,2302393594,PSV,"汽车罩
Чехол на автомобиль",跨境卖家可售,2593₽,38,111467₽,23%,25%,15.5%,60668,12138,2798,5.46%,0.06%,49.62%,100.0%,0.06%,23.5%,11.17%,0.0%,0₽,4.5,1546,PSV - Автоаксессуары,本土卖家,FBS,2400.0 g,"2025-06-16
1 年 3 个月"
129,#VALUE!,https://ir.ozone.ru/s3/multimedia-1-0/wc300/13565003220.jpg,"Jijivisha Чехол автомобильный алюминиевая пленка, защита от солнца дождя пыли, для кроссовера джипа, размер YM 430х175х150 см",https://www.ozon.ru/product/2263589229,2263589229,Jijivisha,"汽车罩
Чехол на автомобиль",跨境卖家可售,2084₽,38,88275₽,-66%,-59%,17.3%,93342,13501,5553,4.95%,0.05%,0.0%,0.0%,0.04%,12.7%,12.23%,8.6%,0₽,4.6,5496,AlfaMet,本土卖家,FBO,2200.0 g,"2025-06-10
1 年 3 个月"
130,#VALUE!,https://ir.ozone.ru/s3/multimedia-1-d/wc300/14778098473.jpg,"Чехол на автомобиль / тент на машину / защищает от дождя, пыли и снега, подходит для всех сезонов, универсальный, размер 5400*1750*1500 ммТкань Оксфорд",https://www.ozon.ru/product/4783820178,4783820178,,"汽车罩
Чехол на автомобиль",跨境卖家可售,2192₽,37,91530₽,517%,647%,16.8%,51357,7974,4259,6.9%,0.02%,62.11%,100.0%,0.07%,12.6%,12.24%,21.7%,0₽,5.0,2379,МощьТулс,本土卖家,FBO,1600.0 g,"2026-06-18
3 个月"
131,#VALUE!,https://ir.ozone.ru/s3/multimedia-1-t/wc300/15128445197.jpg,"Jijivisha Чехол на автомобиль 400x160x120, Фольга, 1 шт.",https://www.ozon.ru/product/3513164525,3513164525,Jijivisha,"汽车罩
Чехол на автомобиль",跨境卖家可售,1276₽,37,60264₽,-25%,-26%,12.2%,65256,12885,2175,7.86%,0.1%,0.04%,5.9%,0.06%,21.6%,12.89%,20.6%,0₽,4.7,550,Car Protector,本土卖家,FBO,2200.0 g,"2026-02-08
7 个月"
132,#VALUE!,https://ir.ozone.ru/s3/multimedia-1-v/wc300/10172979463.jpg,"Jijivisha Чехол на автомобиль 158*116, Оксфорд 210D, 1 шт.",https://www.ozon.ru/product/3740575933,3740575933,Jijivisha,"汽车罩
Чехол на автомобиль",跨境卖家可售,688₽,37,26970₽,16%,-13%,4.1%,43793,13997,1692,11.93%,0.18%,0.0%,0.0%,0.08%,18.3%,22.19%,8.2%,0₽,4.6,65,Car Protector,本土卖家,FBO,650.0 g,"2026-03-25
6 个月"
133,#VALUE!,https://ir-20.ozone.ru/s3/multimedia-1-f/wc300/7433277639.jpg,"Накидка защитная магнитная на крыло 590х790мм, в чехле",https://www.ozon.ru/product/1953065184,1953065184,ROCKFORCE,"汽车罩
Чехол на автомобиль",跨境卖家可售,517₽,36,19216₽,415%,443%,2.9%,11593,1313,807,8.92%,0.91%,0.0%,0.0%,0.28%,44.4%,0.0%,0.0%,0₽,4.8,254,FORSAGE OFFICIAL STORE,本土卖家,FBS,198.0 g,"2025-03-19
1 年 6 个月"
134,#VALUE!,https://ir.ozone.ru/s3/multimedia-1-g/wc300/11702291668.jpg,"Чехол на автомобиль 600x350, Пластик, 1 шт.",https://www.ozon.ru/product/4795915835,4795915835,,"汽车罩
Чехол на автомобиль",跨境卖家可售,199₽,36,6684₽,800%,926%,49.3%,21262,1365,1116,13.79%,0.58%,62.95%,100.0%,0.17%,23.4%,19.4%,8.4%,0₽,,,Yu7,跨境卖家,RFBS,196.0 g,"2026-06-19
3 个月"
135,#VALUE!,https://ir.ozone.ru/s3/multimedia-1-b/wc300/13392823655.jpg,"Jijivisha Чехол на автомобиль 480x175x150, Фольга, 1 шт.",https://www.ozon.ru/product/3513164684,3513164684,Jijivisha,"汽车罩
Чехол на автомобиль",跨境卖家可售,1297₽,35,76477₽,-26%,-24%,12.3%,55729,10613,2867,6.52%,0.09%,0.0%,0.0%,0.06%,18.2%,14.46%,11.8%,0₽,4.7,550,Car Protector,本土卖家,FBO,2200.0 g,"2026-02-08
7 个月"
136,#VALUE!,https://ir.ozone.ru/s3/multimedia-1-n/wc300/11217258095.jpg,"Чехол на автомобиль Renault  LoganⅠ/Ⅱ(2004-2022)/Рено Логан,Седан,защищает от дождя,пыли и снега,подходит для всех сезонов,высокоплотная,материал авиационного стандарта, Оксфорд 210D, 1 шт.",https://www.ozon.ru/product/3725446052,3725446052,,"汽车罩
Чехол на автомобиль",跨境卖家可售,2446₽,35,86282₽,85%,80%,50%,37252,9759,1412,12.11%,0.2%,51.21%,100.0%,0.09%,19.3%,14.41%,15.2%,0₽,4.9,11,В универмаге.2,跨境卖家,RFBS,1500.0 g,"2026-03-23
6 个月"
137,#VALUE!,https://ir.ozone.ru/s3/multimedia-1-r/wc300/12824503011.jpg,"Чехол на автомобиль 400x160x120, PEVA, 1 шт.",https://www.ozon.ru/product/4948984626,4948984626,,"汽车罩
Чехол на автомобиль",跨境卖家可售,910₽,35,34178₽,-84%,-82%,9.4%,22748,6012,1259,11.99%,0.41%,27.3%,100.0%,0.16%,24.5%,0.0%,24.4%,21077₽,4.2,183,NNN MARKET,本土卖家,FBS,900.0 g,"2026-07-03
2 个月"
138,#VALUE!,https://ir.ozone.ru/s3/multimedia-1-j/wc300/11979374059.jpg,"Чехол на автомобиль 530*250, ABS пластик, 1 шт.",https://www.ozon.ru/product/4890335329,4890335329,,"汽车罩
Чехол на автомобиль",跨境卖家可售,1222₽,35,40302₽,1067%,1037%,55%,25997,1773,2094,11.74%,0.16%,0.0%,0.0%,0.13%,14.2%,5.81%,5.8%,0₽,2.0,1,Торговая торговля в ченге,跨境卖家,RFBS,1100.0 g,"2026-06-29
2 个月"
139,#VALUE!,https://ir.ozone.ru/s3/multimedia-1-l/wc300/7252203945.jpg,"XICBOOM Чехол на автомобиль Toyota Land Cruiser, Оксфорд 210D, 1 шт.",https://www.ozon.ru/product/1786126602,1786126602,XICBOOM,"汽车罩
Чехол на автомобиль",跨境卖家可售,3050₽,34,110725₽,48%,55%,51%,20369,8263,937,10.35%,0.1%,48.39%,100.0%,0.15%,32.0%,6.73%,6.5%,0₽,4.8,185,Tengxi auto supplies franchise store,跨境卖家,FBP,1700.0 g,"2024-12-14
1 年 9 个月"
140,#VALUE!,https://ir.ozone.ru/s3/multimedia-1-5/wc300/11498385353.jpg,"Чехол на автомобиль Ваз Lada 2107 1982–2012, Оксфорд, Мембранные материалы, 1 шт.",https://www.ozon.ru/product/4722031558,4722031558,,"汽车罩
Чехол на автомобиль",跨境卖家可售,1698₽,34,58406₽,325%,297%,50%,17634,8745,887,14.09%,0.37%,56.24%,100.0%,0.19%,26.4%,20.16%,3.1%,0₽,5.0,4,fei yue333,跨境卖家,RFBS,1475.0 g,"2026-06-14
3 个月"
141,#VALUE!,https://ir.ozone.ru/s3/multimedia-1-1/wc300/10090258849.jpg,"Чехол для автомобиля, тент для автомобиля, размер 480 x190 x185 (XXL)",https://www.ozon.ru/product/5555359213,5555359213,Gandi Clo,"汽车罩
Чехол на автомобиль",跨境卖家可售,2706₽,34,92004₽,3300%,3792%,17.4%,20753,15864,1690,4.85%,0.11%,61.91%,100.0%,0.17%,43.9%,19.3%,5.6%,0₽,5.0,2590,TOP STORE,本土卖家,FBO,1278.0 g,"2026-08-21
1 个月"
142,#VALUE!,https://ir.ozone.ru/s3/multimedia-1-q/wc300/9132864938.jpg,"Jijivisha Летний универсальный тент-чехол для автомобиля, материал PEVA + алюминиевая пленка, защита от солнца, жары, ультрафиолета, дождя и пыли, размер L 480х175х120 см",https://www.ozon.ru/product/1813972537,1813972537,Jijivisha,"汽车罩
Чехол на автомобиль",跨境卖家可售,1749₽,34,60538₽,-32%,-39%,14.9%,27162,6886,1417,7.62%,0.11%,0.0%,0.0%,0.12%,29.6%,8.53%,18.8%,0₽,4.6,6815,Jijivisha Top,本土卖家,FBO,1300.0 g,"2025-01-03
1 年 8 个月"
143,#VALUE!,https://ir.ozone.ru/s3/multimedia-1-i/wc300/7497727722.jpg,"Чехол на автомобиль, тент для автомобиля (XL)",https://www.ozon.ru/product/193587514,193587514,Autoprofi,"汽车罩
Чехол на автомобиль",跨境卖家可售,3478₽,33,114774₽,3200%,2074%,18.4%,22760,8790,1287,8.93%,0.1%,45.2%,25.81%,0.14%,28.7%,5.84%,6.1%,0₽,4.8,2190,ТД «АВТОПРОФИ»,本土卖家,FBO,1460.0 g,"2020-09-14
6 年 1 个月"
144,#VALUE!,https://ir.ozone.ru/s3/multimedia-1-p/wc300/8582282737.jpg,"Чехол на автомобиль 540x175x150, PEVA, Велюр антистресс, 1 шт.",https://www.ozon.ru/product/4672681400,4672681400,,"汽车罩
Чехол на автомобиль",跨境卖家可售,1052₽,33,36006₽,3200%,2896%,55%,7714,5314,739,18.13%,0.48%,56.14%,100.0%,0.41%,23.9%,17.01%,34.4%,0₽,5.0,1,yuanmouxianxunkailei,跨境卖家,RFBS,1760.0 g,"2026-06-10
3 个月"
145,#VALUE!,https://ir.ozone.ru/s3/multimedia-s/wc300/6626793484.jpg,"Тент на Газель 3302 БИЗНЕС, 6 люверсов (400 г/кв.м, двухсторонний ПВХ материал)",https://www.ozon.ru/product/4467113102,4467113102,Автопласт,"汽车罩
Чехол на автомобиль",跨境卖家可售,6774₽,33,221153₽,200%,208%,17.5%,9833,3291,660,9.39%,0.36%,0.0%,0.0%,0.33%,51.6%,0.0%,18.8%,0₽,5.0,7,ТЕНТ ЭКСПЕРТ,本土卖家,FBS,8700.0 g,"2026-05-27
3 个月"
146,#VALUE!,https://ir.ozone.ru/s3/multimedia-1-d/wc300/13940374225.jpg,"Чехол на автомобиль TOZAROA чехол-тент на автомобиль Lada 2107 (Лада 2107, ВАЗ-2107) 1982–2012, защита от дождя, снега, солнца и пыли, для улицы, парковки и гаража, PEVA, 1 шт.",https://www.ozon.ru/product/5488519842,5488519842,,"汽车罩
Чехол на автомобиль",跨境卖家可售,1852₽,33,61058₽,3200%,3364%,50%,12361,8127,1127,11.53%,0.28%,0.0%,0.0%,0.26%,24.6%,14.96%,15.7%,0₽,3.0,2,Tozaroa cover,跨境卖家,RFBS,1006.0 g,"2026-08-16
1 个月"
147,#VALUE!,https://ir.ozone.ru/s3/multimedia-1-n/wc300/10090283027.jpg,"Чехол для автомобиля, тент для автомобиля, размер 490 x190 x150 (L)",https://www.ozon.ru/product/5555353244,5555353244,Gandi Clo,"汽车罩
Чехол на автомобиль",跨境卖家可售,2583₽,33,85239₽,100%,100%,18%,26379,19973,1945,7.76%,0.17%,81.72%,100.0%,0.19%,33.1%,23.15%,6.0%,0₽,5.0,2590,TOP STORE,本土卖家,FBO,1160.0 g,"2026-08-21
1 个月"
148,#VALUE!,https://ir.ozone.ru/s3/multimedia-1-j/wc300/11306415835.jpg,"Чехол на автомобиль 480x190x180, Велюр искусственный, Оксфорд, 1 шт.",https://www.ozon.ru/product/4648655259,4648655259,,"汽车罩
Чехол на автомобиль",跨境卖家可售,3525₽,33,115526₽,-32%,-32%,50%,60252,1226,3821,7.74%,0.57%,58.63%,100.0%,0.05%,11.1%,4.22%,12.2%,0₽,4.5,41,Сибирский резерв,跨境卖家,RFBS,4950.0 g,"2026-06-09
3 个月"
149,#VALUE!,https://ir.ozone.ru/s3/multimedia-1-i/wc300/13474801818.jpg,"Чехол на автомобиль 480x190x180, Оксфорд 210D, Хлопок, 1 шт.",https://www.ozon.ru/product/2936399956,2936399956,,"汽车罩
Чехол на автомобиль",跨境卖家可售,6882₽,32,219683₽,540%,583%,50%,54756,24890,5066,7.56%,0.22%,58.16%,100.0%,0.06%,8.1%,27.6%,16.2%,0₽,4.9,56,МЕЧТА 7,跨境卖家,RFBS,7000.0 g,"2025-10-06
11 个月"
150,#VALUE!,https://ir-20.ozone.ru/s3/multimedia-1-t/wc300/13695030065.jpg,"Jijivisha Чехол на автомобиль 430x175x150, Оксфорд 210D, Оксфорд, 1 шт.",https://www.ozon.ru/product/3513164528,3513164528,Jijivisha,"汽车罩
Чехол на автомобиль",跨境卖家可售,1786₽,32,96130₽,-22%,-27%,15.6%,41198,3199,1989,7.08%,0.0%,8.95%,30.07%,0.08%,22.7%,6.64%,21.9%,0₽,4.8,478,Car Protector,本土卖家,FBO,1100.0 g,"2026-02-08
7 个月"
151,#VALUE!,https://ir.ozone.ru/s3/multimedia-1-b/wc300/7497708743.jpg,"Чехол на автомобиль, тент для автомобиля (M)",https://www.ozon.ru/product/193587515,193587515,Autoprofi,"汽车罩
Чехол на автомобиль",跨境卖家可售,2667₽,32,85344₽,100%,100%,17.3%,7099,1748,959,8.23%,0.34%,38.32%,100.0%,0.45%,40.5%,0.0%,15.7%,0₽,4.8,2190,ТД «АВТОПРОФИ»,本土卖家,FBO,1300.0 g,"2020-09-14
6 年 1 个月"
152,#VALUE!,https://ir.ozone.ru/s3/multimedia-1-s/wc300/13616214148.jpg,"Jijivisha Чехол на автомобиль 520x175x120, Фольга, 1 шт.",https://www.ozon.ru/product/3513164685,3513164685,Jijivisha,"汽车罩
Чехол на автомобиль",跨境卖家可售,1105₽,32,56295₽,-66%,-62%,10.5%,59965,7065,2972,6.52%,0.09%,13.46%,27.38%,0.05%,14.9%,16.11%,20.7%,0₽,4.7,550,Car Protector,本土卖家,FBO,1374.0 g,"2026-02-08
7 个月"
153,#VALUE!,https://ir.ozone.ru/s3/multimedia-1-1/wc300/11441838169.jpg,"Чехол на автомобиль, Алюминий, 1 шт.",https://www.ozon.ru/product/4702329473,4702329473,,"汽车罩
Чехол на автомобиль",跨境卖家可售,1167₽,32,36259₽,-28%,-29%,55%,53895,2803,4294,9.29%,0.07%,0.0%,0.0%,0.06%,7.5%,24.41%,26.7%,0₽,4.4,27,ВсеДляТебя,跨境卖家,RFBS,1000.0 g,"2026-06-12
3 个月"
154,#VALUE!,https://ir.ozone.ru/s3/multimedia-1-z/wc300/7238663711.jpg,"Чехол на автомобиль 145x110, Искусственные материалы, 1 шт.",https://www.ozon.ru/product/1811955860,1811955860,,"汽车罩
Чехол на автомобиль",跨境卖家可售,346₽,31,10772₽,73%,77%,53.6%,10405,461,490,21.22%,0.65%,0.0%,0.0%,0.25%,25.0%,0.0%,7.7%,0₽,4.8,472,xingchen,跨境卖家,FBP,500.0 g,"2025-01-02
1 年 8 个月"
155,#VALUE!,https://ir.ozone.ru/s3/multimedia-1-n/wc300/13488688967.jpg,"Jijivisha Чехол на автомобиль 430x175x150, Фольга, 1 шт.",https://www.ozon.ru/product/3513164802,3513164802,Jijivisha,"汽车罩
Чехол на автомобиль",跨境卖家可售,1250₽,31,69028₽,-19%,-20%,12.8%,45970,7928,3031,7.52%,0.02%,2.97%,3.7%,0.06%,12.3%,14.13%,14.3%,0₽,4.7,550,Car Protector,本土卖家,FBO,930.0 g,"2026-02-08
7 个月"
156,#VALUE!,https://ir.ozone.ru/s3/multimedia-1-f/wc300/7208083383.jpg,"Чехол на автомобиль 480x190x180, Оксфорд, 1 шт.",https://www.ozon.ru/product/1939732224,1939732224,,"汽车罩
Чехол на автомобиль",跨境卖家可售,4904₽,30,148770₽,329%,343%,50%,37787,4848,2905,6.16%,0.1%,21.0%,100.0%,0.08%,16.2%,3.16%,6.9%,0₽,4.7,2059,Бутик-магазин 2,跨境卖家,RFBS,4950.0 g,"2025-03-14
1 年 6 个月"
157,#VALUE!,https://ir.ozone.ru/s3/multimedia-1-m/wc300/15097857070.jpg,"Jijivisha Чехол автомобильный PEVA + алюминиевая пленка, защита от солнца дождя пыли, для джипа и кроссовера, размер YXL 540х175х150 см",https://www.ozon.ru/product/2263588230,2263588230,Jijivisha,"汽车罩
Чехол на автомобиль",跨境卖家可售,2223₽,30,72970₽,-58%,-58%,16.9%,49476,5187,3691,3.95%,0.07%,15.34%,9.8%,0.06%,19.2%,9.97%,32.2%,0₽,4.6,5496,AlfaMet,本土卖家,FBO,2200.0 g,"2025-06-10
1 年 3 个月"
158,#VALUE!,https://ir.ozone.ru/s3/multimedia-1-x/wc300/8249949717.jpg,"Чехол на автомобиль 460x185x170, Хлопок, Оксфорд 210D, 1 шт.",https://www.ozon.ru/product/2927074506,2927074506,,"汽车罩
Чехол на автомобиль",跨境卖家可售,6828₽,30,206862₽,650%,687%,50%,49572,6627,2732,8.3%,0.09%,57.85%,100.0%,0.06%,12.8%,6.36%,6.9%,0₽,4.8,310,DMPL,跨境卖家,RFBS,6500.0 g,"2025-10-02
11 个月"
159,#VALUE!,https://ir.ozone.ru/s3/multimedia-1-k/wc300/15128986484.jpg,"Jijivisha Чехол на автомобиль 430x160x120, Фольга, 1 шт.",https://www.ozon.ru/product/3513164514,3513164514,Jijivisha,"汽车罩
Чехол на автомобиль",跨境卖家可售,1030₽,30,50036₽,-27%,-34%,9.9%,34913,12266,2215,6.27%,0.08%,0.0%,0.0%,0.09%,21.6%,13.55%,13.4%,0₽,4.7,550,Car Protector,本土卖家,FBO,851.0 g,"2026-02-08
7 个月"
160,#VALUE!,https://ir.ozone.ru/s3/multimedia-1-l/wc300/7444509249.jpg,"Чехол тент на автомобиль, всесезонный, универсальный защита от дождя, солнца, пыли.",https://www.ozon.ru/product/4520449020,4520449020,,"汽车罩
Чехол на автомобиль",跨境卖家可售,2248₽,30,79903₽,-22%,-32%,16.4%,47170,36905,1647,6.8%,0.05%,53.84%,100.0%,0.06%,25.9%,26.31%,13.8%,0₽,4.3,117,МаксИ,本土卖家,FBO,2050.0 g,"2026-05-31
3 个月"
161,#VALUE!,https://ir.ozone.ru/s3/multimedia-1-5/wc300/7228132997.jpg,"Чехол на автомобиль 480x190x180, Оксфорд, 1 шт.",https://www.ozon.ru/product/1939731881,1939731881,,"汽车罩
Чехол на автомобиль",跨境卖家可售,4894₽,30,147626₽,-34%,-32%,50%,81401,8947,4802,5.03%,0.06%,21.66%,100.0%,0.03%,9.9%,16.36%,4.2%,0₽,4.7,2059,Бутик-магазин 2,跨境卖家,RFBS,4950.0 g,"2025-03-14
1 年 6 个月"
162,#VALUE!,https://ir.ozone.ru/s3/multimedia-1-k/wc300/7652959616.jpg,"Тент чехол на машину для хетчбека PSV с подкладкой и молнией, размер L (440x180x160), Серый",https://www.ozon.ru/product/2302392959,2302392959,PSV,"汽车罩
Чехол на автомобиль",跨境卖家可售,3146₽,30,91006₽,-62%,-61%,16.6%,37220,5612,1772,8.57%,0.14%,49.59%,100.0%,0.07%,17.1%,6.52%,11.6%,50246₽,4.5,1546,PSV - Автоаксессуары,本土卖家,FBS,2600.0 g,"2025-06-16
1 年 3 个月"
163,#VALUE!,https://ir.ozone.ru/s3/multimedia-1-v/wc300/8899551427.jpg,"Чехол на внедорожник универсальный, тент для машины,кроссовера, джипа 495х196х180 см, черный, оранжевый",https://www.ozon.ru/product/3442279043,3442279043,,"汽车罩
Чехол на автомобиль",跨境卖家可售,2731₽,30,90554₽,50%,33%,17.5%,34852,4966,2508,5.34%,0.06%,67.81%,100.0%,0.08%,20.9%,6.32%,7.2%,0₽,4.7,193,Shield Case,本土卖家,FBO,1300.0 g,"2026-01-24
8 个月"
164,#VALUE!,https://ir.ozone.ru/s3/multimedia-1-m/wc300/8249949670.jpg,"Чехол на автомобиль 480x190x180, Хлопок, Оксфорд 210D, 1 шт.",https://www.ozon.ru/product/2927074309,2927074309,,"汽车罩
Чехол на автомобиль",跨境卖家可售,6828₽,30,208468₽,900%,956%,50%,36547,9535,2483,8.53%,0.2%,57.71%,100.0%,0.08%,14.6%,4.5%,3.3%,0₽,4.8,310,DMPL,跨境卖家,RFBS,7000.0 g,"2025-10-02
11 个月"
165,#VALUE!,https://ir.ozone.ru/s3/multimedia-1-o/wc300/9442804236.jpg,"Чехол на автомобиль для джипа, тент на машину для кроссовера, размер YL 470x190x180",https://www.ozon.ru/product/3723759239,3723759239,SEAMETAL,"汽车罩
Чехол на автомобиль",跨境卖家可售,2099₽,30,73428₽,25%,-1%,16.5%,61952,4154,2915,7.27%,0.14%,58.97%,100.0%,0.05%,14.2%,8.86%,16.7%,19276₽,4.8,165,AUTOMAN,本土卖家,FBO,1317.0 g,"2026-03-23
6 个月"
166,#VALUE!,https://ir.ozone.ru/s3/multimedia-1-s/wc300/11183581144.jpg,Чехол на машину универсальный/чехол на автомобиль кроссовер,https://www.ozon.ru/product/4549106397,4549106397,,"汽车罩
Чехол на автомобиль",跨境卖家可售,3457₽,30,108383₽,-38%,-44%,17.5%,42435,30929,1195,17.07%,0.09%,67.66%,100.0%,0.06%,12.7%,21.09%,3.9%,0₽,4.6,358,R&A Labs,本土卖家,FBO,2500.0 g,"2026-06-02
3 个月"
167,#VALUE!,https://ir-20.ozone.ru/s3/multimedia-1-8/wc300/8117911628.jpg,"Чехол на автомобиль 500х200х175, PEVA, Алюминий, 1 шт.",https://www.ozon.ru/product/1787939748,1787939748,,"汽车罩
Чехол на автомобиль",跨境卖家可售,1806₽,29,61595₽,-10%,-26%,12.7%,12819,3252,673,15.6%,0.27%,19.6%,78.98%,0.23%,27.6%,0.0%,20.7%,0₽,4.5,421,ИП Подольская А.К.,本土卖家,FBO,2400.0 g,"2024-12-16
1 年 9 个月"
168,#VALUE!,https://ir.ozone.ru/s3/multimedia-1-6/wc300/11783112522.jpg,Тент-чехол на хэтчбек,https://www.ozon.ru/product/1919959670,1919959670,AUTOPILOT,"汽车罩
Чехол на автомобиль",跨境卖家可售,2762₽,29,90798₽,-71%,-72%,14.7%,19326,5369,1066,6.56%,0.11%,16.41%,100.0%,0.08%,22.9%,7.04%,31.3%,80661₽,4.8,1607,Аксессуары Автопилот,本土卖家,FBS,2250.0 g,"2025-03-06
1 年 6 个月"
169,#VALUE!,https://ir-20.ozone.ru/s3/multimedia-1-w/wc300/12991633700.jpg,Чехол на автомобиль,https://www.ozon.ru/product/5208978588,5208978588,,"汽车罩
Чехол на автомобиль",跨境卖家可售,485₽,29,13549₽,263%,293%,53.9%,17755,470,1305,13.48%,0.21%,50.0%,100.0%,0.16%,16.5%,27.68%,3.6%,0₽,5.0,1,FlyNightPoint1569,跨境卖家,RFBS,360.0 g,"2026-07-25
2 个月"
170,#VALUE!,https://ir.ozone.ru/s3/multimedia-1-l/wc300/7228133589.jpg,"Чехол на автомобиль 470x185x150, Оксфорд, 1 шт.",https://www.ozon.ru/product/1939757289,1939757289,,"汽车罩
Чехол на автомобиль",跨境卖家可售,4874₽,29,143345₽,45%,57%,50%,64531,1407,4107,6.28%,0.0%,21.91%,100.0%,0.04%,11.2%,10.76%,3.5%,0₽,4.7,2059,Бутик-магазин 2,跨境卖家,RFBS,4950.0 g,"2025-03-14
1 年 6 个月"
171,#VALUE!,https://ir.ozone.ru/s3/multimedia-1-u/wc300/8301318042.jpg,"Чехол на автомобиль, 1 шт.",https://www.ozon.ru/product/3088010616,3088010616,,"汽车罩
Чехол на автомобиль",跨境卖家可售,1404₽,28,39272₽,600%,527%,55.1%,53455,3340,4408,8.8%,0.17%,42.78%,100.0%,0.05%,7.2%,29.78%,14.3%,0₽,4.9,35,Мишка Селекция,跨境卖家,RFBS,650.0 g,"2025-11-10
10 个月"
172,#VALUE!,https://ir.ozone.ru/s3/multimedia-1-p/wc300/13940376217.jpg,"Чехол на автомобиль TOZAROA автомобильный чехол-тент для Lada 2106 1976–2006, серый однослойный PEVA, защита от дождя, снега, солнца и пыли, для улицы, парковки и гаража, PEVA, 1 шт.",https://www.ozon.ru/product/5488517788,5488517788,,"汽车罩
Чехол на автомобиль",跨境卖家可售,1498₽,28,41944₽,100%,100%,55%,16054,12191,965,12.53%,0.48%,0.0%,0.0%,0.17%,23.1%,20.19%,10.8%,0₽,3.0,2,Tozaroa cover,跨境卖家,RFBS,1008.0 g,"2026-08-16
1 个月"
173,#VALUE!,https://ir.ozone.ru/s3/multimedia-1-o/wc300/7438938252.jpg,"Чехол для автомобиля, тент для машины универсальный",https://www.ozon.ru/product/749583991,749583991,Автохранитель,"汽车罩
Чехол на автомобиль",跨境卖家可售,5207₽,28,150432₽,212%,155%,19.2%,43330,31281,1942,3.86%,0.04%,4.28%,54.56%,0.06%,36.0%,16.67%,18.6%,0₽,4.9,824,Автохранитель,本土卖家,FBS,3120.0 g,"2022-10-17
3 年 11 个月"
174,#VALUE!,https://ir.ozone.ru/s3/multimedia-1-3/wc300/8380145271.jpg,"Чехол на автомобиль, 1 шт.",https://www.ozon.ru/product/3144521577,3144521577,,"汽车罩
Чехол на автомобиль",跨境卖家可售,385₽,28,10416₽,100%,100%,53%,20152,892,953,13.74%,0.33%,36.0%,100.0%,0.13%,19.8%,25.54%,7.7%,0₽,4.8,76,RuVibe Mart,跨境卖家,RFBS,450.0 g,"2025-11-23
10 个月"
175,#VALUE!,https://ir.ozone.ru/s3/multimedia-1-b/wc300/12824496155.jpg,"Чехол на автомобиль 400x160x120, PEVA, 1 шт.",https://www.ozon.ru/product/5158727393,5158727393,,"汽车罩
Чехол на автомобиль",跨境卖家可售,924₽,28,27523₽,-7%,-3%,9.7%,7814,4137,480,15.83%,0.38%,9.05%,89.49%,0.27%,27.6%,0.0%,14.3%,8713₽,4.6,18,NNN MARKET,本土卖家,FBO,1500.0 g,"2026-07-21
2 个月"
176,#VALUE!,https://ir.ozone.ru/s3/multimedia-1-i/wc300/13529682450.jpg,"Jijivisha Чехол на автомобиль внедорожник двухслойный с алюминиевой пленкой, защита от ультрафиолета, солнца, дождя и пыли, с молнией размер YL+ 465x180x180 см",https://www.ozon.ru/product/2888602256,2888602256,Jijivisha,"汽车罩
Чехол на автомобиль",跨境卖家可售,2678₽,27,79936₽,-64%,-63%,17.3%,31956,6060,1595,7.77%,0.06%,0.0%,0.0%,0.08%,19.4%,6.64%,16.7%,0₽,4.8,678,AlfaMet,本土卖家,FBO,1760.0 g,"2025-09-23
1 年"
177,#VALUE!,https://ir.ozone.ru/s3/multimedia-1-o/wc300/10698307440.jpg,"Чехол на автомобиль, Пластик, 1 шт.",https://www.ozon.ru/product/3874384732,3874384732,,"汽车罩
Чехол на автомобиль",跨境卖家可售,188₽,27,4977₽,23%,29%,49%,17743,1103,1130,10.08%,0.0%,5.01%,100.0%,0.15%,23.7%,46.35%,7.5%,0₽,4.6,70,NovaPartsStore,跨境卖家,RFBS,55.0 g,"2026-04-08
5 个月"
178,#VALUE!,https://ir.ozone.ru/s3/multimedia-1-t/wc300/12939364937.jpg,"Чехол на автомобиль 470x170x125, PEVA, 1 шт.",https://www.ozon.ru/product/5090155136,5090155136,,"汽车罩
Чехол на автомобиль",跨境卖家可售,1747₽,27,37992₽,50%,124%,50%,25026,4879,1576,13.32%,0.22%,50.0%,100.0%,0.1%,12.4%,16.76%,7.7%,0₽,4.9,8,Wanjiaotao,跨境卖家,RFBS,1100.0 g,"2026-07-16
2 个月"
179,#VALUE!,https://ir-20.ozone.ru/s3/multimedia-1-s/wc300/7433274376.jpg,Накидка защитная магнитная на крыло автомобиля,https://www.ozon.ru/product/745063623,745063623,Forsage,"汽车罩
Чехол на автомобиль",跨境卖家可售,616₽,27,17611₽,13%,-1%,7%,10174,1966,449,11.35%,0.66%,0.0%,0.0%,0.26%,51.0%,0.0%,7.7%,0₽,4.8,406,FORSAGE OFFICIAL STORE,本土卖家,FBS,440.0 g,"2022-10-13
4 年"
180,#VALUE!,https://ir.ozone.ru/s3/multimedia-1-s/wc300/8117628544.jpg,"Чехол на автомобиль 480х180х150, PEVA, Алюминий, 1 шт.",https://www.ozon.ru/product/1787939649,1787939649,,"汽车罩
Чехол на автомобиль",跨境卖家可售,1891₽,27,58014₽,0%,-12%,13.1%,7843,2011,537,9.86%,0.09%,16.45%,95.91%,0.31%,45.3%,0.0%,25.0%,0₽,4.5,421,ИП Подольская А.К.,本土卖家,FBO,2200.0 g,"2024-12-16
1 年 9 个月"
181,#VALUE!,https://ir.ozone.ru/s3/multimedia-1-s/wc300/9481587724.jpg,"Чехол на автомобиль 500x200x190, Оксфорд, Велюр антистресс, 1 шт.",https://www.ozon.ru/product/1979057735,1979057735,,"汽车罩
Чехол на автомобиль",跨境卖家可售,4904₽,27,133957₽,29%,37%,50%,82393,1784,3328,8.8%,0.0%,32.49%,100.0%,0.03%,8.9%,16.13%,3.9%,0₽,4.7,294,Бутик Yaskawa,跨境卖家,RFBS,4900.0 g,"2025-03-28
1 年 6 个月"
182,#VALUE!,https://ir.ozone.ru/s3/multimedia-1-p/wc300/7652959549.jpg,"Тент чехол на машину для седана PSV с подкладкой и молнией, размер XL (490x180x150), Черный",https://www.ozon.ru/product/2302391786,2302391786,PSV,"汽车罩
Чехол на автомобиль",跨境卖家可售,3012₽,26,71702₽,37%,20%,16.4%,35441,14836,2003,4.69%,0.08%,50.38%,100.0%,0.07%,25.5%,15.39%,16.7%,35613₽,4.5,1546,PSV - Автоаксессуары,本土卖家,FBO,2900.0 g,"2025-06-16
1 年 3 个月"
183,#VALUE!,https://ir.ozone.ru/s3/multimedia-1-s/wc300/9442804096.jpg,"Чехол на автомобиль для джипа, тент на машину для кроссовера, размер YXL, 490x190x180",https://www.ozon.ru/product/3723759648,3723759648,SEAMETAL,"汽车罩
Чехол на автомобиль",跨境卖家可售,2119₽,26,66356₽,53%,21%,16.6%,30712,2845,2350,5.1%,0.03%,45.61%,100.0%,0.08%,21.7%,6.65%,57.7%,0₽,4.8,165,AUTOMAN,本土卖家,FBS,1377.0 g,"2026-03-23
6 个月"
184,#VALUE!,https://ir.ozone.ru/s3/multimedia-1-c/wc300/11872542900.jpg,Чехол для автомобиля водонепроницаемый L REXANT,https://www.ozon.ru/product/1536527407,1536527407,REXANT,"汽车罩
Чехол на автомобиль",跨境卖家可售,2341₽,26,65460₽,-72%,-72%,16.7%,24125,15047,613,11.58%,0.07%,2.68%,100.0%,0.09%,29.6%,45.79%,23.9%,20286₽,4.8,290,Официальный магазин СДС,本土卖家,FBO,1000.0 g,"2024-04-08
2 年 5 个月"
185,#VALUE!,https://ir.ozone.ru/s3/multimedia-1-2/wc300/13474794458.jpg,"Чехол на автомобиль 460x185x170, Оксфорд 210D, Хлопок, 1 шт.",https://www.ozon.ru/product/2936399987,2936399987,,"汽车罩
Чехол на автомобиль",跨境卖家可售,6882₽,26,177497₽,420%,439%,50%,42356,16659,3570,8.06%,0.11%,58.16%,100.0%,0.06%,8.7%,14.83%,4.0%,0₽,4.9,56,МЕЧТА 7,跨境卖家,RFBS,6500.0 g,"2025-10-06
11 个月"
186,#VALUE!,https://ir.ozone.ru/s3/multimedia-1-u/wc300/9013847322.jpg,"Чехол на автомобиль, ПВХ (поливинилхлорид), 1 шт.",https://www.ozon.ru/product/3497959115,3497959115,,"汽车罩
Чехол на автомобиль",跨境卖家可售,346₽,26,8597₽,160%,139%,-6.8%,2851,1524,121,7.43%,0.13%,9.43%,100.0%,0.91%,288.9%,0.0%,7.7%,873₽,4.3,41,В автосервис,本土卖家,FBS,200.0 g,"2026-02-04
7 个月"
187,#VALUE!,https://ir.ozone.ru/s3/multimedia-1-c/wc300/8250390516.jpg,"Тент для автомобиля УРАЛ 4320 5,75м Синий цвет (двухсторонний ПВХ материал 650 г/кв.м)",https://www.ozon.ru/product/4417405787,4417405787,,"汽车罩
Чехол на автомобиль",跨境卖家可售,20322₽,26,512993₽,189%,196%,16.8%,5225,1900,553,9.04%,0.0%,0.0%,0.0%,0.38%,40.0%,0.0%,0.0%,0₽,5.0,35,ТЕНТ ЭКСПЕРТ,本土卖家,FBS,20000.0 g,"2026-05-23
4 个月"
188,#VALUE!,https://ir.ozone.ru/s3/multimedia-1-s/wc300/11712269512.jpg,"Чехол на автомобиль 690X480, Пластик, 1 шт.",https://www.ozon.ru/product/4799178515,4799178515,,"汽车罩
Чехол на автомобиль",跨境卖家可售,285₽,26,7290₽,-11%,-6%,51.6%,10369,1232,831,4.81%,0.48%,65.87%,100.0%,0.21%,55.0%,1.04%,9.1%,0₽,4.6,1716,NovaMart,跨境卖家,RFBS,280.0 g,"2026-06-19
3 个月"
189,#VALUE!,https://ir.ozone.ru/s3/multimedia-1-h/wc300/7533313181.jpg,"Чехол на автомобиль 500x200x190, Велюр искусственный, Оксфорд, 1 шт.",https://www.ozon.ru/product/2121317194,2121317194,,"汽车罩
Чехол на автомобиль",跨境卖家可售,4965₽,25,125753₽,32%,40%,50%,64574,6516,2620,7.09%,0.15%,36.23%,100.0%,0.04%,15.1%,13.79%,10.8%,0₽,4.7,1084,Бутик Yaskawa,跨境卖家,RFBS,4950.0 g,"2025-05-11
1 年 4 个月"
190,#VALUE!,https://ir.ozone.ru/s3/multimedia-1-4/wc300/11783162560.jpg,Тент-чехол на седан. Размер 3 (седан) M,https://www.ozon.ru/product/2314222100,2314222100,AUTOPILOT,"汽车罩
Чехол на автомобиль",跨境卖家可售,3119₽,25,83845₽,-11%,-21%,15.5%,29551,5024,2722,3.19%,0.01%,0.0%,0.0%,0.08%,26.4%,5.22%,17.4%,0₽,4.8,1607,Аксессуары Автопилот,本土卖家,FBS,2307.0 g,"2025-06-18
1 年 3 个月"
191,#VALUE!,https://ir.ozone.ru/s3/multimedia-1-e/wc300/8839509458.jpg,"Aradela Чехол на автомобиль 450x180x168, Оксфорд, 1 шт.",https://www.ozon.ru/product/3409075242,3409075242,Aradela,"汽车罩
Чехол на автомобиль",跨境卖家可售,6768₽,25,168046₽,25%,38%,50%,56817,9846,3158,8.54%,0.23%,33.07%,100.0%,0.04%,7.8%,13.74%,14.3%,0₽,4.7,720,Aradela Car Parts & Accessories,跨境卖家,RFBS,7000.0 g,"2026-01-19
8 个月"
192,#VALUE!,https://ir.ozone.ru/s3/multimedia-1-s/wc300/9132914260.jpg,"Jijivisha Летний универсальный тент-чехол для автомобиля, материал PEVA + алюминиевая пленка, защита от солнца, жары, ультрафиолета, дождя и пыли, размер XL 520х175х120 см",https://www.ozon.ru/product/1813981455,1813981455,Jijivisha,"汽车罩
Чехол на автомобиль",跨境卖家可售,1946₽,25,49949₽,-35%,-40%,15.6%,19177,3370,859,5.47%,0.08%,0.0%,0.0%,0.12%,48.9%,5.28%,30.5%,0₽,4.6,6815,Jijivisha Top,本土卖家,FBO,1300.0 g,"2025-01-03
1 年 8 个月"
193,#VALUE!,https://ir.ozone.ru/s3/multimedia-1-2/wc300/7208083406.jpg,"Чехол на автомобиль 500x200x190, Оксфорд, 1 шт.",https://www.ozon.ru/product/1939732775,1939732775,,"汽车罩
Чехол на автомобиль",跨境卖家可售,4864₽,25,122547₽,32%,38%,50%,49816,3471,2463,7.06%,0.11%,21.66%,100.0%,0.05%,13.8%,16.78%,4.2%,0₽,4.7,2059,Бутик-магазин 2,跨境卖家,RFBS,4950.0 g,"2025-03-14
1 年 6 个月"
194,#VALUE!,https://ir.ozone.ru/s3/multimedia-1-s/wc300/14889134224.jpg,Тент чехол автомобильный всесезонный с молнией и подкладом,https://www.ozon.ru/product/3185005127,3185005127,CARELIA,"汽车罩
Чехол на автомобиль",跨境卖家可售,3087₽,25,81709₽,-45%,-56%,17.8%,11115,7420,710,8.16%,0.16%,0.0%,0.0%,0.22%,43.1%,2.15%,20.0%,0₽,4.5,322,MAGIC PEARL,本土卖家,FBO,2350.0 g,"2025-12-02
9 个月"
195,#VALUE!,https://ir.ozone.ru/s3/multimedia-1-f/wc300/7071185463.jpg,"Чехол на автомобиль 500x200x190, Оксфорд, 1 шт.",https://www.ozon.ru/product/1738457744,1738457744,,"汽车罩
Чехол на автомобиль",跨境卖家可售,3427₽,24,89574₽,-20%,-13%,51%,16274,199,1286,11.27%,0.0%,6.43%,31.4%,0.14%,15.2%,0.0%,9.1%,0₽,4.6,138,Друзья из Китая,跨境卖家,FBP,5000.0 g,"2024-10-23
1 年 11 个月"
196,#VALUE!,https://ir.ozone.ru/s3/multimedia-1-x/wc300/8300368113.jpg,Тент на Газель 3302 БИЗНЕС/двухсторонний усиленный ПВХ материал/плотность 550 г/м2,https://www.ozon.ru/product/3087445262,3087445262,ДЕРБИ,"汽车罩
Чехол на автомобиль",跨境卖家可售,6987₽,24,147454₽,1100%,1249%,20.2%,14070,4518,1310,14.12%,0.35%,0.0%,0.0%,0.17%,13.0%,0.0%,12.5%,57313₽,4.7,22,Tent37,本土卖家,FBS,14000.0 g,"2025-11-10
10 个月"
197,#VALUE!,https://ir.ozone.ru/s3/multimedia-1-d/wc300/13172905957.jpg,"Jijivisha Чехол на автомобиль 540x175x120, Фольга, 1 шт.",https://www.ozon.ru/product/3513164666,3513164666,Jijivisha,"汽车罩
Чехол на автомобиль",跨境卖家可售,1263₽,24,47760₽,-69%,-64%,12.1%,59695,10950,3035,6.29%,0.1%,0.03%,4.31%,0.04%,11.5%,20.92%,13.7%,0₽,4.7,550,Car Protector,本土卖家,FBO,2200.0 g,"2026-02-08
7 个月"
198,#VALUE!,https://ir.ozone.ru/s3/multimedia-1-v/wc300/12367703515.jpg,"Чехол на автомобиль, Оксфорд 210D, 1 шт.",https://www.ozon.ru/product/5017236136,5017236136,,"汽车罩
Чехол на автомобиль",跨境卖家可售,1511₽,24,35240₽,700%,720%,50%,10837,3364,1335,7.11%,0.26%,50.0%,100.0%,0.21%,24.2%,13.96%,0.0%,0₽,4.7,33,Starlight Emporium,跨境卖家,RFBS,1200.0 g,"2026-07-10
2 个月"
199,#VALUE!,https://ir.ozone.ru/s3/multimedia-1-k/wc300/13187143460.jpg,"Чехол на автомобиль 480x190x180, Оксфорд, Хлопок, 1 шт.",https://www.ozon.ru/product/2923568885,2923568885,,"汽车罩
Чехол на автомобиль",跨境卖家可售,4111₽,24,97942₽,243%,267%,50%,9873,95,1130,11.23%,1.05%,26.42%,100.0%,0.22%,17.3%,0.0%,9.1%,0₽,4.7,305,You lian da,跨境卖家,RFBS,4900.0 g,"2025-10-01
11 个月"
200,#VALUE!,https://ir.ozone.ru/s3/multimedia-1-8/wc300/11163226832.jpg,"Чехол на автомобиль 600x350, Пластик, 1 шт.",https://www.ozon.ru/product/4592472959,4592472959,,"汽车罩
Чехол на автомобиль",跨境卖家可售,172₽,24,4136₽,72%,87%,47.8%,7858,1240,497,10.66%,0.32%,0.0%,0.0%,0.27%,39.6%,0.0%,0.0%,0₽,4.1,8,lejia1,跨境卖家,RFBS,196.0 g,"2026-06-05
3 个月"
