序号,来源工作表,链接,名称,中文名称,品牌,型号名称（用于合并）,系列名称（用语组成系列）,包装长宽高,重量,尺码对应,销量表自动尺码,发货尺码,无尺码备注（车型/尺寸）,货号,材质,适配车辆模型,车型分类,尺寸变化,标签,介绍,低价,活动价,平时价,折前价格,店铺产品类型,对应状态,发货尺码依据
1,定制GRANTA,LADAgranta,"Модельный чехол на автомобиль LADA Granta седан 2011–2026, размер 3M, серебристый многослойный PEVA, чехол автомобильный, тент для автомобиля седан, чехол на машину от дождя и снега, TOZAROA",,,LADA-GRANTA,haijudingzhi,48*35*7.5,2kg,3M,3M,L,,LADA-GRANTA-3M-PEVA-ALU,PEVA加铝膜（带后视镜耳朵）,Granta Sedan / Granta Sport Sedan / Granta Drive Active / Sportline Sedan,,,#защитаавто #тентнамашину #тентдляавтомобиля #чехол_зимний_на_машину #чехол_на_авто_зимний #чехол_для_машины_на_кузов #чехол_для_машины_от_дождя #чехол_автомобильный_на_кузов #чехолдляавтозимний #чехолнаавтомобиль #чехол_на_автомобиль_тент #чехлы_на_автомобиль #чехолдлямашины #чехол_на_автомобиль_зимний #авточехол #чехол_для_авто #чехолнамашинууниверсальный #чехолдляавтомобиля #чехолдлядворовойпарковки #тентыдлямашин #чехолдляавто #автотент #тент_для_автомобиля #накидканаавтомобиль #всесезонныйчехол #тентдлямашины #тент_для_седана #чехолдляседана #чехол_гараж_для_седана #зимний_чехол_для_седана,"1. Модельный чехол для LADA Granta Sedan 2011–2026, Granta Sport Sedan 2011–2026 и Granta Drive Active / Sportline Sedan 2018–2026.
2. Размер 3M предназначен для кузова Sedan; перед заказом проверьте заводскую версию кузова и год выпуска автомобиля.
3. Серебристое алюминизированное покрытие, слой PEVA и мягкая внутренняя подкладка; водостойкий многослойный материал.
4. Защищает кузов на уличной парковке от дождя, мокрого снега, листьев, пыли и дорожной грязи. Светоотражающие полосы помогают сделать накрытый автомобиль заметнее в темное время суток.
5. Установка: разложите чехол по крыше, накройте переднюю и заднюю части, расправьте зоны зеркал и нижний край. Надевайте только на чистый и остывший автомобиль. Перед поездкой полностью снимите чехол и сложите его сухим.",210,,239,888,铝膜款（带后视镜耳朵）,新增货号，已按RU尺码对应,RU显示尺码 3M → 发货尺码 L
2,定制GRANTA,LADAgranta,"Модельный чехол на автомобиль LADA Granta Liftback / Cross 2011–2026, размер 2M, серебристый многослойный PEVA, тент для автомобиля кроссовер, чехол на машину от дождя и снега, пыли и грязи, TOZAROA",,,LADA-GRANTA,haijudingzhi,48*35*7.5,2kg,2M,2M,L,,LADA-GRANTA-2M-PEVA-ALU,PEVA加铝膜（带后视镜耳朵）,Granta Liftback / Granta Cross Wagon / Granta Active Cross / Granta Sport Liftback / Granta Drive Active / Sportline Liftback,,,#защитаавто #тентнамашину #тентдляавтомобиля #чехол_зимний_на_машину #чехол_на_авто_зимний #чехол_для_машины_на_кузов #чехол_для_машины_от_дождя #чехол_автомобильный_на_кузов #чехолдляавтозимний #чехолнаавтомобиль #чехол_на_автомобиль_тент #чехлы_на_автомобиль #чехолдлямашины #чехол_на_автомобиль_зимний #авточехол #чехол_для_авто #чехолнамашинууниверсальный #чехолдляавтомобиля #чехолдлядворовойпарковки #тентыдлямашин #чехолдляавто #автотент #тент_для_автомобиля #накидканаавтомобиль #всесезонныйчехол #тентдлямашины #чехол_на_машину_кроссовер #тент_для_кроссовера #чехол_на_кроссовер #авточехол_на_кроссовер,"1. Модельный чехол для LADA Granta Liftback 2011–2026, Granta Cross Wagon, Active Cross, Sport Liftback и Drive Active / Sportline Liftback 2018–2026.
2. Размер 2M подобран для кузовов Liftback и Cross Wagon; перед заказом проверьте заводскую версию кузова и год выпуска.
3. Серебристое алюминизированное покрытие, слой PEVA и мягкая внутренняя подкладка; водостойкий многослойный материал.
4. Защищает кузов на уличной парковке от дождя, мокрого снега, листьев, пыли и дорожной грязи. Светоотражающие полосы помогают сделать накрытый автомобиль заметнее в темное время суток.
5. Установка: разложите чехол по крыше, накройте переднюю и заднюю части, расправьте зоны зеркал и нижний край. Надевайте только на чистый и остывший автомобиль. Перед поездкой полностью снимите чехол и сложите его сухим.",210,,230,888,铝膜款（带后视镜耳朵）,新增货号，已按RU尺码对应,RU显示尺码 2M → 发货尺码 L
3,定制GRANTA,LADAgranta,"Модельный чехол на автомобиль LADA Granta универсал / хэтчбек 5 дверей 2018–2026, размер 2XS, серебристый многослойный PEVA, тент для автомобиля хэтчбек, чехол на машину от дождя и снега, TOZAROA",,,LADA-GRANTA,haijudingzhi,48*35*7.5,2kg,2XS,2XS,M,,LADA-GRANTA-2XS-PEVA-ALU,PEVA加铝膜（带后视镜耳朵）,Granta Wagon 5-door / Granta Hatchback 5-door,,,#защитаавто #тентнамашину #тентдляавтомобиля #чехол_зимний_на_машину #чехол_на_авто_зимний #чехол_для_машины_на_кузов #чехол_для_машины_от_дождя #чехол_автомобильный_на_кузов #чехолдляавтозимний #чехолнаавтомобиль #чехол_на_автомобиль_тент #чехлы_на_автомобиль #чехолдлямашины #чехол_на_автомобиль_зимний #авточехол #чехол_для_авто #чехолнамашинууниверсальный #чехолдляавтомобиля #чехолдлядворовойпарковки #тентыдлямашин #чехолдляавто #автотент #тент_для_автомобиля #накидканаавтомобиль #всесезонныйчехол #тентдлямашины #чехол_для_универсала #тентдляуниверсала #Чехол_для_хэтчбека #чехолдляхэтчбека,"1. Модельный чехол для LADA Granta Wagon 5-door и LADA Granta Hatchback 5-door 2018–2026.
2. Размер 2XS предназначен для пятидверных кузовов Wagon и Hatchback; перед заказом проверьте кузов и год выпуска.
3. Серебристое алюминизированное покрытие, слой PEVA и мягкая внутренняя подкладка; водостойкий многослойный материал.
4. Защищает кузов на уличной парковке от дождя, мокрого снега, листьев, пыли и дорожной грязи. Светоотражающие полосы помогают сделать накрытый автомобиль заметнее в темное время суток.
5. Установка: разложите чехол по крыше, накройте переднюю и заднюю части, расправьте зоны зеркал и нижний край. Надевайте только на чистый и остывший автомобиль. Перед поездкой полностью снимите чехол и сложите его сухим.",210,,228,888,铝膜款（带后视镜耳朵）,新增货号，已按RU尺码对应,RU显示尺码 2XS → 发货尺码 M
4,定制VESTA,LADAgranta,"Модельный чехол на автомобиль LADA Vesta / Лада Веста седан, Cross, Sport, Sportline 2015–2026, размер 3M, серебристый всесезонный автотент от дождя, снега, пыли и грязи, TOZAROA",,,Vesta,haijudingzhi,48*35*7.5,2kg,3M,3M,L,,LADA-VESTA-3M-PEVA-ALU,PEVA加铝膜（带后视镜耳朵）,Sedan / Cross / Sport / Sportline,,,#защитаавто #акидканаавтомобиль #тентнамашину #тентдляавтомобиля #чехол_зимний_на_машину #чехол_автомобильный_от_снега #чехол_на_авто_зимний #чехол_для_машины_на_кузов #чехол_для_машины_от_дождя #чехол_автомобильный_на_кузов #чехолнаавтомобиль #чехол_на_автомобиль_тент #чехлы_на_автомобиль #авточехол #чехол_для_авто #чехолдлядворовойпарковки #тентгараж #чехол_на_автомобиль_зимний,"1. Модельный чехол для LADA Vesta Sedan 2015–2026; Vesta Cross Sedan 2015–2026; Vesta Sport Sedan 2015–2026; Vesta Sportline Sedan 2022–2026.
2. Размер 3M; перед заказом проверьте кузов, версию и год выпуска.
3. Серебристое алюминизированное покрытие, слой PEVA и мягкая внутренняя подкладка; водостойкий многослойный материал.
4. Помогает защитить кузов на стоянке от дождя, мокрого снега, листьев, пыли и дорожной грязи; светоотражающие полосы повышают заметность.
5. Разложите чехол по крыше, совместите карманы зеркал и расправьте нижний край. Используйте на чистом остывшем автомобиле.",210,,239,888,铝膜款（带后视镜耳朵）,新增货号，已按RU尺码对应,RU显示尺码 3M → 发货尺码 L
5,定制VESTA,LADAgranta,"Модельный чехол на автомобиль LADA Vesta SW / Лада Веста СВ, SW Cross, SW Sport, SW Sportline 2015–2026, размер 2M, серебристый автотент от дождя, снега, пыли и грязи, TOZAROA",,,Vesta,haijudingzhi,48*35*7.5,2kg,2M,2M,L,,LADA-VESTA-2M-PEVA-ALU,PEVA加铝膜（带后视镜耳朵）,SW / SW Cross / SW Sport / SW Sportline,,,#защитаавто #тентнамашину #тентдляавтомобиля #чехолдляавтозимний #чехолдлямашины #чехолдляавтомобиля #тентыдлямашин #чехолнамашинууниверсальный #чехол_на_авто_зимний #чехол_для_машины_от_дождя #чехол_на_автомобиль_тент #чехол_для_авто #авточехол #чехолнаавтомобиль #тентгараж #чехол_автомобильный_на_кузов #чехол_зимний_на_машину #чехол_автомобильный_от_снега,"1. Модельный чехол для LADA Vesta SW Wagon 5-door 2015–2026; Vesta SW Cross Wagon 5-door 2015–2026; Vesta SW Sport / SW Sportline Wagon 5-door 2022–2026.
2. Размер 2M; перед заказом проверьте кузов, версию и год выпуска.
3. Серебристое алюминизированное покрытие, слой PEVA и мягкая внутренняя подкладка; водостойкий многослойный материал.
4. Помогает защитить кузов на стоянке от дождя, мокрого снега, листьев, пыли и дорожной грязи; светоотражающие полосы повышают заметность.
5. Разложите чехол по крыше, совместите карманы зеркал и расправьте нижний край. Используйте на чистом остывшем автомобиле.",210,,230,888,铝膜款（带后视镜耳朵）,新增货号，已按RU尺码对应,RU显示尺码 2M → 发货尺码 L
6,定制Mercedes-Benz,Mercedes-Benz,"Модельный чехол на автомобиль Mercedes-Benz E-Класс Sedan / AMG Sedan / Long 2013-2026, размер 3XXL, индивидуально подобранный тент для автомобиля от дождя, снега, солнца, пыли и грязи, TOZAROA",,,Mercedes-Benz,haijudingzhi,48*35*7.5,2kg,3XXL,3XXL,XLL,,MB-ECLASS-3XXL-PEVA-ALU,PEVA加铝膜（带后视镜耳朵）,E-Класс / E-Class,,,#тентыАвтопрофи #защитаавто #акидканаавтомобиль #тентнамашину #тентдляавтомобиля #чехол_зимний_на_машину #чехол_автомобильный_от_снега #чехол_на_авто_зимний #чехол_для_машины_на_кузов #чехол_для_машины_от_дождя #чехол_автомобильный_на_кузов #чехолдляавтозимний #чехолнаавтомобильXL #чехолнаавтомобиль #чехол_на_автомобиль_тент #чехлы_на_автомобиль #чехолдлямашины #чехол_на_автомобиль_зимний,"1. Индивидуально подобран для Mercedes-Benz E-Класс: седан, AMG и Long, 2013-2026.
2. Размер 3XXL; перед заказом проверьте кузов, версию и год выпуска.
3. Серебристый гладкий многослойный материал PEVA с алюминизированным покрытием и мягкой внутренней стороной.
4. Помогает защитить кузов от дождя, мокрого снега, солнца, пыли, листьев и дорожной грязи. Светоотражающие полосы повышают заметность.
5. Полностью расправьте чехол по кузову и совместите карманы зеркал. Используйте на чистом остывшем автомобиле.",210,,239,888,铝膜款（带后视镜耳朵）,新增货号，已按RU尺码对应,RU显示尺码 3XXL → 发货尺码 XLL
7,定制Mercedes-Benz,Mercedes-Benz,"Модельный чехол на автомобиль Mercedes-Benz E-Класс Sedan / AMG Sedan 1992-2013, размер 3XL, индивидуально подобранный тент для автомобиля от снега, дождя, солнца, пыли и листьев, авточехол, TOZAROA",,,Mercedes-Benz,haijudingzhi,48*35*7.5,2kg,3XL,3XL,XL,,MB-ECLASS-3XL-PEVA-ALU,PEVA加铝膜（带后视镜耳朵）,E-Класс / E-Class,,,#тентнамашину #тентдляавтомобиля #чехол_зимний_на_машину #чехол_автомобильный_от_снега #чехол_на_авто_зимний #чехол_для_машины_на_кузов #чехол_для_машины_от_дождя #чехол_автомобильный_на_кузов #чехолдляавтозимний #чехолнаавтомобильXL #чехолнаавтомобиль #чехол_на_автомобиль_тент #чехлы_на_автомобиль #чехолдлямашины #чехол_на_автомобиль_зимний #авточехол #чехол_для_авто #чехолнамашинууниверсальный,"1. Индивидуально подобран для Mercedes-Benz E-Класс: седан и AMG, 1992-2013.
2. Размер 3XL; перед заказом проверьте кузов, версию и год выпуска.
3. Серебристый гладкий многослойный материал PEVA с алюминизированным покрытием и мягкой внутренней стороной.
4. Помогает защитить кузов от дождя, мокрого снега, солнца, пыли, листьев и дорожной грязи. Светоотражающие полосы повышают заметность.
5. Полностью расправьте чехол по кузову и совместите карманы зеркал. Используйте на чистом остывшем автомобиле.",210,,230,888,铝膜款（带后视镜耳朵）,新增货号，已按RU尺码对应,RU显示尺码 3XL → 发货尺码 XL
8,定制Mercedes-Benz,Mercedes-Benz,"Модельный чехол на автомобиль Mercedes-Benz E-Класс Coupe / Cabriolet / AMG 2013-2023, размер 5L, индивидуально подобранный тент для автомобиля для уличной парковки от дождя, снега и пыли, TOZAROA",,,Mercedes-Benz,haijudingzhi,48*35*7.5,2kg,5L,5L,XL,,MB-ECLASS-5L-PEVA-ALU,PEVA加铝膜（带后视镜耳朵）,E-Класс / E-Class,,,#чехол_автомобильный_от_снега #чехол_на_авто_зимний #чехол_для_машины_на_кузов #чехол_для_машины_от_дождя #чехол_автомобильный_на_кузов #чехолдляавтозимний #чехолнаавтомобильXL #чехолнаавтомобиль #чехол_на_автомобиль_тент #чехлы_на_автомобиль #чехолдлямашины #чехол_на_автомобиль_зимний #авточехол #чехол_для_авто #чехолнамашинууниверсальный #чехолдляавтомобиля #чехолдлямашиныXL #чехолCARTAGE,"1. Индивидуально подобран для Mercedes-Benz E-Класс: купе, кабриолет и AMG, 2013-2023.
2. Размер 5L; перед заказом проверьте кузов, версию и год выпуска.
3. Серебристый гладкий многослойный материал PEVA с алюминизированным покрытием и мягкой внутренней стороной.
4. Помогает защитить кузов от дождя, мокрого снега, солнца, пыли, листьев и дорожной грязи. Светоотражающие полосы повышают заметность.
5. Полностью расправьте чехол по кузову и совместите карманы зеркал. Используйте на чистом остывшем автомобиле.",,,,,铝膜款（带后视镜耳朵）,新增货号，已按RU尺码对应,RU显示尺码 5L → 发货尺码 XL
9,定制Mercedes-Benz,Mercedes-Benz,"Модельный чехол на автомобиль Mercedes-Benz E-Класс Coupe / Cabriolet / AMG 1992-2013, размер 4L, индивидуально подобранный тент для автомобиля всесезонный от снега, дождя, солнца и грязи, TOZAROA",,,Mercedes-Benz,haijudingzhi,48*35*7.5,2kg,4L,4L,L,,MB-ECLASS-4L-PEVA-ALU,PEVA加铝膜（带后视镜耳朵）,E-Класс / E-Class,,,#чехол_для_машины_от_дождя #чехол_автомобильный_на_кузов #чехолдляавтозимний #чехолнаавтомобильXL #чехолнаавтомобиль #чехол_на_автомобиль_тент #чехлы_на_автомобиль #чехолдлямашины #чехол_на_автомобиль_зимний #авточехол #чехол_для_авто #чехолнамашинууниверсальный #чехолдляавтомобиля #чехолдлямашиныXL #чехолCARTAGE #чехол490см #чехолдлядворовойпарковки #автоXL,"1. Индивидуально подобран для Mercedes-Benz E-Класс: купе, кабриолет и AMG, 1992-2013.
2. Размер 4L; перед заказом проверьте кузов, версию и год выпуска.
3. Серебристый гладкий многослойный материал PEVA с алюминизированным покрытием и мягкой внутренней стороной.
4. Помогает защитить кузов от дождя, мокрого снега, солнца, пыли, листьев и дорожной грязи. Светоотражающие полосы повышают заметность.
5. Полностью расправьте чехол по кузову и совместите карманы зеркал. Используйте на чистом остывшем автомобиле.",,,,,铝膜款（带后视镜耳朵）,新增货号，已按RU尺码对应,RU显示尺码 4L → 发货尺码 L
10,定制Mercedes-Benz,Mercedes-Benz,"Модельный чехол на автомобиль Mercedes-Benz E-Класс Estate / All-Terrain / AMG Estate 1995-2026, размер 2XL, индивидуально подобранный тент для автомобиля от дождя, снега, солнца и пыли, TOZAROA",,,Mercedes-Benz,haijudingzhi,48*35*7.5,2kg,2XL,2XL,XL,,MB-ECLASS-2XL-PEVA-ALU,PEVA加铝膜（带后视镜耳朵）,E-Класс / E-Class,,,#чехолнаавтомобильXL #чехолнаавтомобиль #чехол_на_автомобиль_тент #чехлы_на_автомобиль #чехолдлямашины #чехол_на_автомобиль_зимний #авточехол #чехол_для_авто #чехолнамашинууниверсальный #чехолдляавтомобиля #чехолдлямашиныXL #чехолCARTAGE #чехол490см #чехолдлядворовойпарковки #автоXL #тентгараж #от_солнца_в_автомобиль #тентыдлямашин,"1. Индивидуально подобран для Mercedes-Benz E-Класс: универсал, All-Terrain и AMG, 1995-2026.
2. Размер 2XL; перед заказом проверьте кузов, версию и год выпуска.
3. Серебристый гладкий многослойный материал PEVA с алюминизированным покрытием и мягкой внутренней стороной.
4. Помогает защитить кузов от дождя, мокрого снега, солнца, пыли, листьев и дорожной грязи. Светоотражающие полосы повышают заметность.
5. Полностью расправьте чехол по кузову и совместите карманы зеркал. Используйте на чистом остывшем автомобиле.",,,,,铝膜款（带后视镜耳朵）,新增货号，已按RU尺码对应,RU显示尺码 2XL → 发货尺码 XL
11,定制Mercedes-Benz,Mercedes-Benz,"Модельный чехол на автомобиль Mercedes-Benz E-Класс Estate / AMG Estate 1992-1997, размер 2L, индивидуально подобранный тент для автомобиля для дворовой парковки от снега, дождя и пыли, TOZAROA",,,Mercedes-Benz,haijudingzhi,48*35*7.5,2kg,2L,2L,L,,MB-ECLASS-2L-PEVA-ALU,PEVA加铝膜（带后视镜耳朵）,E-Класс / E-Class,,,#чехлы_на_автомобиль #чехолдлямашины #чехол_на_автомобиль_зимний #авточехол #чехол_для_авто #чехолнамашинууниверсальный #чехолдляавтомобиля #чехолдлямашиныXL #чехолCARTAGE #чехол490см #чехолдлядворовойпарковки #автоXL #тентгараж #от_солнца_в_автомобиль #тентыдлямашин #тентыАвтопрофи #защитаавто #акидканаавтомобиль,"1. Индивидуально подобран для Mercedes-Benz E-Класс: универсал и AMG, 1992-1997.
2. Размер 2L; перед заказом проверьте кузов, версию и год выпуска.
3. Серебристый гладкий многослойный материал PEVA с алюминизированным покрытием и мягкой внутренней стороной.
4. Помогает защитить кузов от дождя, мокрого снега, солнца, пыли, листьев и дорожной грязи. Светоотражающие полосы повышают заметность.
5. Полностью расправьте чехол по кузову и совместите карманы зеркал. Используйте на чистом остывшем автомобиле.",,,,,铝膜款（带后视镜耳朵）,新增货号，已按RU尺码对应,RU显示尺码 2L → 发货尺码 L
12,定制Mercedes-Benz,Mercedes-Benz,"Модельный чехол на автомобиль Mercedes-Benz E-Класс Limousine 1992-1997, размер YXL, индивидуально подобранный тент для автомобиля от дождя, снега, солнца, пыли и грязи, автомобильный тент, TOZAROA",,,Mercedes-Benz,haijudingzhi,48*35*7.5,2kg,YXL,YXL,YXL,,MB-ECLASS-YXL-PEVA-ALU,PEVA加铝膜（带后视镜耳朵）,E-Класс / E-Class,,,#авточехол #чехол_для_авто #чехолнамашинууниверсальный #чехолдляавтомобиля #чехолдлямашиныXL #чехолCARTAGE #чехол490см #чехолдлядворовойпарковки #автоXL #тентгараж #от_солнца_в_автомобиль #тентыдлямашин #тентыАвтопрофи #защитаавто #акидканаавтомобиль #тентнамашину #тентдляавтомобиля #чехол_зимний_на_машину,"1. Индивидуально подобран для Mercedes-Benz E-Класс: лимузин, 1992-1997.
2. Размер YXL; перед заказом проверьте кузов, версию и год выпуска.
3. Серебристый гладкий многослойный материал PEVA с алюминизированным покрытием и мягкой внутренней стороной.
4. Помогает защитить кузов от дождя, мокрого снега, солнца, пыли, листьев и дорожной грязи. Светоотражающие полосы повышают заметность.
5. Полностью расправьте чехол по кузову и совместите карманы зеркал. Используйте на чистом остывшем автомобиле.",,,,,铝膜款（带后视镜耳朵）,新增货号，已按RU尺码对应,RU显示尺码 YXL → 发货尺码 YXL
13,定制Octavia,SKODA-OCTAVIA,"Модельный чехол на автомобиль SKODA Octavia / Octavia RS / Scout лифтбек и универсал 2004–2026, размер 2L, серебристый многослойный PEVA, тент для автомобиля от дождя и снега, TOZAROA",,,SKODA Octavia,SKODA Octavia-1,48*35*7.5,2kg,2L,2XL,L,,SKODA-OCTAVIA-2L-PEVA-ALU,PEVA加铝膜（带后视镜耳朵）,SKODA Octavia Liftback / Wagon 5-door 2004–2026; Octavia RS Liftback / Wagon 2005–2026; Octavia Scout Wagon 2004–2026,,,#защитаавто #тентнамашину #тентдляавтомобиля #чехол_зимний_на_машину #чехол_на_авто_зимний #чехол_для_машины_на_кузов #чехол_для_машины_от_дождя #чехол_автомобильный_на_кузов #чехолдляавтозимний #чехолнаавтомобиль #чехол_на_автомобиль_тент #чехлы_на_автомобиль #чехолдлямашины #чехол_на_автомобиль_зимний #авточехол #чехол_для_авто #чехолнамашинууниверсальный #чехолдляавтомобиля #чехолдлядворовойпарковки #тентыдлямашин #чехолдляавто #автотент #тент_для_автомобиля #накидканаавтомобиль #всесезонныйчехол #тентдлямашины #чехол_для_универсала #тентдляуниверсала #Чехол_для_хэтчбека #чехолдляхэтчбека,"1. Модельный чехол для SKODA Octavia Liftback / Wagon 5-door 2004–2026; Octavia RS Liftback / Wagon 2005–2026; Octavia Scout Wagon 2004–2026.
2. Размер 2L; перед заказом обязательно проверьте кузов, поколение и год выпуска. В пересекающихся годах ориентируйтесь на заводское поколение автомобиля.
3. Серебристое алюминизированное покрытие, слой PEVA и мягкая внутренняя подкладка; водостойкий многослойный материал.
4. Помогает защитить кузов на уличной парковке от дождя, мокрого снега, листьев, пыли и дорожной грязи. Светоотражающие полосы повышают заметность накрытого автомобиля в темноте.
5. Разложите чехол по крыше, расправьте карманы зеркал и нижний край. Надевайте только на чистый остывший автомобиль; перед поездкой полностью снимите и храните сухим.",210,,239,888,铝膜款（带后视镜耳朵）,新增货号，已按RU尺码对应,按品牌+车型检索销量表：OZON尺码 2L → 自动尺码 2XL → 发货尺码 L
14,定制Octavia,SKODA-OCTAVIA,"Модельный чехол на автомобиль SKODA Octavia / Octavia RS лифтбек и универсал 1996–2011, размер 2M, серебристый многослойный PEVA, тент для автомобиля от дождя и снега, пыли и грязи, TOZAROA",,,SKODA Octavia,SKODA Octavia-1,48*35*7.5,2kg,2M,2L+,L,,SKODA-OCTAVIA-2M-PEVA-ALU,PEVA加铝膜（带后视镜耳朵）,SKODA Octavia Liftback / Wagon 5-door 1996–2011; Octavia RS Liftback / Wagon 2001–2006,,,#защитаавто #тентнамашину #тентдляавтомобиля #чехол_зимний_на_машину #чехол_на_авто_зимний #чехол_для_машины_на_кузов #чехол_для_машины_от_дождя #чехол_автомобильный_на_кузов #чехолдляавтозимний #чехолнаавтомобиль #чехол_на_автомобиль_тент #чехлы_на_автомобиль #чехолдлямашины #чехол_на_автомобиль_зимний #авточехол #чехол_для_авто #чехолнамашинууниверсальный #чехолдляавтомобиля #чехолдлядворовойпарковки #тентыдлямашин #чехолдляавто #автотент #тент_для_автомобиля #накидканаавтомобиль #всесезонныйчехол #тентдлямашины #чехол_для_универсала #тентдляуниверсала #Чехол_для_хэтчбека #чехолдляхэтчбека,"1. Модельный чехол для SKODA Octavia Liftback / Wagon 5-door 1996–2011; Octavia RS Liftback / Wagon 2001–2006.
2. Размер 2M; перед заказом обязательно проверьте кузов, поколение и год выпуска. В пересекающихся годах ориентируйтесь на заводское поколение автомобиля.
3. Серебристое алюминизированное покрытие, слой PEVA и мягкая внутренняя подкладка; водостойкий многослойный материал.
4. Помогает защитить кузов на уличной парковке от дождя, мокрого снега, листьев, пыли и дорожной грязи. Светоотражающие полосы повышают заметность накрытого автомобиля в темноте.
5. Разложите чехол по крыше, расправьте карманы зеркал и нижний край. Надевайте только на чистый остывший автомобиль; перед поездкой полностью снимите и храните сухим.",210,,230,888,铝膜款（带后视镜耳朵）,新增货号，已按RU尺码对应,按品牌+车型检索销量表：OZON尺码 2M → 自动尺码 2L+ → 发货尺码 L
15,定制Octavia,SKODA-OCTAVIA,"Модельный чехол на автомобиль SKODA Octavia Wagon 3-door / универсал 3 двери 1959–1971, размер 2XS, серебристый многослойный PEVA, тент для автомобиля от дождя и снега, TOZAROA",,,SKODA Octavia,SKODA Octavia-1,48*35*7.5,2kg,2XS,2M,M,,SKODA-OCTAVIA-2XS-PEVA-ALU,PEVA加铝膜（带后视镜耳朵）,SKODA Octavia Wagon 3-door 1959–1971,,,#защитаавто #тентнамашину #тентдляавтомобиля #чехол_зимний_на_машину #чехол_на_авто_зимний #чехол_для_машины_на_кузов #чехол_для_машины_от_дождя #чехол_автомобильный_на_кузов #чехолдляавтозимний #чехолнаавтомобиль #чехол_на_автомобиль_тент #чехлы_на_автомобиль #чехолдлямашины #чехол_на_автомобиль_зимний #авточехол #чехол_для_авто #чехолнамашинууниверсальный #чехолдляавтомобиля #чехолдлядворовойпарковки #тентыдлямашин #чехолдляавто #автотент #тент_для_автомобиля #накидканаавтомобиль #всесезонныйчехол #тентдлямашины #чехол_для_универсала #тентдляуниверсала #Чехол_для_хэтчбека #чехолдляхэтчбека,"1. Модельный чехол для SKODA Octavia Wagon 3-door 1959–1971.
2. Размер 2XS; перед заказом обязательно проверьте кузов, поколение и год выпуска. В пересекающихся годах ориентируйтесь на заводское поколение автомобиля.
3. Серебристое алюминизированное покрытие, слой PEVA и мягкая внутренняя подкладка; водостойкий многослойный материал.
4. Помогает защитить кузов на уличной парковке от дождя, мокрого снега, листьев, пыли и дорожной грязи. Светоотражающие полосы повышают заметность накрытого автомобиля в темноте.
5. Разложите чехол по крыше, расправьте карманы зеркал и нижний край. Надевайте только на чистый остывший автомобиль; перед поездкой полностью снимите и храните сухим.",210,,228,888,铝膜款（带后视镜耳朵）,新增货号，已按RU尺码对应,按品牌+车型检索销量表：OZON尺码 2XS → 自动尺码 2M → 发货尺码 M
16,定制TZ-FORD-FOCUS,TZ-FORD-FOCUS,"Чехол на автомобиль Ford Focus / Форд Фокус седан 2011–2025, индивидуально подобранный для модели размер 3L, тент на машину от дождя, снега, солнца, пыли и листьев, для улицы, авточехол, TOZAROA",,,Ford Focus ,Ford,48*35*7.5,2kg,3L,3L,L,,TZ-FORD-FOCUS-3L-SIL,PEVA加铝膜（带后视镜耳朵）,Focus / Форд Фокус,,,#ford_focus_чехол_для_авто #тент_на_FordFocus #тент_для_седана #чехолдляседана #тент_на_седан #защитаавто #тентнамашину #тентдляавтомобиля #чехол_зимний_на_машину #чехол_автомобильный_от_снега #чехол_на_авто_зимний #чехол_для_машины_на_кузов #чехол_для_машины_от_дождя #чехол_автомобильный_на_кузов #чехолдляавтозимний #чехолнаавтомобиль #чехол_на_автомобиль_тент #чехлы_на_автомобиль #чехолдлямашины #чехол_на_автомобиль_зимний #авточехол #чехол_для_авто #чехолдляавтомобиля #чехолдлядворовойпарковки #тентгараж #тентыдлямашин #авточехолсветоотражающий #светоотражающийавточехол #светоотражающийчехолнаавто #автотент,"1. ТОЧНЫЙ ПОДБОР ПО МОДЕЛИ. Чехол размера 3L подготовлен как отдельный вариант для Focus / Форд Фокус: седан 2011–2025. Совместимость по таблице: Sedan: 2011–2015, 2014–2019, 2018–2022, 2020–2022, 2021–2025. Это подбор готового размерного чехла под указанную модель, кузов и годы выпуска.
2. ПРОВЕРЬТЕ КУЗОВ И ГОД. Перед заказом сопоставьте название версии, количество дверей и год выпуска с данными автомобиля. Не выбирайте вариант только по общему названию Ford Focus / Форд Фокус: разные поколения и кузова относятся к разным размерам.
3. СЕРЕБРИСТЫЙ МНОГОСЛОЙНЫЙ МАТЕРИАЛ. Гладкий PEVA с алюминизированной поверхностью, без клетчатого рисунка и декоративной стёжки. Материал свободно повторяет контуры кузова; карманы надеваются на наружные зеркала.
4. ДЛЯ УЛИЧНОЙ ПАРКОВКИ. Чехол помогает закрыть кузов от дождя, мокрого снега, обычного снега, пыли, листвы и солнечного воздействия. Светоотражающие полосы становятся заметнее при попадании направленного света.
5. КАК ИСПОЛЬЗОВАТЬ. Устанавливайте на чистый и остывший автомобиль: определите переднюю часть, наденьте карманы на зеркала, расправьте материал по крыше и опустите края до низа кузова без перекручивания. Снимайте аккуратно, полностью просушивайте перед складыванием и храните в сухом месте.",210,,239,888,铝膜款（带后视镜耳朵）,新增货号，已按RU尺码对应,RU显示尺码 3L → 发货尺码 L
17,定制TZ-FORD-FOCUS,TZ-FORD-FOCUS,"Чехол для автомобиля Ford Focus / Форд Фокус седан 1998–2011, индивидуально подобранный для модели размер 3M, тент на машину от дождя, снега, солнца и пыли, для улицы, авточехол, от листьев, TOZAROA",,,Ford Focus ,Ford,48*35*7.5,2kg,3M,3M,L,,TZ-FORD-FOCUS-3M-SIL,PEVA加铝膜（带后视镜耳朵）,Focus / Форд Фокус,,,#ford_focus_чехол_для_авто #тент_на_ФордФокус #чехол_для_седана #седан_чехол_для_авто #Чехол_для_седана #чехолдляавтомобиля #чехолдлядворовойпарковки #тентгараж #тентыдлямашин #авточехолсветоотражающий #светоотражающийавточехол #светоотражающийчехолнаавто #автотент #тент_для_автомобиля #накидканаавтомобиль #всесезонныйчехол #тентдлямашины #чехолнаавто #чехол_на_кузов_автомобиля #чехол_для_автомобиля_уличный #всесезонный_чехол_на_машину #чехол_для_авто_кузова #тентнаавто #пылезащитаавто #чехолнамашину #всепогодныйчехол #автопокрывало #чехол_для_машины_зимний #чехол_на_машину_всесезонный #зимний_чехол_на_машину,"1. ТОЧНЫЙ ПОДБОР ПО МОДЕЛИ. Чехол размера 3M подготовлен как отдельный вариант для Focus / Форд Фокус: седан 1998–2011. Совместимость по таблице: Sedan: 1998–2001, 1999–2004, 2001–2005, 2004–2007, 2004–2008, 2007–2010, 2007–2011. Это подбор готового размерного чехла под указанную модель, кузов и годы выпуска.
2. ПРОВЕРЬТЕ КУЗОВ И ГОД. Перед заказом сопоставьте название версии, количество дверей и год выпуска с данными автомобиля. Не выбирайте вариант только по общему названию Ford Focus / Форд Фокус: разные поколения и кузова относятся к разным размерам.
3. СЕРЕБРИСТЫЙ МНОГОСЛОЙНЫЙ МАТЕРИАЛ. Гладкий PEVA с алюминизированной поверхностью, без клетчатого рисунка и декоративной стёжки. Материал свободно повторяет контуры кузова; карманы надеваются на наружные зеркала.
4. ДЛЯ УЛИЧНОЙ ПАРКОВКИ. Чехол помогает закрыть кузов от дождя, мокрого снега, обычного снега, пыли, листвы и солнечного воздействия. Светоотражающие полосы становятся заметнее при попадании направленного света.
5. КАК ИСПОЛЬЗОВАТЬ. Устанавливайте на чистый и остывший автомобиль: определите переднюю часть, наденьте карманы на зеркала, расправьте материал по крыше и опустите края до низа кузова без перекручивания. Снимайте аккуратно, полностью просушивайте перед складыванием и храните в сухом месте.",210,,230,888,铝膜款（带后视镜耳朵）,新增货号，已按RU尺码对应,RU显示尺码 3M → 发货尺码 L
18,定制TZ-FORD-FOCUS,TZ-FORD-FOCUS,"Чехол на машину Ford Focus / Форд Фокус хэтчбек, Focus ST, Focus RS, Active, индивидуально подобранный для модели размер 2M, автомобильный тент от дождя, снега, солнца и пыли, для улицы, TOZAROA",,,Ford Focus ,Ford,48*35*7.5,2kg,2M,2L+,L,,TZ-FORD-FOCUS-2M-SIL,PEVA加铝膜（带后视镜耳朵）,Focus / Форд Фокус / Focus ST / Focus RS,,,#ford_focus_чехол_для_авто #тент_на_FordFocus #тент_на_хэтчбек #Чехол_для_хэтчбека #хэтчбек_чехол_для_авто #тентнаавто #пылезащитаавто #чехолнамашину #всепогодныйчехол #автопокрывало #чехол_для_машины_зимний #чехол_на_машину_всесезонный #зимний_чехол_на_машину #автомобильный_чехол_на_кузов #тент_на_автомобиль #чехол_на_автомобиль #авточехолвсесезонный #авто_чехол #чехол_на_автомобиль_от_солнца #защитный_чехол_тент #ТентНаМашину #чехол_тент_для_автомобиля #защита_авто_от_пыли #чехол_для_автомобиля #многослойный_авточехол #чехолнамашинуотсолнца #Защита_кузова_авто #чехолотдождя #автомобильныйчехол #защитамашины,"1. ТОЧНЫЙ ПОДБОР ПО МОДЕЛИ. Чехол размера 2M подготовлен как отдельный вариант для Focus / Форд Фокус / Focus ST / Focus RS: хэтчбек, ST, RS, Active и отдельные универсалы. Совместимость по таблице: Focus: хэтчбек 5 дв. 1998–2025, 3 дв. 1998–2011. ST: хэтчбек 2001–2011, 2012–2018, 2019–2025. RS: 2002–2005, 2009–2011, 2016–2018. Active: хэтчбек 2018–2022. Отдельные универсалы Focus: 1998–2001, 2001–2005, 2004–2008, 2007–2011. ST универсал: 2001–2005. Это подбор готового размерного чехла под указанную модель, кузов и годы выпуска.
2. ПРОВЕРЬТЕ КУЗОВ И ГОД. Перед заказом сопоставьте название версии, количество дверей и год выпуска с данными автомобиля. У отдельных универсалов годы пересекаются между 2M и 2L, поэтому ориентируйтесь на точную модификацию, указанную в карточке.
3. СЕРЕБРИСТЫЙ МНОГОСЛОЙНЫЙ МАТЕРИАЛ. Гладкий PEVA с алюминизированной поверхностью, без клетчатого рисунка и декоративной стёжки. Материал свободно повторяет контуры кузова; карманы надеваются на наружные зеркала.
4. ДЛЯ УЛИЧНОЙ ПАРКОВКИ. Чехол помогает закрыть кузов от дождя, мокрого снега, обычного снега, пыли, листвы и солнечного воздействия. Светоотражающие полосы становятся заметнее при попадании направленного света.
5. КАК ИСПОЛЬЗОВАТЬ. Устанавливайте на чистый и остывший автомобиль: определите переднюю часть, наденьте карманы на зеркала, расправьте материал по крыше и опустите края до низа кузова без перекручивания. Снимайте аккуратно, полностью просушивайте перед складыванием и храните в сухом месте.",210,,228,888,铝膜款（带后视镜耳朵）,新增货号，已按RU尺码对应,按品牌+车型检索销量表：OZON尺码 2M → 自动尺码 2L+ → 发货尺码 L
19,定制TZ-FORD-FOCUS,TZ-FORD-FOCUS,"Тент для автомобиля Ford Focus / Форд Фокус универсал, Active, Focus ST, индивидуально подобранный для модели размер 2L, чехол на машину от дождя, снега, солнца и пыли, для улицы, авточехол, TOZAROA",,,Ford Focus ,Ford,48*35*7.5,2kg,2L,2XL,L,,TZ-FORD-FOCUS-2L-SIL,PEVA加铝膜（带后视镜耳朵）,Focus / Форд Фокус / Focus ST,,,#ford_focus_чехол_для_авто #тент_на_ФордФокус #чехол_для_универсала #тентдляуниверсала #Чехолдляуниверсала #защита_авто_от_пыли #чехол_для_автомобиля #многослойный_авточехол #чехолнамашинуотсолнца #Защита_кузова_авто #чехолотдождя #автомобильныйчехол #защитамашины #тентдляавто #Водостойкий_авточехол #УФ_защита_для_авто #Повседневная_защита_авто #всепогоднаязащита #чехол_на_машину #чехолнамашинуотдождяиснега #защищающая_от_дождя #тент_для_авто #чехол_от_снега_и_дождя #чехол_для_автомобиля_на_зиму #тентчехолнаавтомобиль #Чехолавтомобильныйтент #Чехолнаавтомобиль #чехолавтомобильныйтент #тент_для_машины_универсальный #Защитаотснега,"1. ТОЧНЫЙ ПОДБОР ПО МОДЕЛИ. Чехол размера 2L подготовлен как отдельный вариант для Focus / Форд Фокус / Focus ST: универсал, Active и ST — отдельные версии. Совместимость по таблице: Отдельные универсалы Focus: 1999–2004, 2004–2007, 2011–2015, 2014–2019, 2018–2022. Active универсал: 2018–2022, 2021–2025. ST универсал: 2012–2015, 2015–2018, 2019–2021, 2021–2025. Это подбор готового размерного чехла под указанную модель, кузов и годы выпуска.
2. ПРОВЕРЬТЕ КУЗОВ И ГОД. Перед заказом сопоставьте название версии, количество дверей и год выпуска с данными автомобиля. У отдельных универсалов годы пересекаются между 2M и 2L, поэтому ориентируйтесь на точную модификацию, указанную в карточке.
3. СЕРЕБРИСТЫЙ МНОГОСЛОЙНЫЙ МАТЕРИАЛ. Гладкий PEVA с алюминизированной поверхностью, без клетчатого рисунка и декоративной стёжки. Материал свободно повторяет контуры кузова; карманы надеваются на наружные зеркала.
4. ДЛЯ УЛИЧНОЙ ПАРКОВКИ. Чехол помогает закрыть кузов от дождя, мокрого снега, обычного снега, пыли, листвы и солнечного воздействия. Светоотражающие полосы становятся заметнее при попадании направленного света.
5. КАК ИСПОЛЬЗОВАТЬ. Устанавливайте на чистый и остывший автомобиль: определите переднюю часть, наденьте карманы на зеркала, расправьте материал по крыше и опустите края до низа кузова без перекручивания. Снимайте аккуратно, полностью просушивайте перед складыванием и храните в сухом месте.",210,,228,888,铝膜款（带后视镜耳朵）,新增货号，已按RU尺码对应,按品牌+车型检索销量表：OZON尺码 2L → 自动尺码 2XL → 发货尺码 L
20,定制TZ-FORD-FOCUS,TZ-FORD-FOCUS,"Чехол на автомобиль Ford Focus / Форд Фокус купе 2007–2010, купе-кабриолет 2007–2011, индивидуально подобранный для модели размер 4M, тент на машину от дождя, снега, солнца и пыли, для улицы, TOZAROA",,,Ford Focus ,Ford,48*35*7.5,2kg,4M,3M-0,L,,TZ-FORD-FOCUS-4M-SIL,PEVA加铝膜（带后视镜耳朵）,Focus / Форд Фокус,,,#ford_focus_чехол_для_авто #тент_на_FordFocus #чехол_от_снега_и_дождя #чехол_для_автомобиля_на_зиму #тентчехолнаавтомобиль #Чехолавтомобильныйтент #Чехолнаавтомобиль #чехолавтомобильныйтент #тент_для_машины_универсальный #Защитаотснега #чехол_на_автомобиль_защитный #защитаавто #тентнамашину #тентдляавтомобиля #чехол_зимний_на_машину #чехол_автомобильный_от_снега #чехол_на_авто_зимний #чехол_для_машины_на_кузов #чехол_для_машины_от_дождя #чехол_автомобильный_на_кузов #чехолдляавтозимний #чехолнаавтомобиль #чехол_на_автомобиль_тент #чехлы_на_автомобиль #чехолдлямашины #чехол_на_автомобиль_зимний #авточехол #чехол_для_авто #чехолдляавтомобиля #чехолдлядворовойпарковки,"1. ТОЧНЫЙ ПОДБОР ПО МОДЕЛИ. Чехол размера 4M подготовлен как отдельный вариант для Focus / Форд Фокус: купе 2007–2010 / купе-кабриолет 2007–2011. Совместимость по таблице: Focus Coupe: 2007–2010. Focus Coupé-Cabriolet: 2007–2011. Кабриолет накрывают только с закрытой крышей. Это подбор готового размерного чехла под указанную модель, кузов и годы выпуска.
2. ПРОВЕРЬТЕ КУЗОВ И ГОД. Перед заказом сопоставьте название версии, количество дверей и год выпуска с данными автомобиля. Не выбирайте вариант только по общему названию Ford Focus / Форд Фокус: разные поколения и кузова относятся к разным размерам.
3. СЕРЕБРИСТЫЙ МНОГОСЛОЙНЫЙ МАТЕРИАЛ. Гладкий PEVA с алюминизированной поверхностью, без клетчатого рисунка и декоративной стёжки. Материал свободно повторяет контуры кузова; карманы надеваются на наружные зеркала.
4. ДЛЯ УЛИЧНОЙ ПАРКОВКИ. Чехол помогает закрыть кузов от дождя, мокрого снега, обычного снега, пыли, листвы и солнечного воздействия. Светоотражающие полосы становятся заметнее при попадании направленного света.
5. КАК ИСПОЛЬЗОВАТЬ. Устанавливайте на чистый и остывший автомобиль: определите переднюю часть, наденьте карманы на зеркала, расправьте материал по крыше и опустите края до низа кузова без перекручивания. Снимайте аккуратно, полностью просушивайте перед складыванием и храните в сухом месте. Для купе-кабриолета перед установкой полностью закройте крышу.",210,,228,888,铝膜款（带后视镜耳朵）,新增货号，已按RU尺码对应,按品牌+车型检索销量表：OZON尺码 4M → 自动尺码 3M-0 → 发货尺码 L
21,定制KIA-RIO,KIA-RIO,"Модельный чехол на автомобиль KIA Rio / Rio Global седан 1999-2023, размер 3M, серебристый всесезонный автотент от дождя, снега, пыли и грязи со светоотражающими полосами, TOZAROA",,,KIA-RIO,KIA-RIO-1,48*35*7.5,2kg,3M,3M,L,,KIA-RIO-3M-PEVA-ALU,PEVA加铝膜（带后视镜耳朵）,KIA Rio Sedan 1999–2023; KIA Rio Global Sedan 2015–2017,,,#чехолнаавтомобиль #тентдляавтомобиля #авточехол #автотент #чехолотдождя #чехолотснега #всесезонныйчехол #защитаавто #чехол_kia_rio #тент_kia_rio #чехол_для_седана #тент_для_седана #чехол_rio_global #чехол_на_авто_3m #чехол_1999_2023 #чехол_с_отражателями #чехол_от_пыли #чехол_от_грязи #тент_для_уличной_стоянки #серебристый_авточехол,"1. Модельный чехол для KIA Rio Sedan 1999–2023; KIA Rio Global Sedan 2015–2017.
2. Размер 3M; перед заказом проверьте кузов, поколение и год выпуска. В пересекающихся годах ориентируйтесь на заводскую версию автомобиля.
3. Серебристое алюминизированное покрытие, слой PEVA и мягкая внутренняя подкладка; водостойкий многослойный материал.
4. Помогает защитить кузов на уличной парковке от дождя, мокрого снега, листьев, пыли и дорожной грязи. Светоотражающие полосы повышают заметность накрытого автомобиля в темноте.
5. Разложите чехол по крыше, совместите карманы зеркал и расправьте нижний край. Надевайте только на чистый остывший автомобиль; перед поездкой полностью снимите и храните сухим.",210,,239,888,铝膜款（带后视镜耳朵）,新增货号，已按RU尺码对应,RU显示尺码 3M → 发货尺码 L
22,定制KIA-RIO,KIA-RIO,"Модельный чехол на автомобиль KIA Rio хэтчбек 5 дверей 2005-2023, размер 2XS, серебристый автотент для хранения машины от дождя, снега, пыли и листьев с мягкой подкладкой, TOZAROA",,,KIA-RIO,KIA-RIO-1,48*35*7.5,2kg,2XS,2M,M,,KIA-RIO-2XS-PEVA-ALU,PEVA加铝膜（带后视镜耳朵）,KIA Rio Hatchback 5-door 2005–2023,,,#чехолнаавтомобиль #тентдляавтомобиля #авточехол #автотент #чехолотдождя #чехолотснега #всесезонныйчехол #защитаавто #чехол_kia_rio_hatchback #тент_kia_rio_hatchback #чехол_для_хэтчбека #тент_для_хэтчбека #чехол_на_авто_2xs #чехол_2005_2023 #чехол_с_мягкой_подкладкой #чехол_от_пыли_и_листьев #тент_для_хранения_авто #чехол_для_компактного_авто #серебристый_тент #защита_кузова_на_стоянке,"1. Модельный чехол для KIA Rio Hatchback 5-door 2005–2023.
2. Размер 2XS; перед заказом проверьте кузов, поколение и год выпуска. В пересекающихся годах ориентируйтесь на заводскую версию автомобиля.
3. Серебристое алюминизированное покрытие, слой PEVA и мягкая внутренняя подкладка; водостойкий многослойный материал.
4. Помогает защитить кузов на уличной парковке от дождя, мокрого снега, листьев, пыли и дорожной грязи. Светоотражающие полосы повышают заметность накрытого автомобиля в темноте.
5. Разложите чехол по крыше, совместите карманы зеркал и расправьте нижний край. Надевайте только на чистый остывший автомобиль; перед поездкой полностью снимите и храните сухим.",210,,230,888,铝膜款（带后视镜耳朵）,新增货号，已按RU尺码对应,按品牌+车型检索销量表：OZON尺码 2XS → 自动尺码 2M → 发货尺码 M
23,定制KIA-RIO,KIA-RIO,"Модельный чехол на автомобиль KIA Rio X-Line / Rio X / Rio Wagon 1999-2022, размер 2M, серебристый всесезонный тент от дождя, снега, пыли и дорожной грязи с мягкой подкладкой, TOZAROA",,,KIA-RIO,KIA-RIO-1,48*35*7.5,2kg,2M,2L+,L,,KIA-RIO-2M-PEVA-ALU,PEVA加铝膜（带后视镜耳朵）,KIA Rio X-Line Hatchback 5-door 2017–2020; KIA Rio X Hatchback 5-door 2020–2022; KIA Rio Wagon 5-door 1999–2005,,,#чехолнаавтомобиль #тентдляавтомобиля #авточехол #автотент #чехолотдождя #чехолотснега #всесезонныйчехол #защитаавто #чехол_kia_rio_xline #чехол_kia_rio_x #тент_kia_rio_wagon #чехол_для_кросс_хэтчбека #чехол_для_универсала #чехол_на_авто_2m #чехол_1999_2022 #чехол_с_подкладкой #тент_от_дождя_и_снега #чехол_от_дорожной_грязи #чехол_с_отражателями #тентдляуниверсала,"1. Модельный чехол для KIA Rio X-Line Hatchback 5-door 2017–2020; KIA Rio X Hatchback 5-door 2020–2022; KIA Rio Wagon 5-door 1999–2005.
2. Размер 2M; перед заказом проверьте кузов, поколение и год выпуска. В пересекающихся годах ориентируйтесь на заводскую версию автомобиля.
3. Серебристое алюминизированное покрытие, слой PEVA и мягкая внутренняя подкладка; водостойкий многослойный материал.
4. Помогает защитить кузов на уличной парковке от дождя, мокрого снега, листьев, пыли и дорожной грязи. Светоотражающие полосы повышают заметность накрытого автомобиля в темноте.
5. Разложите чехол по крыше, совместите карманы зеркал и расправьте нижний край. Надевайте только на чистый остывший автомобиль; перед поездкой полностью снимите и храните сухим.",210,,228,888,铝膜款（带后视镜耳朵）,新增货号，已按RU尺码对应,按品牌+车型检索销量表：OZON尺码 2M → 自动尺码 2L+ → 发货尺码 L
24,定制BMW-5-SERIES-,BMW-5-SERIES,"Модельный чехол на автомобиль BMW 5 серии / 5 Series Sedan / Long 2009-2026, размер 3XXL, серебристый всесезонный автотент от дождя, снега, пыли и грязи со светоотражающими полосами, TOZAROA",,,5 Series,BMW,48*35*7.5,2kg,3XXL,3XXL,XLL,,BMW-5-SERIES-3XXL-PEVA-ALU,PEVA加铝膜（带后视镜耳朵）,BMW 5 Series Sedan / Long Sedan 2009–2026,,,#чехолнаавтомобиль #тентдляавтомобиля #авточехол #автотент #чехолотдождя #чехолотснега #всесезонныйчехол #чехол_bmw_5_series #чехол_bmw_5_серии #тент_bmw_5 #чехол_для_седана #чехол_для_long #чехол_на_авто_3xxl #чехол_2009_2026 #чехол_с_отражателями #тент_для_премиум_авто #чехол_от_пыли #защита_кузова_bmw,"1. Модельный чехол для BMW 5 Series Sedan / Long Sedan 2009–2026.
2. Размер 3XXL; перед заказом проверьте кузов, поколение и год выпуска.
3. Серебристое алюминизированное покрытие, слой PEVA и мягкая внутренняя подкладка; водостойкий многослойный материал.
4. Помогает защитить кузов на стоянке от дождя, мокрого снега, листьев, пыли и дорожной грязи; светоотражающие полосы повышают заметность.
5. Разложите чехол по крыше, совместите карманы зеркал и расправьте нижний край. Используйте только на чистом остывшем автомобиле.",210,,239,888,铝膜款（带后视镜耳朵）,新增货号，已按RU尺码对应,RU显示尺码 3XXL → 发货尺码 XLL
25,定制BMW-5-SERIES-,BMW-5-SERIES,"Модельный чехол на автомобиль BMW 5 серии / 5 Series Sedan 1987-2010, размер 3XL, серебристый всесезонный автотент от дождя, снега, пыли и дорожной грязи с мягкой подкладкой, TOZAROA",,,5 Series,BMW,48*35*7.5,2kg,3XL,3XL,XL,,BMW-5-SERIES-3XL-PEVA-ALU,PEVA加铝膜（带后视镜耳朵）,BMW 5 Series Sedan 1987–2010,,,#чехолнаавтомобиль #тентдляавтомобиля #авточехол #автотент #чехолотдождя #чехолотснега #всесезонныйчехол #чехол_bmw_e39_e60 #тент_bmw_5_sedan #чехол_для_седана #чехол_на_авто_3xl #чехол_1987_2010 #чехол_для_классики #чехол_с_подкладкой #тент_от_дождя_и_снега #чехол_от_дорожной_грязи #серебристый_авточехол #защита_машины_на_стоянке,"1. Модельный чехол для BMW 5 Series Sedan 1987–2010.
2. Размер 3XL; перед заказом проверьте кузов, поколение и год выпуска.
3. Серебристое алюминизированное покрытие, слой PEVA и мягкая внутренняя подкладка; водостойкий многослойный материал.
4. Помогает защитить кузов на стоянке от дождя, мокрого снега, листьев, пыли и дорожной грязи; светоотражающие полосы повышают заметность.
5. Разложите чехол по крыше, совместите карманы зеркал и расправьте нижний край. Используйте только на чистом остывшем автомобиле.",210,,230,888,铝膜款（带后视镜耳朵）,新增货号，已按RU尺码对应,RU显示尺码 3XL → 发货尺码 XL
26,定制BMW-5-SERIES-,BMW-5-SERIES,"Модельный чехол на автомобиль BMW 5 серии / 5 Series классический седан 1972-1988, размер 3L, серебристый тент для хранения авто от дождя, снега, пыли и листьев, TOZAROA",,,5 Series,BMW,48*35*7.5,2kg,3L,3L,L,,BMW-5-SERIES-3L-PEVA-ALU,PEVA加铝膜（带后视镜耳朵）,BMW 5 Series Sedan 1972–1988,,,#чехолнаавтомобиль #тентдляавтомобиля #авточехол #автотент #чехолотдождя #чехолотснега #всесезонныйчехол #чехол_bmw_classic #тент_для_ретро_авто #чехол_для_классики #чехол_на_авто_3l #чехол_1972_1988 #защита_ретро_автомобиля #чехол_от_пыли_и_листьев #тент_для_хранения_авто #серебристый_тент #чехол_с_мягкой_подкладкой #чехол_для_гаража,"1. Модельный чехол для BMW 5 Series Sedan 1972–1988.
2. Размер 3L; перед заказом проверьте кузов, поколение и год выпуска.
3. Серебристое алюминизированное покрытие, слой PEVA и мягкая внутренняя подкладка; водостойкий многослойный материал.
4. Помогает защитить кузов на стоянке от дождя, мокрого снега, листьев, пыли и дорожной грязи; светоотражающие полосы повышают заметность.
5. Разложите чехол по крыше, совместите карманы зеркал и расправьте нижний край. Используйте только на чистом остывшем автомобиле.",210,,228,888,铝膜款（带后视镜耳朵）,新增货号，已按RU尺码对应,RU显示尺码 3L → 发货尺码 L
27,定制BMW-5-SERIES-,BMW-5-SERIES,"Модельный чехол на автомобиль BMW 5 серии Touring / Gran Turismo 2003-2026, размер 2XL, серебристый всесезонный автотент для универсала и лифтбека от дождя, снега и пыли, TOZAROA",,,5 Series,BMW,48*35*7.6,3kg,2XL,2XL,XL,,BMW-5-SERIES-2XL-PEVA-ALU,PEVA加铝膜（带后视镜耳朵）,BMW 5 Series Touring Wagon 5-door 2003–2026; BMW 5 Series Gran Turismo Liftback 2009–2017,,,#чехолнаавтомобиль #тентдляавтомобиля #авточехол #автотент #чехолотдождя #чехолотснега #всесезонныйчехол #чехол_bmw_touring #чехол_bmw_gran_turismo #тент_для_универсала #чехол_для_лифтбека #чехол_на_авто_2xl #чехол_2003_2026 #чехол_для_большого_авто #чехол_с_отражателями #тентдляуниверсала #чехол_от_пыли #защита_кузова_touring,"1. Модельный чехол для BMW 5 Series Touring Wagon 5-door 2003–2026; BMW 5 Series Gran Turismo Liftback 2009–2017.
2. Размер 2XL; перед заказом проверьте кузов, поколение и год выпуска.
3. Серебристое алюминизированное покрытие, слой PEVA и мягкая внутренняя подкладка; водостойкий многослойный материал.
4. Помогает защитить кузов на стоянке от дождя, мокрого снега, листьев, пыли и дорожной грязи; светоотражающие полосы повышают заметность.
5. Разложите чехол по крыше, совместите карманы зеркал и расправьте нижний край. Используйте только на чистом остывшем автомобиле.",210,,228,888,铝膜款（带后视镜耳朵）,新增货号，已按RU尺码对应,RU显示尺码 2XL → 发货尺码 XL
28,定制BMW-5-SERIES-,BMW-5-SERIES,"Модельный чехол на автомобиль BMW 5 серии Touring / универсал 1987-2004, размер 2L, серебристый тент для хранения машины от дождя, снега, пыли и дорожной грязи, TOZAROA",,,5 Series,BMW,48*35*7.7,4kg,2L,2L,L,,BMW-5-SERIES-2L-PEVA-ALU,PEVA加铝膜（带后视镜耳朵）,BMW 5 Series Touring Wagon 5-door 1987–2004,,,#чехолнаавтомобиль #тентдляавтомобиля #авточехол #автотент #чехолотдождя #чехолотснега #всесезонныйчехол #чехол_bmw_touring_classic #тент_bmw_wagon #чехол_для_универсала #чехол_на_авто_2l #чехол_1987_2004 #чехол_для_старого_авто #чехол_с_подкладкой #тент_от_дождя_и_снега #чехол_от_дорожной_грязи #тент_для_хранения_авто #серебристый_авточехол,"1. Модельный чехол для BMW 5 Series Touring Wagon 5-door 1987–2004.
2. Размер 2L; перед заказом проверьте кузов, поколение и год выпуска.
3. Серебристое алюминизированное покрытие, слой PEVA и мягкая внутренняя подкладка; водостойкий многослойный материал.
4. Помогает защитить кузов на стоянке от дождя, мокрого снега, листьев, пыли и дорожной грязи; светоотражающие полосы повышают заметность.
5. Разложите чехол по крыше, совместите карманы зеркал и расправьте нижний край. Используйте только на чистом остывшем автомобиле.",210,,228,888,铝膜款（带后视镜耳朵）,新增货号，已按RU尺码对应,RU显示尺码 2L → 发货尺码 L
