scene_id,name,scene,depth_layers,platform_surroundings,top_zone,middle_zone,fill_elements,light,palette,realism_environment,extra_forbidden,notes
winter_lakeside,冬季湖畔观景停车区,"冬季高端汽车展示场景，位于欧洲郊区或山地湖畔附近的开放式停车观景区域。

背景由：

* 浅灰蓝色冬季天空
* 柔和薄云
* 远处积雪山丘与树林
* 模糊的小型住宅或湖畔建筑
* 被积雪覆盖的松树
* 少量石墙、护栏和冬季植被

共同组成。

环境真实、自然、安静、干净，有轻微冬日阳光，但不要暴雪，不要极端天气，不要过度梦幻。",前景地面 → 汽车展示平台 → 石墙 / 雪地 → 湖面或山谷 → 远山天空,平台两侧可以有少量积雪，但**平台主体保持基本清洁、可停车状态**，不能被厚雪完全覆盖。,使用浅灰蓝天空、极淡云层、远景山脉和轻微环境纹理构成相对安静的区域，方便后续加入车型名称、年份、尺码等信息。,自然过渡到雪山、树林、湖泊、住宅或石墙等远景，用来连接顶部信息区和汽车展示区。,"* 天空渐变
* 雾化远山
* 极淡雪景
* 柔和树线
* 轻微环境纹理","柔和冬日下午自然光。

光线方向主要来自画面左前方或左上方。",冷灰蓝 + 雪白 + 深灰地面 + 少量暖阳,"realistic winter environment,
natural snow accumulation",不要让积雪覆盖整个汽车展示平台。,来源 docs/背景生图节点.md；适合 land_cruiser、renault_logan 浅色冬景主题
autumn_stone_residence,秋季石材住宅车道,"高端石材住宅外的开放车道，深秋晴朗环境，暖色落叶树与少量常绿植物，安静整洁。",清洁铺装前景 → 停车平台 → 低矮石墙与住宅 → 树林天空,平台平整干燥，只在边缘保留少量落叶。,浅暖灰天空与虚化树冠形成安静留白，避免强烈枝叶穿过文字区。,石墙和住宅保持低对比，连接标题区与车辆区。,柔和树影；少量落叶；低矮石墙；远处住宅,柔和下午侧光，来自画面左前方。,暖灰 + 米色石材 + 焦糖橙 + 深绿,"realistic premium residential driveway, natural autumn foliage",不要人物、其他车辆、门牌、文字或醒目标识。,适合暖色秋季生活方式背景
frosty_forest_overlook,霜冻森林观景台,"寒冷清晨的森林观景停车区，远处针叶林与淡雾山谷，路缘和植被有轻霜，空气通透。",轻霜铺装前景 → 停车平台 → 木石护栏 → 针叶林谷地 → 淡天空,平台主体清洁可停车，霜雪只出现在边缘与远景。,淡蓝灰天空与轻雾形成低细节标题区。,护栏与模糊林线自然连接车辆区域。,薄雾；针叶林；低矮护栏；边缘霜雪,清晨漫射光，方向来自左上方。,冷蓝灰 + 松针绿 + 霜白 + 深灰,"realistic frosty forest overlook, natural atmospheric perspective",不要厚雪、暴雪、人物、车辆、路牌或文字。,比冬季湖畔更克制的冷色森林背景
wet_urban_park,雨后城市公园停车区,"雨后现代城市公园旁的安静停车区域，浅色建筑和树木退到远景，地面微湿但无积水。",微湿铺装前景 → 开阔停车位 → 低矮绿化 → 模糊建筑树线 → 阴天天空,停车平台平整清洁，仅有柔和湿润反光。,明亮阴天天空和浅色建筑虚化为低对比留白。,绿化带与远处建筑形成柔和层次，不抢车辆主体。,轻微地面反光；修剪绿化；远处浅色建筑；柔和树影,阴天柔光，整体均匀，左前方略亮。,中性灰 + 青灰 + 克制绿 + 少量暖色,"realistic post-rain urban park parking area, subtle wet reflections",不要霓虹、拥挤街道、行人、车辆、交通标志或文字。,测试非雪景与雨后防护语义
riverside_promenade,初冬河畔步道停车区,"初冬河畔开放停车平台，远处河面、低矮栏杆与稀疏树木，天空明亮，环境简洁高级。",干净铺装前景 → 停车平台 → 低矮栏杆 → 河面与对岸树线 → 天空,平台干燥清洁，边缘可有少量枯叶或薄霜。,明亮浅灰蓝天空和远处水面形成大面积低干扰区域。,栏杆、河面与树线保持低饱和并自然过渡。,平静水面；细窄栏杆；稀疏枝条；少量枯叶,初冬上午柔光，来自左前上方。,浅灰蓝 + 石灰色 + 枯叶褐 + 深蓝绿,"realistic early-winter riverside parking promenade",不要人物、船只、车辆、文字、广告牌或城市地标。,适合清爽明亮的初冬背景
