key,bytes,sha256,width,height
archive/backups/Toyota_Land_Cruiser_文字升级前备份_20260929/01_主图/LandCruiser_L_主图_1086x1448.png,1770615,ac3edb27ff489667fee1e4e0b6adc0ced38ca656888ea3873476d386162be0ee,1086,1448
archive/backups/Toyota_Land_Cruiser_文字升级前备份_20260929/01_主图/LandCruiser_M_主图_1086x1448.png,1839825,b549afe049ec0682b9b1dc550b1962abcc631339124068406afa3ed6c78cc17a,1086,1448
archive/backups/Toyota_Land_Cruiser_文字升级前备份_20260929/01_主图/LandCruiser_S_主图_1086x1448.png,1835286,2e6c9c8890196bb53a879c815f56162c7fb82c830ccc34197152790d494be091,1086,1448
archive/backups/Toyota_Land_Cruiser_文字升级前备份_20260929/01_主图/LandCruiser_XL_主图_1086x1448.png,1750003,719ed64f613b99ca87ccfd40dd01d24c88255e33c11ac675311711d2cf7a7239,1086,1448
archive/backups/Toyota_Land_Cruiser_旧版备份_20260928/01_主图/LandCruiser_L_主图_1086x1448.png,1830310,99369fdd322711dbdae3b23cc62ae5e4ebc7f7d4435b9daa73da1a076718a185,1086,1448
archive/backups/Toyota_Land_Cruiser_旧版备份_20260928/01_主图/LandCruiser_M_主图_1086x1448.png,1969429,e0966da2a569a3ac187f7d9e3ecd920b480e812301b6e036e0d8325e41c6a85c,1086,1448
archive/backups/Toyota_Land_Cruiser_旧版备份_20260928/01_主图/LandCruiser_S_主图_1086x1448.png,1900669,82dfb3974065adefdf635bbb94b0b550bdee96cbf9d1e159a86b9320231505af,1086,1448
archive/backups/Toyota_Land_Cruiser_旧版备份_20260928/01_主图/LandCruiser_XL_主图_1086x1448.png,1789260,f835c56fa5727cb6e7cf28ef9baeb71098f01072c4e2b9851a8ea0845397db2e,1086,1448
archive/backups/Toyota_Land_Cruiser_旧版备份_20260928/02_车型适配图/LandCruiser_L_车型适配图_1086x1448.png,1240090,e0f145e1cf9c82c57eb15a31094696e79ccf019b763f941aee2bfb85eb4d3f14,1086,1448
archive/backups/Toyota_Land_Cruiser_旧版备份_20260928/02_车型适配图/LandCruiser_M_车型适配图_1086x1448.png,1136621,d918f0ad866e9895717799ee898c555f74a9107678f7adc6e52ef06b6f10aea8,1086,1448
archive/backups/Toyota_Land_Cruiser_旧版备份_20260928/02_车型适配图/LandCruiser_S_车型适配图_1086x1448.png,1196298,d7ae4650960d97ef73a0d322a41c8ebc9a46f3d25fd702fe42b08cd8340994c4,1086,1448
archive/backups/Toyota_Land_Cruiser_旧版备份_20260928/02_车型适配图/LandCruiser_XL_车型适配图_1086x1448.png,1215105,a96dd8ec4965942d2123813773da64f70461da41493f791a2c87b496829beccf,1086,1448
archive/backups/Toyota_Land_Cruiser_旧版备份_20260928/03_SKU共用图/LandCruiser_S_M_L_XL_SKU共用选择图_1086x1448.png,1452433,095087d84c071e308fa4ea3b7c26f38731a1f9fbde3de01df494371117723a97,1086,1448
archive/backups/Toyota_Land_Cruiser_旧版备份_20260928/05_预览/LandCruiser_九图总览.png,1790917,1619ea8a065eb086bc3b82e284d148d555cf6d4e5a99b56a5553a1ab3eb281f3,1018,1385
archive/backups/Toyota_Land_Cruiser_旧版备份_20260928/05_预览/LandCruiser_官方上架表预览.png,177104,2894ac16629bfe84ed55e17a12653b0614676f2c48534f439ad4a4be861d96f3,7503,195
archive/backups/Toyota_Land_Cruiser_旧版备份_20260928/05_预览/LandCruiser_链接汇总同步预览.png,185687,3ace2ced34bd3dc8837f3eb67eebc07a217f6904225fc8dba8e9e8cc11e540fb,4658,179
archive/backups/Toyota_RAV4_淘汰版本备份_20260927/01_SKU专属图/RAV4_M_S_YS_SKU共用选择图_1086x1448.png,101964,70158836654eb01e3eb6c1358aa2e88d8c1886afc359a589527d98042ca4499e,1086,1448
archive/backups/Toyota_RAV4_淘汰版本备份_20260927/01_SKU专属图/RAV4_M_主图_1086x1448.png,2109392,d700a459a13f9118be54e657e1942ee80e04e5372a383a65b168365588ae0da5,1086,1448
archive/backups/Toyota_RAV4_淘汰版本备份_20260927/01_SKU专属图/RAV4_M_车型适配图_1086x1448.png,565438,2a7df8671f2be51bb8f466f06c59434a64bcdec19f6a8c08a508063cc174f2d4,1086,1448
archive/backups/Toyota_RAV4_淘汰版本备份_20260927/01_SKU专属图/RAV4_S_主图_1086x1448.png,2118317,82c137bed894110e5ecf846cc217297e0c810abff8bc1f5acde88e1f73ce3895,1086,1448
archive/backups/Toyota_RAV4_淘汰版本备份_20260927/01_SKU专属图/RAV4_S_车型适配图_1086x1448.png,517460,067bb240762d0434cd726a5fa5e6416919961d37bb1b6a283286265293f01b06,1086,1448
archive/backups/Toyota_RAV4_淘汰版本备份_20260927/01_SKU专属图/RAV4_YS_主图_1086x1448.png,2302990,73390e95832eac598fdc13365af73d524a0c6533dba6810b895d010e3d7ae536,1086,1448
archive/backups/Toyota_RAV4_淘汰版本备份_20260927/01_SKU专属图/RAV4_YS_车型适配图_1086x1448.png,780703,053620b0168768a5ae9a780bfca08d4130ff58f272eeb1e168069412fbe6434a,1086,1448
archive/backups/Toyota_RAV4_淘汰版本备份_20260927/02_共用越野车副图/U_G01_秋冬停车总览_1086x1448.png,2441371,182075b013595d3d0eb0929ce20e40c13806ca29d102debff7aeaf7edaa15047,1086,1448
archive/backups/Toyota_RAV4_淘汰版本备份_20260927/02_共用越野车副图/U_G02_普通雨雪落叶情境_1086x1448.png,2346327,102989ab14528e1311fd06016e881e0ee53490c1431453012d425c9bf5df075a,1086,1448
archive/backups/Toyota_RAV4_淘汰版本备份_20260927/02_共用越野车副图/U_G03_无耳连续覆盖_1086x1448.png,2481190,7559f3b99f79f7c024084d049248b55a46d8e710ce4e0fa6eb0c3e762a824fee,1086,1448
archive/backups/Toyota_RAV4_淘汰版本备份_20260927/02_共用越野车副图/U_G04_灰色单层材质_1086x1448.png,2310437,c755c943e3068ea3bada6113d4b18da68f110acf7598dd839268644f58fd2258,1086,1448
archive/backups/Toyota_RAV4_淘汰版本备份_20260927/02_共用越野车副图/U_G05_三步安装_1086x1448.png,2559760,d7f36579cad28bc5d9fc45e001dc568b969aee477736045987d35ae5b1ae5f83,1086,1448
archive/backups/Toyota_RAV4_淘汰版本备份_20260927/02_共用越野车副图/U_G06_维护收纳_1086x1448.png,2272891,c472df4133ee4e71190d229365351398a139b3705f35d57c10cae26ad72a63a5,1086,1448
archive/backups/Toyota_RAV4_淘汰版本备份_20260927/02_共用越野车副图/U_G07_两种停车环境_1086x1448.png,2332613,c9e88d353ba12255aac9cae18e079998862b95a7dfcb1d2eed01ca335ede38e5,1086,1448
archive/backups/Toyota_RAV4_淘汰版本备份_20260927/02_共用越野车副图/U_G08_购买前车型核对_1086x1448.png,1786673,c386416e0053b84ad3159ec9abf8d4edab432b8f5c2223d56c77e6f179266c46,1086,1448
archive/backups/Toyota_RAV4_淘汰版本备份_20260927/03_共用越野车A+/U_A01M_女性品牌海报_640x640.png,2390049,26fe736c251808b874664beb7778c8b76b0e585d74aa4a599c86f9cb045212c0,1254,1254
archive/backups/Toyota_RAV4_淘汰版本备份_20260927/03_共用越野车A+/U_A01P_女性品牌海报_1410x708.png,2420161,d19a30ac19ae9ee9d73bdfa1ff6be4a70a8efe2ee69ce61eb865bde5d9765b6f,1770,889
archive/backups/Toyota_RAV4_淘汰版本备份_20260927/03_共用越野车A+/U_A02M_表面纹理对比_640x640.png,2140825,4385e32b55f5de0ef70e843be0642fb0c3b3503c6b4ebf2b601a4030c4d3878b,1254,1254
archive/backups/Toyota_RAV4_淘汰版本备份_20260927/03_共用越野车A+/U_A02P_表面纹理对比_1410x708.png,1972141,e7b4cbf7b5c00319d6a5ec28d6f0aec2334f6f053d7734f2d1c901e17c84c0aa,1769,889
archive/backups/Toyota_RAV4_淘汰版本备份_20260927/03_共用越野车A+/U_A03M_自然余量_640x640.png,2480319,3a121999afd0ce285f3a3f8ce6610f68ffbb04dcba0698f328afb517e3e4a68c,1254,1254
archive/backups/Toyota_RAV4_淘汰版本备份_20260927/03_共用越野车A+/U_A03P_自然余量_1410x708.png,2428189,c1ae90d8c29d8d99908aa9fe0cb498b470dd94eb3291168a9333865f145f06c4,1769,889
archive/backups/Toyota_RAV4_淘汰版本备份_20260927/03_共用越野车A+/U_A04M_车主一天_640x640.png,2339086,661db189cdceb77abbb985b282d8070408889aa1f8ede4fdb030d3a9cfce6950,1254,1254
archive/backups/Toyota_RAV4_淘汰版本备份_20260927/03_共用越野车A+/U_A04P_车主一天_1410x708.png,2241798,179df83edd5497ce54a8bec3c69eecdfbde353e5b52184542cc97cff2523e77a,1768,889
archive/backups/Toyota_RAV4_淘汰版本备份_20260927/03_共用越野车A+/U_A05M_选购使用导览_640x640.png,703565,e2860e558fa5a7bdff5a27c8dcb632d2d309eef02910011049e108ddc7197e3b,640,640
archive/backups/Toyota_RAV4_淘汰版本备份_20260927/03_共用越野车A+/U_A05P_选购使用导览_1410x708.png,1815452,78f390aae05b2a52fd5dfb23017931dc9207f88787a437093dff084cd6ce2907,1410,708
archive/backups/Toyota_RAV4_淘汰版本备份_20260927/04_上架资料/QA_7张专属图联系表.jpg,306384,ee0671fdeff963474ce05dbe922a20c7528f1893209767a2b69993eb70289f17,930,1260
archive/backups/Toyota_RAV4_淘汰版本备份_20260927/04_上架资料/QA_新版设计V2.jpg,358005,f36d6cf7bc5e30bdf5d8dc11d77ac9316a7d4308a9c1af3bfd4ca576f20eaa5d,930,1260
archive/backups/Toyota_RAV4_淘汰版本备份_20260927/04_上架资料/Toyota_RAV4_Tozaroa_上架内容.csv,9449,5788b0b2425ef4ab6e7fa22341a43561ad24d96c35f5c562a1642d7ccedd6cc7,,
archive/backups/Toyota_RAV4_淘汰版本备份_20260927/04_上架资料/图片预览.html,4667,21b36c9bbeb53e2fd3c863e1d21a3676da1a675cb1cd72d81f5323401028cf93,,
archive/backups/Toyota_RAV4_淘汰版本备份_20260927/04_上架资料/尺码分组说明.txt,386,a8d2e1e60dffdfeddd65ec0363d0c0169516a4c2a3e8e77b80fe813d7c259c5c,,
archive/backups/Toyota_RAV4_淘汰版本备份_20260927/05_新版设计V2/RAV4_M_S_YS_SKU共用选择图_V2_1086x1448.png,611984,dd79d70cf6389d064188b8b41e196bacdeb9ceb4c43ed56b08a6685440e9bded,1086,1448
archive/backups/Toyota_RAV4_淘汰版本备份_20260927/05_新版设计V2/RAV4_M_主图_V2_1086x1448.png,1794163,f40fb45c37b0a05aeaa9dc59acd4a530da86e08d67998bffe4d09c60d3d9a46d,1086,1448
archive/backups/Toyota_RAV4_淘汰版本备份_20260927/05_新版设计V2/RAV4_M_车型适配图_V2_1086x1448.png,953416,6be7b5d6a667d12531e5525b56a4f14720b4a081f53b8acd3eab8b040a0cf8cf,1086,1448
archive/backups/Toyota_RAV4_淘汰版本备份_20260927/05_新版设计V2/RAV4_S_主图_V2_1086x1448.png,1791391,55e8db56013d268c3ba8540830101cfa92b0b632265364df190d31e1f1068e00,1086,1448
archive/backups/Toyota_RAV4_淘汰版本备份_20260927/05_新版设计V2/RAV4_S_车型适配图_V2_1086x1448.png,919736,4918a6b56a8fef94236d8acc74f3c791da84ece4442348c35111ee3c92e7feaf,1086,1448
archive/backups/Toyota_RAV4_淘汰版本备份_20260927/05_新版设计V2/RAV4_YS_主图_V2_1086x1448.png,1936203,a801ad52f2762d9e7e22610c9759c4c63e908997d6f5fc3c5f32fb3c1c2928cf,1086,1448
archive/backups/Toyota_RAV4_淘汰版本备份_20260927/05_新版设计V2/RAV4_YS_车型适配图_V2_1086x1448.png,966428,969b7231b3b8680c7b7844f0b199253a9eca8174ab4bb518de25d1e46f62b3fd,1086,1448
archive/backups/Toyota_RAV4_淘汰版本备份_20260927/06_新版设计V3/RAV4_M_S_YS_SKU共用选择图_V3_1086x1448.png,839783,70f1a3631a64e2e60f93debac9f928b7256758b49165d4b61a5a532940982262,1086,1448
archive/backups/Toyota_RAV4_淘汰版本备份_20260927/06_新版设计V3/RAV4_M_主图_V3_1086x1448.png,1885118,e009f7647643dba128e94ce32c854f3f05170b266d8c505d03b7656168947203,1086,1448
archive/backups/Toyota_RAV4_淘汰版本备份_20260927/06_新版设计V3/RAV4_M_车型适配图_V3_1086x1448.png,987028,64d64cffdde763748ac036ad8728165f8e529bdb21f6bc85a583a3af9e41261d,1086,1448
archive/backups/Toyota_RAV4_淘汰版本备份_20260927/06_新版设计V3/RAV4_S_主图_V3_1086x1448.png,1891133,69345b08e0f46041653771906d30cd75809f22992aa28fd77e8045dd961b7c31,1086,1448
archive/backups/Toyota_RAV4_淘汰版本备份_20260927/06_新版设计V3/RAV4_S_车型适配图_V3_1086x1448.png,945935,e4b2c58a594911856948f8814b4bdf1e220c8362983c359c26b806685f72466b,1086,1448
archive/backups/Toyota_RAV4_淘汰版本备份_20260927/06_新版设计V3/RAV4_YS_主图_V3_1086x1448.png,2024342,f333c3baa7a99f6a6001eca693346fa233feabcb056b18e7b12468a3f4b341f3,1086,1448
archive/backups/Toyota_RAV4_淘汰版本备份_20260927/06_新版设计V3/RAV4_YS_车型适配图_V3_1086x1448.png,995618,5642e5ba1a00d90c7b74b611d83d89a19af49fa34c0b84fb5d19c4357d2658aa,1086,1448
archive/backups/Toyota_RAV4_淘汰版本备份_20260927/06_新版设计V3/V3_总览.jpg,425619,c586ef777e9585dfddd72b980057ff42c92203474843dde7c616e439cb5aeba3,1050,1560
archive/backups/Toyota_RAV4_淘汰版本备份_20260927/07_融合版V4/RAV4_M_S_YS_SKU共用选择图_V4_1086x1448.png,1382476,ebb1953d9c4c52e70cfa52f6a80c0ca7d5649ab1847f80456ca17dcfb5b9aca7,1086,1448
archive/backups/Toyota_RAV4_淘汰版本备份_20260927/07_融合版V4/RAV4_M_主图_V4_1086x1448.png,2172331,9c6c8a32bb6bca68812d0e1c55edbdeb69356c431be9b3053e5e2c4cfa3dc6b5,1086,1448
archive/backups/Toyota_RAV4_淘汰版本备份_20260927/07_融合版V4/RAV4_M_车型适配图_V4_1086x1448.png,1259599,4ef079404e0901db02c9675b776322e57ebdbbadbc957296b923426d39c25ee4,1086,1448
archive/backups/Toyota_RAV4_淘汰版本备份_20260927/07_融合版V4/RAV4_S_主图_V4_1086x1448.png,2173406,c876c1fe387303128d0012cdc211f36d4489526f2e23193dae8cb5c026280396,1086,1448
archive/backups/Toyota_RAV4_淘汰版本备份_20260927/07_融合版V4/RAV4_S_车型适配图_V4_1086x1448.png,1290941,d37eeb3423663c3a17a6b2542af9f98157c097a3670ef30b432c4bd9fae7524c,1086,1448
archive/backups/Toyota_RAV4_淘汰版本备份_20260927/07_融合版V4/RAV4_YS_主图_V4_1086x1448.png,2374935,c1e7627c9dd6d767dc6f82061ea7b51c42866bbc6e406b00bfb7000ba5b7cb20,1086,1448
archive/backups/Toyota_RAV4_淘汰版本备份_20260927/07_融合版V4/RAV4_YS_车型适配图_V4_1086x1448.png,1282484,9c4e0ea7d881540282e8bc73ee09a47596d0b32e6d862c03bbfdadc7f46678d8,1086,1448
archive/backups/Toyota_RAV4_淘汰版本备份_20260927/07_融合版V4/V4_七图总览.jpg,439297,96748ef9d1dafb505c27c4810c7577fd5eff77ee37c8d0c942eb99e054019ae7,1050,1560
archive/backups/Toyota_RAV4_淘汰版本备份_20260927/08_新字体V5/RAV4_M_S_YS_SKU共用选择图_V5_1086x1448.png,1392932,717e5c7ad0ef61f083d021bebdcad2cd4c787bd1e5c02d613714498ce2e90266,1086,1448
archive/backups/Toyota_RAV4_淘汰版本备份_20260927/08_新字体V5/RAV4_M_主图_V5_1086x1448.png,2169274,c4f6f5aa38e1a01f0b82b9535af5a84edeca0371bf4f0a02458fa17e642bdf08,1086,1448
archive/backups/Toyota_RAV4_淘汰版本备份_20260927/08_新字体V5/RAV4_M_车型适配图_V5_1086x1448.png,1264954,6d0ebf3c3e861f7da144756e2a6ebc10ded9dabc07b81749376f1212a7429763,1086,1448
archive/backups/Toyota_RAV4_淘汰版本备份_20260927/08_新字体V5/RAV4_S_主图_V5_1086x1448.png,2169969,69024da9e8aea0ffcc1bca12ba33c77700ab8db9167b3d6749d7106d073ee571,1086,1448
archive/backups/Toyota_RAV4_淘汰版本备份_20260927/08_新字体V5/RAV4_S_车型适配图_V5_1086x1448.png,1295837,4139f204d14816fc39e0848eddaad8ade3d6757d741938d1cbe4166b258551ed,1086,1448
archive/backups/Toyota_RAV4_淘汰版本备份_20260927/08_新字体V5/RAV4_YS_主图_V5_1086x1448.png,2369802,506e54c8480f50f32dce185ddca865987c91c09f4bd1e2d04f82085628ac7691,1086,1448
archive/backups/Toyota_RAV4_淘汰版本备份_20260927/08_新字体V5/RAV4_YS_车型适配图_V5_1086x1448.png,1285721,5233203715346a44a58527d93c3522fa9f836b0dfaa19df07b0f1cb25ac84f6d,1086,1448
archive/backups/Toyota_RAV4_淘汰版本备份_20260927/08_新字体V5/V5_七图总览.jpg,445379,ae138961ff6dd6faf0b7f6bfc8aad6a5deea4ea2a7855b64236825d0cc42a69c,1050,1560
archive/backups/Toyota_RAV4_淘汰版本备份_20260927/09_审美升级V6/RAV4_M_S_YS_SKU共用选择图_V6_1086x1448.png,1380074,03ea8cac5a945bce4e5ac5b49906841a94da475dc6474dab6e8350a7e1c8e893,1086,1448
archive/backups/Toyota_RAV4_淘汰版本备份_20260927/09_审美升级V6/RAV4_M_主图_V6_1086x1448.png,1891253,c2eb380b349edbd431bf36aed084b38adb0f7bd247e9783fc47846e6f7f37614,1086,1448
archive/backups/Toyota_RAV4_淘汰版本备份_20260927/09_审美升级V6/RAV4_M_车型适配图_V6_1086x1448.png,1252406,ffc264185e97460d4e2088c2209b5581e6aaed16d5893b7f392f6cd61dc499f6,1086,1448
archive/backups/Toyota_RAV4_淘汰版本备份_20260927/09_审美升级V6/RAV4_S_主图_V6_1086x1448.png,1902158,cc5ec1575306112ebe7e94610ab2b6c243d8ec104d73ef973f9e32fb3026de62,1086,1448
archive/backups/Toyota_RAV4_淘汰版本备份_20260927/09_审美升级V6/RAV4_S_车型适配图_V6_1086x1448.png,1282711,eae4e315769a464ba617c8a38a14e51f92d04d0e120274b4a70ff2f63532fd98,1086,1448
archive/backups/Toyota_RAV4_淘汰版本备份_20260927/09_审美升级V6/RAV4_YS_主图_V6_1086x1448.png,2096878,ff8d743f14d28a25363852243c9f92289deb6aa4543bb2465b26166aa7ab1e80,1086,1448
archive/backups/Toyota_RAV4_淘汰版本备份_20260927/09_审美升级V6/RAV4_YS_车型适配图_V6_1086x1448.png,1273843,72859d8ae1095f62062ed7d739ba18e21001aefabf70535c8ddbca7e379e8a6b,1086,1448
archive/backups/Toyota_RAV4_淘汰版本备份_20260927/09_审美升级V6/V6_七图总览.jpg,493399,f58e6ba77bad9cde5286d75359218f19a10278d436a72bb9b8724d775b56219d,1050,1560
archive/backups/Toyota_RAV4_淘汰版本备份_20260927/10_YS改XS前备份/01_主图/RAV4_YS_主图_V6_1086x1448.png,2096878,ff8d743f14d28a25363852243c9f92289deb6aa4543bb2465b26166aa7ab1e80,1086,1448
archive/backups/Toyota_RAV4_淘汰版本备份_20260927/10_YS改XS前备份/02_车型适配图/RAV4_YS_车型适配图_V6_1086x1448.png,1273843,72859d8ae1095f62062ed7d739ba18e21001aefabf70535c8ddbca7e379e8a6b,1086,1448
archive/backups/Toyota_RAV4_淘汰版本备份_20260927/10_YS改XS前备份/03_SKU共用图/RAV4_M_S_YS_SKU共用选择图_V6_1086x1448.png,1380074,03ea8cac5a945bce4e5ac5b49906841a94da475dc6474dab6e8350a7e1c8e893,1086,1448
archive/backups/Toyota_RAV4_淘汰版本备份_20260927/10_YS改XS前备份/05_预览/V6_七图总览.jpg,493399,f58e6ba77bad9cde5286d75359218f19a10278d436a72bb9b8724d775b56219d,1050,1560
archive/backups/Toyota_RAV4_淘汰版本备份_20260927/Toyota_RAV4_灰色无耳_Tozaroa_上架包.zip,8481871,5e94a5cfee250f8807a86913528fbf3d18368df0ec5e2597845e5d3a589d896a,,
archive/backups/Toyota_RAV4_淘汰版本备份_20260927/Toyota_RAV4_灰色无耳_Tozaroa_审美升级V6.zip,11068777,edb1c6a98be81b6912447850a202c3a6afe10feafec5d5d4caa2765a695d50d3,,
archive/backups/Toyota_RAV4_淘汰版本备份_20260927/Toyota_RAV4_灰色无耳_Tozaroa_新字体V5.zip,11943895,da71d041450603101b2e340fef73cec1b9614eb94cd1dae58ca3d982f0ae4379,,
archive/backups/Toyota_RAV4_淘汰版本备份_20260927/Toyota_RAV4_灰色无耳_Tozaroa_新版设计V2.zip,8948679,28d01e115df32eeda5ae03d5df0f771488e25f44aa4b4fd23e54be245c7ea908,,
archive/backups/Toyota_RAV4_淘汰版本备份_20260927/Toyota_RAV4_灰色无耳_Tozaroa_新版设计V3.zip,9538644,a58f07e09fdac713d61eade087aaf37e18f1ae57aca72a5d5ac5f797f77ba143,,
archive/backups/Toyota_RAV4_淘汰版本备份_20260927/Toyota_RAV4_灰色无耳_Tozaroa_融合版V4.zip,11931620,268d7d73364603c971a81dcfadda9032cc123d5dc0070d9963e12395f11b7ad5,,
archive/backups/原图备份_平面视角_20260920/阶段01_两厢车副图/H_G01_秋冬停车总览_1086x1448.png,2565480,0a2450c3974eefe73dc4d8e7933152bffd027d2d70aea51652d0ed7d36f2f7da,1086,1448
archive/backups/原图备份_平面视角_20260920/阶段01_两厢车副图/H_G02_普通雨雪落叶情境_1086x1448.png,2593316,6b6bb4b6a12a7ba33b071951362d3ef81d772eba0fa33ac181cac9820b3dd981,1086,1448
archive/backups/原图备份_平面视角_20260920/阶段01_两厢车副图/H_G03_无耳连续覆盖_1086x1448.png,2508239,075ce55c67c7f2f66b78c092c4484f00ae797a23fa7b7a71bb24454489996aea,1086,1448
archive/backups/原图备份_平面视角_20260920/阶段01_两厢车副图/H_G04_灰色单层材质_1086x1448.png,2297245,fc1d4ce1e9da5b2714868c47ec0face7fea500f34c27242609fee2fd3f0ece4a,1086,1448
archive/backups/原图备份_平面视角_20260920/阶段01_两厢车副图/H_G05_三步安装_1086x1448.png,2817045,5fea51597a3fd3842a6bb9e080b1e8604b8f698ba8fe0ce0d3e23a99138e3edf,1086,1448
archive/backups/原图备份_平面视角_20260920/阶段01_两厢车副图/H_G06_维护收纳_1086x1448.png,2066953,72fcfe11512f46315948ae9437531a2476f28a56c6796db1011db9c2d8d3a7a0,1086,1448
archive/backups/原图备份_平面视角_20260920/阶段01_两厢车副图/H_G07_两种停车环境_1086x1448.png,2644153,2ace711ed7d85b41977c572183004036c18041c4c7a3606ecbc873a07165bf51,1086,1448
archive/backups/原图备份_平面视角_20260920/阶段01_两厢车副图/H_G08_购买前核对_1086x1448.png,1768470,42117ab8512bcf5a478d5c82c3d5920e8ade8f63211149050b2c36910b3d6125,1086,1448
archive/backups/原图备份_平面视角_20260920/阶段02_两厢车A+/01_PC端_5张/H_A01P_女性品牌海报_1410x708.png,2785859,9e13d00261ba50fef78ba6f33117bff33393c063a75bf7d8137eef11f339fb2d,1410,708
archive/backups/原图备份_平面视角_20260920/阶段02_两厢车A+/01_PC端_5张/H_A02P_表面纹理对比_1410x708.png,1861127,f88aa6a47c909a33c4218cdf01a329c64d1f810d6e3040a38cce0f0b13d4d350,1410,708
archive/backups/原图备份_平面视角_20260920/阶段02_两厢车A+/01_PC端_5张/H_A03P_自然余量_1410x708.png,1842436,dd158a07d570c76e49d998975ee0378da3c3a5af0d0017f3fb8bae6865f72c7b,1410,708
archive/backups/原图备份_平面视角_20260920/阶段02_两厢车A+/01_PC端_5张/H_A04P_车主一天_1410x708.png,2798125,63af8989b6885c390ecf85412822ff764d7dcc3b30564fecc80486eaa6852840,1410,708
archive/backups/原图备份_平面视角_20260920/阶段02_两厢车A+/01_PC端_5张/H_A05P_选购使用导览_1410x708.png,1835742,d84bacc58b6b618fb885abf2dbf914caf9187243dfaedd144364de0eea949392,1410,708
archive/backups/原图备份_平面视角_20260920/阶段02_两厢车A+/02_手机端_5张/H_A01M_女性品牌海报_640x640.png,1152903,cdb06d602455554a49bce03b93e8742df43de59bcafbaf43827add94ba35a6c0,640,640
archive/backups/原图备份_平面视角_20260920/阶段02_两厢车A+/02_手机端_5张/H_A02M_表面纹理对比_640x640.png,789354,8647fe924b3f8e7aea9658b26662705d45c999d78eea0dbba8da5a36accd30db,640,640
archive/backups/原图备份_平面视角_20260920/阶段02_两厢车A+/02_手机端_5张/H_A03M_自然余量_640x640.png,698466,ce144d8ba58cc29ac5cb089ca7d50cf04f878142ff3bc9d53dad200155938cb3,640,640
archive/backups/原图备份_平面视角_20260920/阶段02_两厢车A+/02_手机端_5张/H_A04M_车主一天_640x640.png,1175784,a30634fb294217567016ac98bde32c507a967739a7f872db8f3e0601c344aedf,640,640
archive/backups/原图备份_平面视角_20260920/阶段02_两厢车A+/02_手机端_5张/H_A05M_选购使用导览_640x640.png,763135,2a388ad37eef083167672d512c7f81a37a1f8875870408ad3776473b180a5765,640,640
archive/backups/原图备份_平面视角_20260920/阶段02_两厢车A+/03_生成原图/H_A01M_女性品牌海报_原图.png,2557144,5c0dec949ccac456b22f7de7455bded1378a60ba0b31f76c25bc2a409d66c32c,1254,1254
archive/backups/原图备份_平面视角_20260920/阶段02_两厢车A+/03_生成原图/H_A01P_女性品牌海报_原图.png,2542755,6cf8ec63e9215f8e67b7c8edd3baf3948e57c26a30999b2ad895730cc7af4101,1770,889
archive/backups/原图备份_平面视角_20260920/阶段02_两厢车A+/03_生成原图/H_A02M_表面纹理对比_原图.png,2111681,189d1c57d683d00e88d9b3530534ae5a6bf364aa9b889907577157f8afa5a956,1254,1254
archive/backups/原图备份_平面视角_20260920/阶段02_两厢车A+/03_生成原图/H_A02P_表面纹理对比_原图.png,2071690,c286c96142531885db52bcdd2a8fe5575eb6403c683396ebfb61df4f79e1947e,1770,889
archive/backups/原图备份_平面视角_20260920/阶段02_两厢车A+/03_生成原图/H_A03M_自然余量_原图.png,1712382,5e3a5216b26916e162111bc7df79c787b25483e3ca2ec8dea05f209f9caaa21f,1254,1254
archive/backups/原图备份_平面视角_20260920/阶段02_两厢车A+/03_生成原图/H_A03P_自然余量_原图.png,1925074,47810431981f4b20a67eab5e7a3d9626fac3de86ffd72ffe55abea57ee06f268,1770,889
archive/backups/原图备份_平面视角_20260920/阶段02_两厢车A+/03_生成原图/H_A04M_车主一天_原图.png,2553567,2aabbd9e211aeefd40e13130ca8f1251a84fa6716718671d6a586bf3e7ecc332,1254,1254
archive/backups/原图备份_平面视角_20260920/阶段02_两厢车A+/03_生成原图/H_A04P_车主一天_原图.png,2501415,3559ac1daaca5c112e4506a8da63e05b4795871785e08f03e7334b2292c490d7,1770,889
archive/backups/原图备份_平面视角_20260920/阶段02_两厢车A+/03_生成原图/H_A05M_选购使用导览_原图.png,1837823,48a42958f04307b4dca5ef49394490dcfe77eec7e82824c52c481cfaf6f0bf69,1254,1254
archive/backups/原图备份_平面视角_20260920/阶段02_两厢车A+/03_生成原图/H_A05P_选购使用导览_原图.png,1886197,0b76878a71d106bcc94d054b253b1f22c73aa443d3094bc83c8f47a6bd93ac92,1770,889
archive/backups/原图备份_平面视角_20260920/阶段03_跑车副图/C_G01_秋冬停车总览_1086x1448.png,2526174,98f2d7a8bd01f8ec82e3d13bb3d98632511078fd09c59cc2106d90b8d931b42e,1086,1448
archive/backups/原图备份_平面视角_20260920/阶段03_跑车副图/C_G02_普通雨雪落叶情境_1086x1448.png,2484665,fec2ac6c79a43f4b381cd49cb128282fd16968bd644426a008945fa61d0443ed,1086,1448
archive/backups/原图备份_平面视角_20260920/阶段03_跑车副图/C_G03_无耳连续覆盖_1086x1448.png,2468786,87fb2159aa3356e76f67d360b4c0910a71584aff117a511f90d7c07948bc31a2,1086,1448
archive/backups/原图备份_平面视角_20260920/阶段03_跑车副图/C_G04_灰色单层材质_1086x1448.png,2247057,504f4df9b3ae2abf3cb1e13d102df6bebcb15e28b2c9d2de2e1fe0cfa24d4541,1086,1448
archive/backups/原图备份_平面视角_20260920/阶段03_跑车副图/C_G05_三步安装_1086x1448.png,2382529,25d8a670ede61b28d4895576bfbc58363e926edd221cfccd2c81994377ef09d0,1086,1448
archive/backups/原图备份_平面视角_20260920/阶段03_跑车副图/C_G06_维护收纳_1086x1448.png,2152894,4da9853e2f047da682494fd39751a51e8ae27daabd056c1dbe78afb0183efe41,1086,1448
archive/backups/原图备份_平面视角_20260920/阶段03_跑车副图/C_G07_两种停车环境_1086x1448.png,2605375,a404d3a07a3f7d6b72d2d385158df68c20bf66c4eb5a84f8ff42407154da96ad,1086,1448
archive/backups/原图备份_平面视角_20260920/阶段03_跑车副图/C_G08_购买前核对_1086x1448.png,1863475,69e628c248eed990dcf1dc4742148a7b11c8749c035a1bd1653944ed8a6031f2,1086,1448
archive/backups/原图备份_平面视角_20260920/阶段04_跑车A+/01_PC端_5张/C_A01P_女性品牌海报_1410x708.png,2756337,70803b59a40bcaa2965d28d14fb48cdd067cc2fb2422fa307381d6a17ddd565a,1410,708
archive/backups/原图备份_平面视角_20260920/阶段04_跑车A+/01_PC端_5张/C_A02P_表面纹理对比_1410x708.png,1661713,cecfe8dea6373fda98731c3fb1fad752216a221334b3be10adb4ff285ffa8a30,1410,708
archive/backups/原图备份_平面视角_20260920/阶段04_跑车A+/01_PC端_5张/C_A03P_自然余量_1410x708.png,1836953,3c275682d215d475986a45d41d476de549e79af50dde7caad914cd5439b54fca,1410,708
archive/backups/原图备份_平面视角_20260920/阶段04_跑车A+/01_PC端_5张/C_A04P_车主一天_1410x708.png,2815745,12c5a3b7726e8545327f3e7b55f36d5e4d56aaf72b45cc4cab34362c5a5ebe32,1410,708
archive/backups/原图备份_平面视角_20260920/阶段04_跑车A+/01_PC端_5张/C_A05P_选购使用导览_1410x708.png,1928417,a085d0737c57577147db01f4abc4505f1420dccd92690adb2e82e88e33485c4e,1410,708
archive/backups/原图备份_平面视角_20260920/阶段04_跑车A+/02_手机端_5张/C_A01M_女性品牌海报_640x640.png,1134279,debd54de49995796b56d7a4cb3443b8d0287a29e9bdb158adad9959fff555be0,640,640
archive/backups/原图备份_平面视角_20260920/阶段04_跑车A+/02_手机端_5张/C_A02M_表面纹理对比_640x640.png,702520,7d317de1cf9c4223a99d0e51a4b232490cb3f02f665b53b9ca69ce826192f27c,640,640
archive/backups/原图备份_平面视角_20260920/阶段04_跑车A+/02_手机端_5张/C_A03M_自然余量_640x640.png,902798,54953b46910821450b9e39b6963f9e818638fc02a9302e343207bf0ef7d66ecd,640,640
archive/backups/原图备份_平面视角_20260920/阶段04_跑车A+/02_手机端_5张/C_A04M_车主一天_640x640.png,1171093,6fbec407b672fcd1afeb26c6a582deeb93902dd9598bd0c4d98e2b337b109513,640,640
archive/backups/原图备份_平面视角_20260920/阶段04_跑车A+/02_手机端_5张/C_A05M_选购使用导览_640x640.png,866343,404adc5102d56b357103ebf93a500d30e1e10e3b4bb097623f1b69b558b8f380,640,640
archive/backups/原图备份_平面视角_20260920/阶段04_跑车A+/03_生成原图/C_A01M_女性品牌海报_原图.png,2519493,a10e33362248f35aa317a3c2b374428007e3f073a41412f2cc5191209e41c7e3,1254,1254
archive/backups/原图备份_平面视角_20260920/阶段04_跑车A+/03_生成原图/C_A01P_女性品牌海报_原图.png,2487467,6a60d5a40866182bb91b591ad5f2dbf18a6546c8a8204099514092614b8ea922,1774,887
archive/backups/原图备份_平面视角_20260920/阶段04_跑车A+/03_生成原图/C_A02M_表面纹理对比_原图.png,2026026,d808d6fc4a2e9ef61d641a84feb9bcd7696ade48d227fb397933ac2d1295c3f2,1254,1254
archive/backups/原图备份_平面视角_20260920/阶段04_跑车A+/03_生成原图/C_A02P_表面纹理对比_原图.png,2015235,c09e2947f4cd82c4c0b939a2447cf1b09375477f4e64acac1aa43065f6f0d06c,1774,887
archive/backups/原图备份_平面视角_20260920/阶段04_跑车A+/03_生成原图/C_A03M_自然余量_原图.png,2154524,f71a5fee9f9a13b7f85d244508735a301a8ce2f91b457fbf7da4e2b61f503807,1254,1254
archive/backups/原图备份_平面视角_20260920/阶段04_跑车A+/03_生成原图/C_A03P_自然余量_原图.png,1873273,38995948f0ba8d452d6776655e8333dfe03b43100cbcbf066a293c9ff6c0297d,1774,887
archive/backups/原图备份_平面视角_20260920/阶段04_跑车A+/03_生成原图/C_A04M_车主一天_原图.png,2594927,61c0109b4ebecc32af450a117b082f959d84b128519775218fcd71f98d3959d2,1254,1254
archive/backups/原图备份_平面视角_20260920/阶段04_跑车A+/03_生成原图/C_A04P_车主一天_原图.png,2434412,6ad090d94bcb5b707a775ec86c51b4cc7421c760c97f4e600e2efff032aa42f5,1774,887
archive/backups/原图备份_平面视角_20260920/阶段04_跑车A+/03_生成原图/C_A05M_选购使用导览_原图.png,2000748,eacca249081a75764d15a991244837acf6c17ced7daea19563d36f914510e41b,1254,1254
archive/backups/原图备份_平面视角_20260920/阶段04_跑车A+/03_生成原图/C_A05P_选购使用导览_原图.png,1837116,4cc5b97274a7092ee5c8a5b596a16542ca62a94f0ce91d0900325a633705c5fb,1774,887
archive/backups/原图备份_平面视角_20260920/阶段05_皮卡副图/P_G01_秋冬停车总览_1086x1448.png,2657744,a1b6e14e17712c24e2a2f1cb9a250378533d8379f5c782786749da02f09a7439,1086,1448
archive/backups/原图备份_平面视角_20260920/阶段05_皮卡副图/P_G02_普通雨雪落叶情境_1086x1448.png,4020215,0b13981fa833da3ce85cfc7c618e52c262e2e3010f3733ef3e27b64d7106c68c,1086,1448
archive/backups/原图备份_平面视角_20260920/阶段05_皮卡副图/P_G03_无耳连续覆盖_1086x1448.png,4311583,1c56904735bd3a9dbc725ff37c4db12e9aaff07297757aa9e92f8ee92d08dfd9,1086,1448
archive/backups/原图备份_平面视角_20260920/阶段05_皮卡副图/P_G04_灰色单层材质_1086x1448.png,3323006,dd22813328ce4e2861a1cedc8e19e3ed174e0df0d95847cca213e5d752d0e665,1086,1448
archive/backups/原图备份_平面视角_20260920/阶段05_皮卡副图/P_G05_三步安装_1086x1448.png,4593047,6f466e7218deb964fd1d4d205e67db280e8bd4248bce28336663724045137671,1086,1448
archive/backups/原图备份_平面视角_20260920/阶段05_皮卡副图/P_G06_维护收纳_1086x1448.png,3248830,a107a5062ed52c7ce1749a84ff35aadfa038a41543806c6d60f3fe5b5fcb9016,1086,1448
archive/backups/原图备份_平面视角_20260920/阶段05_皮卡副图/P_G07_两种停车环境_1086x1448.png,3907120,71d0c5a96aec177134516ae39183db06e016519d9473b031440966034c28dc00,1086,1448
archive/backups/原图备份_平面视角_20260920/阶段05_皮卡副图/P_G08_购买前车型核对_1086x1448.png,2655659,644fbed46eb238df175ef246e83aeea0828827dcfa8dac2a6bc446d9fdbe9911,1086,1448
archive/backups/原图备份_平面视角_20260920/阶段06_皮卡A+/01_PC端_5张/P_A01P_女性品牌海报_1410x708.png,2679217,ce75a6fc91c80ffcb26a4e22edbfca7b28a6d63b0d1c3375bb22ffa2d6e931d4,1410,708
archive/backups/原图备份_平面视角_20260920/阶段06_皮卡A+/01_PC端_5张/P_A02P_表面纹理对比_1410x708.png,2022099,73a14760db8a0a50915062a89c3c0903c12acb922b9b251a9454910cce21a356,1410,708
archive/backups/原图备份_平面视角_20260920/阶段06_皮卡A+/01_PC端_5张/P_A03P_自然余量_1410x708.png,2627571,7436400c7b0ededabdee42825f9d168e206f96490cb821766903c8441ae59577,1410,708
archive/backups/原图备份_平面视角_20260920/阶段06_皮卡A+/01_PC端_5张/P_A04P_车主一天_1410x708.png,2575146,ac79235ba901108c99b60bef45988b12bcdf91aaad3b862ea1a14389eedc3b76,1410,708
archive/backups/原图备份_平面视角_20260920/阶段06_皮卡A+/01_PC端_5张/P_A05P_选购使用导览_1410x708.png,2183248,85b3ac2980ca07ed52111f00c57a9eecc889b4092ed3d95affa0b0ddd457de18,1410,708
archive/backups/原图备份_平面视角_20260920/阶段06_皮卡A+/02_手机端_5张/P_A01M_女性品牌海报_640x640.png,1144219,c13f3351ed98227ff6175a10c669eb2b9b68fcb63303da3f938ce5fa57cd9a84,640,640
archive/backups/原图备份_平面视角_20260920/阶段06_皮卡A+/02_手机端_5张/P_A02M_表面纹理对比_640x640.png,828669,188b3dd712748093308ee71979174ea1682300af3001937384f77c128e9c1582,640,640
archive/backups/原图备份_平面视角_20260920/阶段06_皮卡A+/02_手机端_5张/P_A03M_自然余量_640x640.png,1120861,d434c0a1c2986f2b67f2e3bf8f6108ca82552521e737e9b03c675ea04735941f,640,640
archive/backups/原图备份_平面视角_20260920/阶段06_皮卡A+/02_手机端_5张/P_A04M_车主一天_640x640.png,1082496,fa14f79ddc4286dc776311d66ab12ea70e15ac97006211e5cdce5ce9549f4c12,640,640
archive/backups/原图备份_平面视角_20260920/阶段06_皮卡A+/02_手机端_5张/P_A05M_选购使用导览_640x640.png,624847,b3dd800ae4cbd90a4e40b4db2eb73d06152aad628f57cb1295514e5d2743c33f,640,640
archive/backups/原图备份_平面视角_20260920/阶段06_皮卡A+/03_生成原图/P_A01M_女性品牌海报_原图.png,2624607,6346b865d96261bda4c6e2aaee4d50c5590a6832fd37fb177df1e6bcf722d010,1254,1254
archive/backups/原图备份_平面视角_20260920/阶段06_皮卡A+/03_生成原图/P_A01P_女性品牌海报_原图.png,2544251,7738171a288749d1e77b0a5b987f9ee8cc8770daefd0a54c0ae6b2ad67ab7411,1770,889
archive/backups/原图备份_平面视角_20260920/阶段06_皮卡A+/03_生成原图/P_A02M_表面纹理对比_原图.png,2190028,8b39d17618df92e4365f95c2ac58eed39fc69b5ecdce2b980377ab266ee63330,1254,1254
archive/backups/原图备份_平面视角_20260920/阶段06_皮卡A+/03_生成原图/P_A02P_表面纹理对比_原图.png,2211133,b3000fc3b5bf3b99ba5ade85e936ba4e627b978f6fb49efccfe295ec7af232ef,1770,889
archive/backups/原图备份_平面视角_20260920/阶段06_皮卡A+/03_生成原图/P_A03M_自然余量_原图.png,2502125,a4188c4742281b31355ca43a19a00c922bc9d06be9325e4ee1c66fd48dcb67f9,1254,1254
archive/backups/原图备份_平面视角_20260920/阶段06_皮卡A+/03_生成原图/P_A03P_自然余量_原图.png,2419922,69ac97d9f8f33a0c7e47dbf129cd176d716e6c7963c14c5a0c74801eee5006ae,1770,889
archive/backups/原图备份_平面视角_20260920/阶段06_皮卡A+/03_生成原图/P_A04M_车主一天_原图.png,2511500,1c41d13372c6f82fdd788b878001588524474d641f4653d205d581fa45647a07,1254,1254
archive/backups/原图备份_平面视角_20260920/阶段06_皮卡A+/03_生成原图/P_A04P_车主一天_原图.png,2429500,073e4a0af0a76ce6b5b1e1370b44e7735cf05ec09d5e72f9ddc4a342973bfadb,1771,888
archive/backups/原图备份_平面视角_20260920/阶段06_皮卡A+/03_生成原图/P_A05M_选购使用导览_原图.png,1621078,1a6551f384590acfdf7f9f7f0c9d25ee77fa8d87a90cfbdbed7eb9b57fdbd3fa,1254,1254
archive/backups/原图备份_平面视角_20260920/阶段06_皮卡A+/03_生成原图/P_A05P_选购使用导览_原图.png,2229656,3d11044ecb9482444e4388874dede147748289d79fcca3955adf8ef64f91d918,1770,889
archive/backups/原图备份_平面视角_20260920/阶段07_三厢车副图/S_G01_秋冬停车总览_1086x1448.png,3654707,40ea3aaa5f300dd3a15bb3d33f9289c83b9eb859ef267bbc1e26408ffa644408,1086,1448
archive/backups/原图备份_平面视角_20260920/阶段07_三厢车副图/S_G02_普通雨雪落叶情境_1086x1448.png,3659031,a3a6a9e2e0a9d8824a4f4ce04eea0718313384a34f4ca7054621a826eab6d769,1086,1448
archive/backups/原图备份_平面视角_20260920/阶段07_三厢车副图/S_G03_无耳连续覆盖_1086x1448.png,3467572,53e7a18743acc01ffc0198f36bd927f564e149c7e8edd351e886312762764a62,1086,1448
archive/backups/原图备份_平面视角_20260920/阶段07_三厢车副图/S_G04_灰色单层材质_1086x1448.png,3434051,436ab90ae15626399bfbcf74a7235ce3df2ee5834c59e51072b23ace13e610fd,1086,1448
archive/backups/原图备份_平面视角_20260920/阶段07_三厢车副图/S_G05_三步安装_1086x1448.png,3654012,ae4a49542602bc92ba0c5bf6109cfb2646f6a78c315ad6fcfed96fcc1a736dfc,1086,1448
archive/backups/原图备份_平面视角_20260920/阶段07_三厢车副图/S_G06_维护收纳_1086x1448.png,3506847,39b52b6793ab55c5927bd41c4c131f282374a23a67c074e1cda18544f851cb93,1086,1448
archive/backups/原图备份_平面视角_20260920/阶段07_三厢车副图/S_G07_两种停车环境_1086x1448.png,3983797,ba5fd637082ce77dfd5a9cac69e211054540865dcf1928b7f926fc806bc6f492,1086,1448
archive/backups/原图备份_平面视角_20260920/阶段07_三厢车副图/S_G08_购买前车型核对_1086x1448.png,2040135,c8edb78016e53ac82c6a4df88539c73f625422f625a5b7ebf16a22433fa9f688,1086,1448
archive/backups/原图备份_平面视角_20260920/阶段08_三厢车A+/01_PC端_5张/S_A01P_女性品牌海报_1410x708.png,2409331,ce19f305d7fbccb4f9678924831d888b9b2a11cd3bab90502a8c990132292543,1410,708
archive/backups/原图备份_平面视角_20260920/阶段08_三厢车A+/01_PC端_5张/S_A02P_表面纹理对比_1410x708.png,1939459,3dbc97f98193eebecd311010855626d8d4882b1cb2bb4443cbe4adaa841e6f9f,1410,708
archive/backups/原图备份_平面视角_20260920/阶段08_三厢车A+/01_PC端_5张/S_A03P_自然余量_1410x708.png,2305386,1638692ad974a653156df6f5d0ee80dc1e436a8dea89101753c5a4855eb60f15,1410,708
archive/backups/原图备份_平面视角_20260920/阶段08_三厢车A+/01_PC端_5张/S_A04P_车主一天_1410x708.png,2614924,ac1c5e68fddd7a7ffd9e0a392e7f7cbce4667b26682d50a9492c363cd42d203b,1410,708
archive/backups/原图备份_平面视角_20260920/阶段08_三厢车A+/01_PC端_5张/S_A05P_选购使用导览_1410x708.png,1362559,c004674f709174194f89281a00d26ae2170a0bd93c869dc31281d4325b14d6ae,1410,708
archive/backups/原图备份_平面视角_20260920/阶段08_三厢车A+/02_手机端_5张/S_A01M_女性品牌海报_640x640.png,983951,3deb0d1b790622c1315a3cae6561fa74655d07f45b1a6f80793ab52a2cf40913,640,640
archive/backups/原图备份_平面视角_20260920/阶段08_三厢车A+/02_手机端_5张/S_A02M_表面纹理对比_640x640.png,845998,6af2d6557008fc10ab9500c838ed621e595f404ba6bc44c30730e4729322cf47,640,640
archive/backups/原图备份_平面视角_20260920/阶段08_三厢车A+/02_手机端_5张/S_A03M_自然余量_640x640.png,947172,7b8c40c18ecc068237f1c24a53b0bf19053258545bdc695f93ecb90d2d77d974,640,640
archive/backups/原图备份_平面视角_20260920/阶段08_三厢车A+/02_手机端_5张/S_A04M_车主一天_640x640.png,1091672,f18ab9381d9e42dd56815a36733121b6437d89bba355498aba8ad4277138564b,640,640
archive/backups/原图备份_平面视角_20260920/阶段08_三厢车A+/02_手机端_5张/S_A05M_选购使用导览_640x640.png,675968,0887d1a44e1c5c1539b3ad5dba0a8e12f5d44135039bd568728430637d5bc8df,640,640
archive/backups/原图备份_平面视角_20260920/阶段08_三厢车A+/03_生成原图/S_A01M_女性品牌海报_原图.png,2419173,b559061046ec19009e7bc0cfabdbc8cbe29403b44ae19bf622ab0ad7199d268c,1254,1254
archive/backups/原图备份_平面视角_20260920/阶段08_三厢车A+/03_生成原图/S_A01P_女性品牌海报_原图.png,2327524,e0726d32cf6aa885ecf9f69731a37b9a7373363cb7437ad3bb1be25ece659832,1769,889
archive/backups/原图备份_平面视角_20260920/阶段08_三厢车A+/03_生成原图/S_A02M_表面纹理对比_原图.png,2202590,b7c924bc8ab817825f11a5c1d3166f86ca72a42a88d2967dc831e30b4b39d692,1254,1254
archive/backups/原图备份_平面视角_20260920/阶段08_三厢车A+/03_生成原图/S_A02P_表面纹理对比_原图.png,2282914,08d548c4a00f9d5161e1400ba52178c051f109e7759fa388eedfe33fc6e804d7,1770,888
archive/backups/原图备份_平面视角_20260920/阶段08_三厢车A+/03_生成原图/S_A03M_自然余量_原图.png,2298240,93656af3b59617683e45dcddd5700a67e2135bc3a8c7d98fe76364085e1d3ce0,1254,1254
archive/backups/原图备份_平面视角_20260920/阶段08_三厢车A+/03_生成原图/S_A03P_自然余量_原图.png,2321172,7dcc7abce978dcfd33b73cbb7a9412596894fdd0f42411fa07acb0b335624e59,1770,889
archive/backups/原图备份_平面视角_20260920/阶段08_三厢车A+/03_生成原图/S_A04M_车主一天_原图.png,2458809,9d1f18958a32d932a35998d44848219d8085679c605db4e89b73d85b3bcbfc9b,1254,1254
archive/backups/原图备份_平面视角_20260920/阶段08_三厢车A+/03_生成原图/S_A04P_车主一天_原图.png,2542972,fc595e1f26b16ff623865dbb44d4101252eee350038ee2b409c65c3217292576,1770,889
archive/backups/原图备份_平面视角_20260920/阶段08_三厢车A+/03_生成原图/S_A05M_选购使用导览_原图.png,1731546,b036f48e82809f1d287cb135d6c6b62c9ef578db96692d82ce800eabb440ae31,1254,1254
archive/backups/原图备份_平面视角_20260920/阶段08_三厢车A+/03_生成原图/S_A05P_选购使用导览_原图.png,1541867,ae46475ee43fd3be35652c003465e7d389f60bc7e47e92f029f28003a34f6101,1770,889
archive/backups/原图备份_平面视角_20260920/阶段09_越野车副图/U_G01_秋冬停车总览_1086x1448.png,3882499,acb8f8dc5f192f1251e73df645cfe39de48630b534aec7c34f7233d56b517e1a,1086,1448
archive/backups/原图备份_平面视角_20260920/阶段09_越野车副图/U_G02_普通雨雪落叶情境_1086x1448.png,3894336,78a14276184ef3cd279b27cbcd1f7f5d6791ab7d8279977e106b6be0ea89c960,1086,1448
archive/backups/原图备份_平面视角_20260920/阶段09_越野车副图/U_G03_无耳连续覆盖_1086x1448.png,3805756,ec4ffb35a4b9af17ab399ab6e7d7a03e97d9d42c49c437a87951574f2d1a6a22,1086,1448
archive/backups/原图备份_平面视角_20260920/阶段09_越野车副图/U_G04_灰色单层材质_1086x1448.png,3568334,f4cb18ec292233362e84854fcc4ffe4826a826071f0d12fc8beb4e9f7d0678bd,1086,1448
archive/backups/原图备份_平面视角_20260920/阶段09_越野车副图/U_G05_三步安装_1086x1448.png,3906873,caacd6f81622b1ce2c7bbb5b501bfbd263ec504236403488366706e82c2ef749,1086,1448
archive/backups/原图备份_平面视角_20260920/阶段09_越野车副图/U_G06_维护收纳_1086x1448.png,3773030,2bc65e0190a0b6b56741ae431153dff7bc6638f621a9a1ef33ef02ee18ab340c,1086,1448
archive/backups/原图备份_平面视角_20260920/阶段09_越野车副图/U_G07_两种停车环境_1086x1448.png,3584238,0fdf925bb665185bc07f89877c294d4e42deea5465dd21927eb0b7c46f6a08f0,1086,1448
archive/backups/原图备份_平面视角_20260920/阶段09_越野车副图/U_G08_购买前车型核对_1086x1448.png,2588505,5e87d8e77d4ecca811fddeb32059f51611cc2168de3cff72de9ae3da2d639559,1086,1448
archive/backups/原图备份_平面视角_20260920/阶段10_越野车A+/01_PC端_5张/U_A01P_女性品牌海报_1410x708.png,2472512,cd63f69109fbea5a532a1e5bd0cfaabee1236da820a9911e7b93d4ceda7e557f,1410,708
archive/backups/原图备份_平面视角_20260920/阶段10_越野车A+/01_PC端_5张/U_A02P_表面纹理对比_1410x708.png,2318140,01a54ffd43b26ab8e2c9e00a636fdedb4e4cb36babfb376f7e2a38b7ebfaab70,1410,708
archive/backups/原图备份_平面视角_20260920/阶段10_越野车A+/01_PC端_5张/U_A03P_自然余量_1410x708.png,2550256,cd88368c5103207acc376fa9bd10ff64be7931f2b2a3918d235545df4b546e14,1410,708
archive/backups/原图备份_平面视角_20260920/阶段10_越野车A+/01_PC端_5张/U_A04P_车主一天_1410x708.png,2237661,003a48aa0e5137de733b3892ee9ee10f157e4bd96c6e05671594b54bd6bd816e,1410,708
archive/backups/原图备份_平面视角_20260920/阶段10_越野车A+/01_PC端_5张/U_A05P_选购使用导览_1410x708.png,1786646,26be383a51edd0ebd317ae052708975f69fa36c335105959c35e2705fc2c2e4a,1410,708
archive/backups/原图备份_平面视角_20260920/阶段10_越野车A+/02_手机端_5张/U_A01M_女性品牌海报_640x640.png,1088730,6196af8e33276044f4583f6f225f336b87e192c8f1898d71ed703b61dac72ede,640,640
archive/backups/原图备份_平面视角_20260920/阶段10_越野车A+/02_手机端_5张/U_A02M_表面纹理对比_640x640.png,965150,7683249ac3a2d9f934e893896ceb146e0da3c7d0ac4d5edd62741d2e3f2bf024,640,640
archive/backups/原图备份_平面视角_20260920/阶段10_越野车A+/02_手机端_5张/U_A03M_自然余量_640x640.png,1036044,feedd94bbae1f2f8b16a81e046a14b3bc17f294f5c280dbeb75dd1baaf5fb8a5,640,640
archive/backups/原图备份_平面视角_20260920/阶段10_越野车A+/02_手机端_5张/U_A04M_车主一天_640x640.png,984178,9ebbc1713bdb8371b39fc8e0ee7de050a29cd3f9fbcabb93b28e1105a60a2716,640,640
archive/backups/原图备份_平面视角_20260920/阶段10_越野车A+/02_手机端_5张/U_A05M_选购使用导览_640x640.png,681656,0195134e962f5b9350e9b87e26eef168674c50056c47e0e2388684141abe57c6,640,640
archive/backups/原图备份_平面视角_20260920/阶段10_越野车A+/03_生成原图/U_A01M_女性品牌海报_原图.png,2552687,107f20eabc29e2092ae00f27f6040aa53f6a8457e05b4d7a7b2bbf8652f95f9f,1254,1254
archive/backups/原图备份_平面视角_20260920/阶段10_越野车A+/03_生成原图/U_A01P_女性品牌海报_原图.png,2428548,7a2f19ac2faedc763571c169f4a93a3d3db0bebfe298dcf12bb53c298efd4e09,1770,888
archive/backups/原图备份_平面视角_20260920/阶段10_越野车A+/03_生成原图/U_A02M_表面纹理对比_原图.png,2442457,90d0a763b3a74f4c381252be9814074c549b993a79a5d13f1d8c552f509e72bc,1254,1254
archive/backups/原图备份_平面视角_20260920/阶段10_越野车A+/03_生成原图/U_A02P_表面纹理对比_原图.png,2336849,c15929f662fe8b0c8d5d15badc06b36d5119829b8d0e171f329aeea79cbeb25a,1774,887
archive/backups/原图备份_平面视角_20260920/阶段10_越野车A+/03_生成原图/U_A03M_自然余量_原图.png,2518139,643b62c6831e6373ff053af4c6734b00acd459b978e02a058e31a2ad36c80464,1254,1254
archive/backups/原图备份_平面视角_20260920/阶段10_越野车A+/03_生成原图/U_A03P_自然余量_原图.png,2448995,e69f62dd95e5ae6bf1f9b960ddcb62a54347ad0d5bfeef86949a016c153191d8,1774,887
archive/backups/原图备份_平面视角_20260920/阶段10_越野车A+/03_生成原图/U_A04M_车主一天_原图.png,2349995,52c1f9de1ea81415e6e0897d61bbe186e35c1aa2e83204f8829c55874b72586e,1254,1254
archive/backups/原图备份_平面视角_20260920/阶段10_越野车A+/03_生成原图/U_A04P_车主一天_原图.png,2309327,a638ae144a3563236d52f7f4b5271e13081be5f1dbd553ed841ee9501690e72f,1774,887
archive/backups/原图备份_平面视角_20260920/阶段10_越野车A+/03_生成原图/U_A05M_选购使用导览_原图.png,1722839,e38e498d87286eadd6bdc8f44914f98fb9bbe7e41fda5b1f38b019ed8370833a,1254,1254
archive/backups/原图备份_平面视角_20260920/阶段10_越野车A+/03_生成原图/U_A05P_选购使用导览_原图.png,1902592,58519b321a56d539729af1f8109a84ef71763498b642ccc60016e9c8638d06f9,1774,887
archive/dist_legacy/Toyota_RAV4_Tozaroa_最终上架包_V6.zip,11550048,99972600348fe03196e8f082665fdf086d635258cfae4755241b47fa28aad06e,,
archive/handoff/ZONTAR_灰色无耳车罩_新项目提示词交接包_v1.0.zip,1330942570,883524dda98165d9e6fc3077fa7a7ccb582bd2b38cbc2afdd7f91aad9bf71f5a,,
archive/inspect_dumps/Renault_Logan_Tozaroa_官方上架表.xlsx.inspect.ndjson,4890252,637e6c935b1945c76a43796bc9f81cb63a555594449ccb6ddbab24b9006dea3a,,
archive/inspect_dumps/Toyota_Land_Cruiser_Tozaroa_官方上架表.xlsx.inspect.ndjson,4985824,0df322a4c2511f5845185aebebe679542d2697cb3d96c53e29dee8bf11446830,,
archive/reports/Lada2121_实际尺码预览.png,173917,f588db692e3d5605e0c79592709dc9e71bdcd79ff88c6305632b0886181bfcb1,3032,220
archive/reports/RAV4_YS实际检索预览.png,124033,bf796fbaeef69d36ae210dfd704e164deea06ca6228a1aa858b4ad4ac418fedd,4560,120
archive/reports/RAV4_官方模板_预览.png,393229,82e12d99bc029c35fce296eee296f98e51fbc15d3c6082a820d6255318c37684,8012,297
archive/reports/RAV4_汇总表_预览.png,292639,f2525644fa23cfd9ec486761110195a405ded3b42345ddcda4b4ec3f64c642e3,5480,330
archive/reports/inspect_Ozon上架链接汇总.png,261777,c42e17f93636af0591a165f0aaf8257e8bbaa29c5af6522a782576161fb25fc9,3702,298
archive/reports/inspect_ozon跨境一店.png,130716,ee8887332c5bcc00fc11c6404f0b1ee5909706121731866fb92334b0840ae273,2964,130
archive/reports/inspect_ozon跨境二店.png,192283,17f3a4658660104334b578f3ac22c63fb900a126d060be8c43b1c5de97154634,2964,294
archive/reports/inspect_模板.png,29331,a52bc4bea5c18abf9035e20b3fac01032936fd85faea5427eda819bcd998ef88,7295,169
archive/reports/rav4_csv_after.png,10992,5a32bac610bd13d2ebf38da46b490c8c9e99e6191bfa73676e3e550d3b0311d6,541,55
archive/reports/rav4_csv_before.png,23454,67e0ae0767033f37105b16801c8fa1384e6b81feffef494441305bc39c766c1a,689,70
archive/reports/同步前_汇总尾部.png,446127,8568d6ebc0187bbcfdbed3fd709d32b65a2819b6489d2069dff377f9e36329f7,5480,532
archive/reports/同步后_汇总尾部.png,468990,ced568412548e227d6dc6db29bb6cd8b40b8f8d147612098c7b29b2886c81af0,5480,652
archive/reports/尺码优化_一店预览.png,385680,1ebe54966d10ea3aefee6aacd3de312581e1dc62d30a12393b11a2b6063c6975,4560,400
archive/samples/阶段01_试样/H_G01_两厢车_秋冬停车总览_V1.png,2463031,c8bcba97b89c5158bd13f1cedd442adef048b9d91809064ca2a44d0e807db2df,1086,1448
archive/samples/阶段01_试样/H_G01_两厢车_秋冬停车总览_V2.png,2366687,1b44d662fe11e660e1f978f9c7d8bc4d789bec0e3ecfff7ef13f8e25b572a0d7,1086,1448
archive/samples/阶段01_试样/H_G01_两厢车_秋冬停车总览_V3_高级排版正面视角.png,2226487,5355b35451c3cea5cec86e5d54c311396d1f13ab81f3685f68810b68f4a6f348,1086,1448
archive/samples/阶段01_试样/H_G01_两厢车_秋冬停车总览_V4_两厢轮廓自然排版.png,2548380,a68343e9971d6c2b9a4ffaa19c86865a7b99950c3b80e69e49fa3412052a9b1f,1086,1448
archive/samples/阶段01_试样/H_G01_两厢车_秋冬停车总览_V5_车头朝左.png,2565480,0a2450c3974eefe73dc4d8e7933152bffd027d2d70aea51652d0ed7d36f2f7da,1086,1448
archive/samples/阶段02_两厢车A+试样/H_A01M_女性品牌海报_640x640.png,1152903,cdb06d602455554a49bce03b93e8742df43de59bcafbaf43827add94ba35a6c0,640,640
archive/samples/阶段02_两厢车A+试样/H_A01M_女性品牌海报_手机原图.png,2557144,5c0dec949ccac456b22f7de7455bded1378a60ba0b31f76c25bc2a409d66c32c,1254,1254
archive/samples/阶段02_两厢车A+试样/H_A01P_女性品牌海报_1410x708.png,2785859,9e13d00261ba50fef78ba6f33117bff33393c063a75bf7d8137eef11f339fb2d,1410,708
archive/samples/阶段02_两厢车A+试样/H_A01P_女性品牌海报_PC原图.png,2542755,6cf8ec63e9215f8e67b7c8edd3baf3948e57c26a30999b2ad895730cc7af4101,1770,889
archive/spreadsheets/listing_summary/Ozon上架链接汇总_Lada2121实际尺码候选.xlsx,110827,68b5edc4d992069140544ec98990cabdc5feb29047d75f436ae02b62bf26a84d,,
archive/spreadsheets/listing_summary/Ozon上架链接汇总_Lada2121实际尺码候选.xlsx.inspect.ndjson,3886509,2784aaa47942943734965adc524970dcff4fd24a5e5f9aa66866a1cfd3210a79,,
archive/spreadsheets/listing_summary/Ozon上架链接汇总_LandCruiser_写回候选.xlsx,117632,d42b5871e5a938f36fd6c1b8e7897b98a85e2dd699e6aa09100b0747146a8839,,
archive/spreadsheets/listing_summary/Ozon上架链接汇总_LandCruiser_写回候选.xlsx.inspect.ndjson,3962847,6344f0cbc29436d8e14c7c759e3fc0de95529f4f11cdabd8cd91b0adf72b21d4,,
archive/spreadsheets/listing_summary/Ozon上架链接汇总_LandCruiser同步前备份.xlsx,166589,d27a2a6327137ca541c7dbd0f97a9aa820e3214cdc2c62a2c6ce78162649b440,,
archive/spreadsheets/listing_summary/Ozon上架链接汇总_RAV4_候选.xlsx,114521,232aadb8fa48f30e7bb354aea8c4140797536d5f16c684be2bfb6efa6ca5ae5b,,
archive/spreadsheets/listing_summary/Ozon上架链接汇总_RAV4_候选.xlsx.inspect.ndjson,3882965,9e7c01153c440bb1f50bf4c4054cf2a57e66719514af992e501ee0d39beebad4,,
archive/spreadsheets/listing_summary/Ozon上架链接汇总_RAV4实际检索候选.xlsx,110982,7721d5a3a1bca65037d4a058c31d2c891b4b54d39dc751f8c39b5d48681d9050,,
archive/spreadsheets/listing_summary/Ozon上架链接汇总_RAV4实际检索候选.xlsx.inspect.ndjson,3885811,13a9d7c2284ebf4f793c9754c95ae37cddb722e28a4c436bdd32e24a29757cd6,,
archive/spreadsheets/listing_summary/Ozon上架链接汇总_两店对应完成_待写回.xlsx,110417,667d479f0927935d473974fd13fcd923b7e7138edeed58cbe8b55a576cd77ed4,,
archive/spreadsheets/listing_summary/Ozon上架链接汇总_两店对应完成_待写回.xlsx.inspect.ndjson,3870122,3d3778b39c21302e7e9a09c351022191a3078b1be167d24b4c5f2a753aab2a91,,
archive/spreadsheets/listing_summary/Ozon上架链接汇总_修正Lada2121前备份.xlsx,145143,4853f5222c895f9d39e232be0412d412f84b2ac892ed21bf5d9b483b1c55b200,,
archive/spreadsheets/listing_summary/Ozon上架链接汇总_写回前备份.xlsx,163908,459b3c215a5a6dd7d4129a8baab22da9e8bf4a5dbb99b9aec6190ef4ac83f1ad,,
archive/spreadsheets/listing_summary/Ozon上架链接汇总_取消YS人工指定前备份.xlsx,145019,cb93493b27a0f25520adcf95e452541ed97b27babdcd6dc104cde62471932187,,
archive/spreadsheets/listing_summary/Ozon上架链接汇总_尺码优化候选.xlsx,110796,5ea33624d7c1e93e483f49525f54290070c056952f877ab205cc28f808f4f01b,,
archive/spreadsheets/listing_summary/Ozon上架链接汇总_尺码优化候选.xlsx.inspect.ndjson,3884661,54d8d1add639ba3a8a3f335387d21049f9f6f579b86d57cf8e254520942c887d,,
archive/spreadsheets/listing_summary/Ozon上架链接汇总_尺码优化前备份.xlsx,144787,ad52e4e3d2df002653afe1cc5246bb1b60fd8dfa80c0b5334afaa286a6988ad6,,
archive/spreadsheets/official_template/汽车罩官方上架模板_RAV4_候选.xlsx,252759,5f3c733afd5125453d4f5d5432d9342be7dd25b5147f650e487d445eaf2b6d3f,,
archive/spreadsheets/official_template/汽车罩官方上架模板_RAV4_候选.xlsx.inspect.ndjson,4924135,3660688614ac16ecd591166f98dc47a5f61f5ca336aee7969e0d69f229f18a11,,
archive/spreadsheets/official_template/汽车罩官方上架模板_写回前备份.xlsx,294234,07f675a5f02bc8941f38a791eef070718c7a42eed41c6966cf31469cb82c50ab,,
