old_path,new_path
00_新项目开场.txt,docs/prompts/00_新项目开场.txt
01_完整执行总提示词.md,docs/prompts/01_完整执行总提示词.md
02_逐图生成提示词.json,docs/prompts/02_逐图生成提示词.json
03_逐图提示词_可阅读版.md,docs/prompts/03_逐图提示词_可阅读版.md
04_来源与转换说明.md,docs/prompts/04_来源与转换说明.md
Lada2121_实际尺码预览.png,assets/archive/reports/Lada2121_实际尺码预览.png
Ozon上架链接汇总_Lada2121实际尺码候选.xlsx,assets/archive/spreadsheets/listing_summary/Ozon上架链接汇总_Lada2121实际尺码候选.xlsx
Ozon上架链接汇总_Lada2121实际尺码候选.xlsx.inspect.ndjson,assets/archive/spreadsheets/listing_summary/Ozon上架链接汇总_Lada2121实际尺码候选.xlsx.inspect.ndjson
Ozon上架链接汇总_LandCruiser_写回候选.xlsx,assets/archive/spreadsheets/listing_summary/Ozon上架链接汇总_LandCruiser_写回候选.xlsx
Ozon上架链接汇总_LandCruiser_写回候选.xlsx.inspect.ndjson,assets/archive/spreadsheets/listing_summary/Ozon上架链接汇总_LandCruiser_写回候选.xlsx.inspect.ndjson
Ozon上架链接汇总_LandCruiser同步前备份.xlsx,assets/archive/spreadsheets/listing_summary/Ozon上架链接汇总_LandCruiser同步前备份.xlsx
Ozon上架链接汇总_RAV4_候选.xlsx,assets/archive/spreadsheets/listing_summary/Ozon上架链接汇总_RAV4_候选.xlsx
Ozon上架链接汇总_RAV4_候选.xlsx.inspect.ndjson,assets/archive/spreadsheets/listing_summary/Ozon上架链接汇总_RAV4_候选.xlsx.inspect.ndjson
Ozon上架链接汇总_RAV4实际检索候选.xlsx,assets/archive/spreadsheets/listing_summary/Ozon上架链接汇总_RAV4实际检索候选.xlsx
Ozon上架链接汇总_RAV4实际检索候选.xlsx.inspect.ndjson,assets/archive/spreadsheets/listing_summary/Ozon上架链接汇总_RAV4实际检索候选.xlsx.inspect.ndjson
Ozon上架链接汇总_两店对应完成_待写回.xlsx,assets/archive/spreadsheets/listing_summary/Ozon上架链接汇总_两店对应完成_待写回.xlsx
Ozon上架链接汇总_两店对应完成_待写回.xlsx.inspect.ndjson,assets/archive/spreadsheets/listing_summary/Ozon上架链接汇总_两店对应完成_待写回.xlsx.inspect.ndjson
Ozon上架链接汇总_修正Lada2121前备份.xlsx,assets/archive/spreadsheets/listing_summary/Ozon上架链接汇总_修正Lada2121前备份.xlsx
Ozon上架链接汇总_写回前备份.xlsx,assets/archive/spreadsheets/listing_summary/Ozon上架链接汇总_写回前备份.xlsx
Ozon上架链接汇总_取消YS人工指定前备份.xlsx,assets/archive/spreadsheets/listing_summary/Ozon上架链接汇总_取消YS人工指定前备份.xlsx
Ozon上架链接汇总_尺码优化候选.xlsx,assets/archive/spreadsheets/listing_summary/Ozon上架链接汇总_尺码优化候选.xlsx
Ozon上架链接汇总_尺码优化候选.xlsx.inspect.ndjson,assets/archive/spreadsheets/listing_summary/Ozon上架链接汇总_尺码优化候选.xlsx.inspect.ndjson
Ozon上架链接汇总_尺码优化前备份.xlsx,assets/archive/spreadsheets/listing_summary/Ozon上架链接汇总_尺码优化前备份.xlsx
RAV4_YS实际检索预览.png,assets/archive/reports/RAV4_YS实际检索预览.png
RAV4_官方模板_预览.png,assets/archive/reports/RAV4_官方模板_预览.png
RAV4_汇总表_预览.png,assets/archive/reports/RAV4_汇总表_预览.png
Renault_Logan_Tozaroa_最终上架包/00_生成源图/base_2M_wagon.png,assets/inputs/vehicles/renault_logan/source/base_2M_wagon.png
Renault_Logan_Tozaroa_最终上架包/00_生成源图/base_3M_sedan.png,assets/inputs/vehicles/renault_logan/source/base_3M_sedan.png
Renault_Logan_Tozaroa_最终上架包/00_生成源图/vehicle_sedan_cutout.png,assets/inputs/vehicles/renault_logan/source/vehicle_sedan_cutout.png
Renault_Logan_Tozaroa_最终上架包/00_生成源图/vehicle_wagon_cutout.png,assets/inputs/vehicles/renault_logan/source/vehicle_wagon_cutout.png
Renault_Logan_Tozaroa_最终上架包/01_主图/Renault_Logan_2M_主图_1086x1448.png,assets/outputs/vehicles/renault_logan/package/01_主图/Renault_Logan_2M_主图_1086x1448.png
Renault_Logan_Tozaroa_最终上架包/01_主图/Renault_Logan_3M_主图_1086x1448.png,assets/outputs/vehicles/renault_logan/package/01_主图/Renault_Logan_3M_主图_1086x1448.png
Renault_Logan_Tozaroa_最终上架包/02_车型适配图/Renault_Logan_2M_车型适配图_1086x1448.png,assets/outputs/vehicles/renault_logan/package/02_车型适配图/Renault_Logan_2M_车型适配图_1086x1448.png
Renault_Logan_Tozaroa_最终上架包/02_车型适配图/Renault_Logan_3M_车型适配图_1086x1448.png,assets/outputs/vehicles/renault_logan/package/02_车型适配图/Renault_Logan_3M_车型适配图_1086x1448.png
Renault_Logan_Tozaroa_最终上架包/03_SKU共用图/Renault_Logan_3M_2M_SKU共用选择图_1086x1448.png,assets/outputs/vehicles/renault_logan/package/03_SKU共用图/Renault_Logan_3M_2M_SKU共用选择图_1086x1448.png
Renault_Logan_Tozaroa_最终上架包/04_上架资料/Renault_Logan_Tozaroa_上架内容.csv,data/vehicles/renault_logan/Renault_Logan_Tozaroa_上架内容.csv
Renault_Logan_Tozaroa_最终上架包/04_上架资料/Renault_Logan_Tozaroa_官方上架表.xlsx,assets/outputs/vehicles/renault_logan/package/04_上架资料/Renault_Logan_Tozaroa_官方上架表.xlsx
Renault_Logan_Tozaroa_最终上架包/04_上架资料/Renault_Logan_Tozaroa_官方上架表.xlsx.inspect.ndjson,assets/archive/inspect_dumps/Renault_Logan_Tozaroa_官方上架表.xlsx.inspect.ndjson
Renault_Logan_Tozaroa_最终上架包/04_上架资料/尺码分组说明.txt,data/vehicles/renault_logan/尺码分组说明.txt
Renault_Logan_Tozaroa_最终上架包/05_预览/Logan_官方上架表预览.png,assets/outputs/vehicles/renault_logan/package/05_预览/Logan_官方上架表预览.png
Renault_Logan_Tozaroa_最终上架包/05_预览/Renault_Logan_五图总览.png,assets/outputs/vehicles/renault_logan/package/05_预览/Renault_Logan_五图总览.png
Renault_Logan_Tozaroa_最终上架包/06_共用副图/U_G01_秋冬停车总览_1086x1448.png,assets/outputs/vehicles/renault_logan/package/06_共用副图/U_G01_秋冬停车总览_1086x1448.png
Renault_Logan_Tozaroa_最终上架包/06_共用副图/U_G02_普通雨雪落叶情境_1086x1448.png,assets/outputs/vehicles/renault_logan/package/06_共用副图/U_G02_普通雨雪落叶情境_1086x1448.png
Renault_Logan_Tozaroa_最终上架包/06_共用副图/U_G03_无耳连续覆盖_1086x1448.png,assets/outputs/vehicles/renault_logan/package/06_共用副图/U_G03_无耳连续覆盖_1086x1448.png
Renault_Logan_Tozaroa_最终上架包/06_共用副图/U_G04_灰色单层材质_1086x1448.png,assets/outputs/vehicles/renault_logan/package/06_共用副图/U_G04_灰色单层材质_1086x1448.png
Renault_Logan_Tozaroa_最终上架包/06_共用副图/U_G05_三步安装_1086x1448.png,assets/outputs/vehicles/renault_logan/package/06_共用副图/U_G05_三步安装_1086x1448.png
Renault_Logan_Tozaroa_最终上架包/06_共用副图/U_G06_维护收纳_1086x1448.png,assets/outputs/vehicles/renault_logan/package/06_共用副图/U_G06_维护收纳_1086x1448.png
Renault_Logan_Tozaroa_最终上架包/06_共用副图/U_G07_两种停车环境_1086x1448.png,assets/outputs/vehicles/renault_logan/package/06_共用副图/U_G07_两种停车环境_1086x1448.png
Renault_Logan_Tozaroa_最终上架包/06_共用副图/U_G08_购买前车型核对_1086x1448.png,assets/outputs/vehicles/renault_logan/package/06_共用副图/U_G08_购买前车型核对_1086x1448.png
Renault_Logan_Tozaroa_最终上架包/07_A+_PC端/U_A01P_女性品牌海报_1410x708.png,assets/outputs/vehicles/renault_logan/package/07_A+_PC端/U_A01P_女性品牌海报_1410x708.png
Renault_Logan_Tozaroa_最终上架包/07_A+_PC端/U_A02P_表面纹理对比_1410x708.png,assets/outputs/vehicles/renault_logan/package/07_A+_PC端/U_A02P_表面纹理对比_1410x708.png
Renault_Logan_Tozaroa_最终上架包/07_A+_PC端/U_A03P_自然余量_1410x708.png,assets/outputs/vehicles/renault_logan/package/07_A+_PC端/U_A03P_自然余量_1410x708.png
Renault_Logan_Tozaroa_最终上架包/07_A+_PC端/U_A04P_车主一天_1410x708.png,assets/outputs/vehicles/renault_logan/package/07_A+_PC端/U_A04P_车主一天_1410x708.png
Renault_Logan_Tozaroa_最终上架包/07_A+_PC端/U_A05P_选购使用导览_1410x708.png,assets/outputs/vehicles/renault_logan/package/07_A+_PC端/U_A05P_选购使用导览_1410x708.png
Renault_Logan_Tozaroa_最终上架包/08_A+_移动端/U_A01M_女性品牌海报_640x640.png,assets/outputs/vehicles/renault_logan/package/08_A+_移动端/U_A01M_女性品牌海报_640x640.png
Renault_Logan_Tozaroa_最终上架包/08_A+_移动端/U_A02M_表面纹理对比_640x640.png,assets/outputs/vehicles/renault_logan/package/08_A+_移动端/U_A02M_表面纹理对比_640x640.png
Renault_Logan_Tozaroa_最终上架包/08_A+_移动端/U_A03M_自然余量_640x640.png,assets/outputs/vehicles/renault_logan/package/08_A+_移动端/U_A03M_自然余量_640x640.png
Renault_Logan_Tozaroa_最终上架包/08_A+_移动端/U_A04M_车主一天_640x640.png,assets/outputs/vehicles/renault_logan/package/08_A+_移动端/U_A04M_车主一天_640x640.png
Renault_Logan_Tozaroa_最终上架包/08_A+_移动端/U_A05M_选购使用导览_640x640.png,assets/outputs/vehicles/renault_logan/package/08_A+_移动端/U_A05M_选购使用导览_640x640.png
Renault_Logan_Tozaroa_最终上架包.zip,assets/outputs/vehicles/renault_logan/dist/Renault_Logan_Tozaroa_最终上架包.zip
Toyota_Land_Cruiser_Tozaroa_最终上架包/00_生成源图/base_L.png,assets/inputs/vehicles/toyota_land_cruiser/source/base_L.png
Toyota_Land_Cruiser_Tozaroa_最终上架包/00_生成源图/base_M.png,assets/inputs/vehicles/toyota_land_cruiser/source/base_M.png
Toyota_Land_Cruiser_Tozaroa_最终上架包/00_生成源图/base_S.png,assets/inputs/vehicles/toyota_land_cruiser/source/base_S.png
Toyota_Land_Cruiser_Tozaroa_最终上架包/00_生成源图/base_XL.png,assets/inputs/vehicles/toyota_land_cruiser/source/base_XL.png
Toyota_Land_Cruiser_Tozaroa_最终上架包/00_生成源图/master_concept_v3.png,assets/inputs/vehicles/toyota_land_cruiser/source/master_concept_v3.png
Toyota_Land_Cruiser_Tozaroa_最终上架包/00_生成源图/typography_master_concept_v4.png,assets/inputs/vehicles/toyota_land_cruiser/source/typography_master_concept_v4.png
Toyota_Land_Cruiser_Tozaroa_最终上架包/00_生成源图/vehicle_L.png,assets/inputs/vehicles/toyota_land_cruiser/source/vehicle_L.png
Toyota_Land_Cruiser_Tozaroa_最终上架包/00_生成源图/vehicle_M.png,assets/inputs/vehicles/toyota_land_cruiser/source/vehicle_M.png
Toyota_Land_Cruiser_Tozaroa_最终上架包/00_生成源图/vehicle_S.png,assets/inputs/vehicles/toyota_land_cruiser/source/vehicle_S.png
Toyota_Land_Cruiser_Tozaroa_最终上架包/00_生成源图/vehicle_XL.png,assets/inputs/vehicles/toyota_land_cruiser/source/vehicle_XL.png
Toyota_Land_Cruiser_Tozaroa_最终上架包/00_生成源图/winter_master_background.png,assets/inputs/vehicles/toyota_land_cruiser/source/winter_master_background.png
Toyota_Land_Cruiser_Tozaroa_最终上架包/01_主图/LandCruiser_L_主图_1086x1448.png,assets/outputs/vehicles/toyota_land_cruiser/package/01_主图/LandCruiser_L_主图_1086x1448.png
Toyota_Land_Cruiser_Tozaroa_最终上架包/01_主图/LandCruiser_M_主图_1086x1448.png,assets/outputs/vehicles/toyota_land_cruiser/package/01_主图/LandCruiser_M_主图_1086x1448.png
Toyota_Land_Cruiser_Tozaroa_最终上架包/01_主图/LandCruiser_S_主图_1086x1448.png,assets/outputs/vehicles/toyota_land_cruiser/package/01_主图/LandCruiser_S_主图_1086x1448.png
Toyota_Land_Cruiser_Tozaroa_最终上架包/01_主图/LandCruiser_XL_主图_1086x1448.png,assets/outputs/vehicles/toyota_land_cruiser/package/01_主图/LandCruiser_XL_主图_1086x1448.png
Toyota_Land_Cruiser_Tozaroa_最终上架包/02_车型适配图/LandCruiser_L_车型适配图_1086x1448.png,assets/outputs/vehicles/toyota_land_cruiser/package/02_车型适配图/LandCruiser_L_车型适配图_1086x1448.png
Toyota_Land_Cruiser_Tozaroa_最终上架包/02_车型适配图/LandCruiser_M_车型适配图_1086x1448.png,assets/outputs/vehicles/toyota_land_cruiser/package/02_车型适配图/LandCruiser_M_车型适配图_1086x1448.png
Toyota_Land_Cruiser_Tozaroa_最终上架包/02_车型适配图/LandCruiser_S_车型适配图_1086x1448.png,assets/outputs/vehicles/toyota_land_cruiser/package/02_车型适配图/LandCruiser_S_车型适配图_1086x1448.png
Toyota_Land_Cruiser_Tozaroa_最终上架包/02_车型适配图/LandCruiser_XL_车型适配图_1086x1448.png,assets/outputs/vehicles/toyota_land_cruiser/package/02_车型适配图/LandCruiser_XL_车型适配图_1086x1448.png
Toyota_Land_Cruiser_Tozaroa_最终上架包/03_SKU共用图/LandCruiser_S_M_L_XL_SKU共用选择图_1086x1448.png,assets/outputs/vehicles/toyota_land_cruiser/package/03_SKU共用图/LandCruiser_S_M_L_XL_SKU共用选择图_1086x1448.png
Toyota_Land_Cruiser_Tozaroa_最终上架包/04_上架资料/Toyota_Land_Cruiser_Tozaroa_上架内容.csv,data/vehicles/toyota_land_cruiser/Toyota_Land_Cruiser_Tozaroa_上架内容.csv
Toyota_Land_Cruiser_Tozaroa_最终上架包/04_上架资料/Toyota_Land_Cruiser_Tozaroa_官方上架表.xlsx,assets/outputs/vehicles/toyota_land_cruiser/package/04_上架资料/Toyota_Land_Cruiser_Tozaroa_官方上架表.xlsx
Toyota_Land_Cruiser_Tozaroa_最终上架包/04_上架资料/Toyota_Land_Cruiser_Tozaroa_官方上架表.xlsx.inspect.ndjson,assets/archive/inspect_dumps/Toyota_Land_Cruiser_Tozaroa_官方上架表.xlsx.inspect.ndjson
Toyota_Land_Cruiser_Tozaroa_最终上架包/04_上架资料/尺码分组说明.txt,data/vehicles/toyota_land_cruiser/尺码分组说明.txt
Toyota_Land_Cruiser_Tozaroa_最终上架包/05_预览/LandCruiser_九图总览.png,assets/outputs/vehicles/toyota_land_cruiser/package/05_预览/LandCruiser_九图总览.png
Toyota_Land_Cruiser_Tozaroa_最终上架包/05_预览/LandCruiser_官方上架表预览.png,assets/outputs/vehicles/toyota_land_cruiser/package/05_预览/LandCruiser_官方上架表预览.png
Toyota_Land_Cruiser_Tozaroa_最终上架包/05_预览/LandCruiser_链接汇总同步预览.png,assets/outputs/vehicles/toyota_land_cruiser/package/05_预览/LandCruiser_链接汇总同步预览.png
Toyota_Land_Cruiser_Tozaroa_最终上架包/06_共用越野车副图/U_G01_秋冬停车总览_1086x1448.png,assets/outputs/vehicles/toyota_land_cruiser/package/06_共用越野车副图/U_G01_秋冬停车总览_1086x1448.png
Toyota_Land_Cruiser_Tozaroa_最终上架包/06_共用越野车副图/U_G02_普通雨雪落叶情境_1086x1448.png,assets/outputs/vehicles/toyota_land_cruiser/package/06_共用越野车副图/U_G02_普通雨雪落叶情境_1086x1448.png
Toyota_Land_Cruiser_Tozaroa_最终上架包/06_共用越野车副图/U_G03_无耳连续覆盖_1086x1448.png,assets/outputs/vehicles/toyota_land_cruiser/package/06_共用越野车副图/U_G03_无耳连续覆盖_1086x1448.png
Toyota_Land_Cruiser_Tozaroa_最终上架包/06_共用越野车副图/U_G04_灰色单层材质_1086x1448.png,assets/outputs/vehicles/toyota_land_cruiser/package/06_共用越野车副图/U_G04_灰色单层材质_1086x1448.png
Toyota_Land_Cruiser_Tozaroa_最终上架包/06_共用越野车副图/U_G05_三步安装_1086x1448.png,assets/outputs/vehicles/toyota_land_cruiser/package/06_共用越野车副图/U_G05_三步安装_1086x1448.png
Toyota_Land_Cruiser_Tozaroa_最终上架包/06_共用越野车副图/U_G06_维护收纳_1086x1448.png,assets/outputs/vehicles/toyota_land_cruiser/package/06_共用越野车副图/U_G06_维护收纳_1086x1448.png
Toyota_Land_Cruiser_Tozaroa_最终上架包/06_共用越野车副图/U_G07_两种停车环境_1086x1448.png,assets/outputs/vehicles/toyota_land_cruiser/package/06_共用越野车副图/U_G07_两种停车环境_1086x1448.png
Toyota_Land_Cruiser_Tozaroa_最终上架包/06_共用越野车副图/U_G08_购买前车型核对_1086x1448.png,assets/outputs/vehicles/toyota_land_cruiser/package/06_共用越野车副图/U_G08_购买前车型核对_1086x1448.png
Toyota_Land_Cruiser_Tozaroa_最终上架包/07_A+_PC端/U_A01P_女性品牌海报_1410x708.png,assets/outputs/vehicles/toyota_land_cruiser/package/07_A+_PC端/U_A01P_女性品牌海报_1410x708.png
Toyota_Land_Cruiser_Tozaroa_最终上架包/07_A+_PC端/U_A02P_表面纹理对比_1410x708.png,assets/outputs/vehicles/toyota_land_cruiser/package/07_A+_PC端/U_A02P_表面纹理对比_1410x708.png
Toyota_Land_Cruiser_Tozaroa_最终上架包/07_A+_PC端/U_A03P_自然余量_1410x708.png,assets/outputs/vehicles/toyota_land_cruiser/package/07_A+_PC端/U_A03P_自然余量_1410x708.png
Toyota_Land_Cruiser_Tozaroa_最终上架包/07_A+_PC端/U_A04P_车主一天_1410x708.png,assets/outputs/vehicles/toyota_land_cruiser/package/07_A+_PC端/U_A04P_车主一天_1410x708.png
Toyota_Land_Cruiser_Tozaroa_最终上架包/07_A+_PC端/U_A05P_选购使用导览_1410x708.png,assets/outputs/vehicles/toyota_land_cruiser/package/07_A+_PC端/U_A05P_选购使用导览_1410x708.png
Toyota_Land_Cruiser_Tozaroa_最终上架包/08_A+_移动端/U_A01M_女性品牌海报_640x640.png,assets/outputs/vehicles/toyota_land_cruiser/package/08_A+_移动端/U_A01M_女性品牌海报_640x640.png
Toyota_Land_Cruiser_Tozaroa_最终上架包/08_A+_移动端/U_A02M_表面纹理对比_640x640.png,assets/outputs/vehicles/toyota_land_cruiser/package/08_A+_移动端/U_A02M_表面纹理对比_640x640.png
Toyota_Land_Cruiser_Tozaroa_最终上架包/08_A+_移动端/U_A03M_自然余量_640x640.png,assets/outputs/vehicles/toyota_land_cruiser/package/08_A+_移动端/U_A03M_自然余量_640x640.png
Toyota_Land_Cruiser_Tozaroa_最终上架包/08_A+_移动端/U_A04M_车主一天_640x640.png,assets/outputs/vehicles/toyota_land_cruiser/package/08_A+_移动端/U_A04M_车主一天_640x640.png
Toyota_Land_Cruiser_Tozaroa_最终上架包/08_A+_移动端/U_A05M_选购使用导览_640x640.png,assets/outputs/vehicles/toyota_land_cruiser/package/08_A+_移动端/U_A05M_选购使用导览_640x640.png
Toyota_Land_Cruiser_Tozaroa_最终上架包.zip,assets/outputs/vehicles/toyota_land_cruiser/dist/Toyota_Land_Cruiser_Tozaroa_最终上架包.zip
Toyota_Land_Cruiser_文字升级前备份_20260929/01_主图/LandCruiser_L_主图_1086x1448.png,assets/archive/backups/Toyota_Land_Cruiser_文字升级前备份_20260929/01_主图/LandCruiser_L_主图_1086x1448.png
Toyota_Land_Cruiser_文字升级前备份_20260929/01_主图/LandCruiser_M_主图_1086x1448.png,assets/archive/backups/Toyota_Land_Cruiser_文字升级前备份_20260929/01_主图/LandCruiser_M_主图_1086x1448.png
Toyota_Land_Cruiser_文字升级前备份_20260929/01_主图/LandCruiser_S_主图_1086x1448.png,assets/archive/backups/Toyota_Land_Cruiser_文字升级前备份_20260929/01_主图/LandCruiser_S_主图_1086x1448.png
Toyota_Land_Cruiser_文字升级前备份_20260929/01_主图/LandCruiser_XL_主图_1086x1448.png,assets/archive/backups/Toyota_Land_Cruiser_文字升级前备份_20260929/01_主图/LandCruiser_XL_主图_1086x1448.png
Toyota_Land_Cruiser_旧版备份_20260928/01_主图/LandCruiser_L_主图_1086x1448.png,assets/archive/backups/Toyota_Land_Cruiser_旧版备份_20260928/01_主图/LandCruiser_L_主图_1086x1448.png
Toyota_Land_Cruiser_旧版备份_20260928/01_主图/LandCruiser_M_主图_1086x1448.png,assets/archive/backups/Toyota_Land_Cruiser_旧版备份_20260928/01_主图/LandCruiser_M_主图_1086x1448.png
Toyota_Land_Cruiser_旧版备份_20260928/01_主图/LandCruiser_S_主图_1086x1448.png,assets/archive/backups/Toyota_Land_Cruiser_旧版备份_20260928/01_主图/LandCruiser_S_主图_1086x1448.png
Toyota_Land_Cruiser_旧版备份_20260928/01_主图/LandCruiser_XL_主图_1086x1448.png,assets/archive/backups/Toyota_Land_Cruiser_旧版备份_20260928/01_主图/LandCruiser_XL_主图_1086x1448.png
Toyota_Land_Cruiser_旧版备份_20260928/02_车型适配图/LandCruiser_L_车型适配图_1086x1448.png,assets/archive/backups/Toyota_Land_Cruiser_旧版备份_20260928/02_车型适配图/LandCruiser_L_车型适配图_1086x1448.png
Toyota_Land_Cruiser_旧版备份_20260928/02_车型适配图/LandCruiser_M_车型适配图_1086x1448.png,assets/archive/backups/Toyota_Land_Cruiser_旧版备份_20260928/02_车型适配图/LandCruiser_M_车型适配图_1086x1448.png
Toyota_Land_Cruiser_旧版备份_20260928/02_车型适配图/LandCruiser_S_车型适配图_1086x1448.png,assets/archive/backups/Toyota_Land_Cruiser_旧版备份_20260928/02_车型适配图/LandCruiser_S_车型适配图_1086x1448.png
Toyota_Land_Cruiser_旧版备份_20260928/02_车型适配图/LandCruiser_XL_车型适配图_1086x1448.png,assets/archive/backups/Toyota_Land_Cruiser_旧版备份_20260928/02_车型适配图/LandCruiser_XL_车型适配图_1086x1448.png
Toyota_Land_Cruiser_旧版备份_20260928/03_SKU共用图/LandCruiser_S_M_L_XL_SKU共用选择图_1086x1448.png,assets/archive/backups/Toyota_Land_Cruiser_旧版备份_20260928/03_SKU共用图/LandCruiser_S_M_L_XL_SKU共用选择图_1086x1448.png
Toyota_Land_Cruiser_旧版备份_20260928/05_预览/LandCruiser_九图总览.png,assets/archive/backups/Toyota_Land_Cruiser_旧版备份_20260928/05_预览/LandCruiser_九图总览.png
Toyota_Land_Cruiser_旧版备份_20260928/05_预览/LandCruiser_官方上架表预览.png,assets/archive/backups/Toyota_Land_Cruiser_旧版备份_20260928/05_预览/LandCruiser_官方上架表预览.png
Toyota_Land_Cruiser_旧版备份_20260928/05_预览/LandCruiser_链接汇总同步预览.png,assets/archive/backups/Toyota_Land_Cruiser_旧版备份_20260928/05_预览/LandCruiser_链接汇总同步预览.png
Toyota_RAV4_Tozaroa_最终上架包/01_主图/RAV4_M_主图_V6_1086x1448.png,assets/outputs/vehicles/toyota_rav4/package/01_主图/RAV4_M_主图_V6_1086x1448.png
Toyota_RAV4_Tozaroa_最终上架包/01_主图/RAV4_S_主图_V6_1086x1448.png,assets/outputs/vehicles/toyota_rav4/package/01_主图/RAV4_S_主图_V6_1086x1448.png
Toyota_RAV4_Tozaroa_最终上架包/01_主图/RAV4_XS_主图_V6_1086x1448.png,assets/outputs/vehicles/toyota_rav4/package/01_主图/RAV4_XS_主图_V6_1086x1448.png
Toyota_RAV4_Tozaroa_最终上架包/02_车型适配图/RAV4_M_车型适配图_V6_1086x1448.png,assets/outputs/vehicles/toyota_rav4/package/02_车型适配图/RAV4_M_车型适配图_V6_1086x1448.png
Toyota_RAV4_Tozaroa_最终上架包/02_车型适配图/RAV4_S_车型适配图_V6_1086x1448.png,assets/outputs/vehicles/toyota_rav4/package/02_车型适配图/RAV4_S_车型适配图_V6_1086x1448.png
Toyota_RAV4_Tozaroa_最终上架包/02_车型适配图/RAV4_XS_车型适配图_V6_1086x1448.png,assets/outputs/vehicles/toyota_rav4/package/02_车型适配图/RAV4_XS_车型适配图_V6_1086x1448.png
Toyota_RAV4_Tozaroa_最终上架包/03_SKU共用图/RAV4_M_S_XS_SKU共用选择图_V6_1086x1448.png,assets/outputs/vehicles/toyota_rav4/package/03_SKU共用图/RAV4_M_S_XS_SKU共用选择图_V6_1086x1448.png
Toyota_RAV4_Tozaroa_最终上架包/04_上架资料/Toyota_RAV4_Tozaroa_上架内容.csv,data/vehicles/toyota_rav4/Toyota_RAV4_Tozaroa_上架内容.csv
Toyota_RAV4_Tozaroa_最终上架包/04_上架资料/尺码分组说明.txt,data/vehicles/toyota_rav4/尺码分组说明.txt
Toyota_RAV4_Tozaroa_最终上架包/05_预览/V6_七图总览.png,assets/outputs/vehicles/toyota_rav4/package/05_预览/V6_七图总览.png
Toyota_RAV4_Tozaroa_最终上架包/06_共用越野车副图/U_G01_秋冬停车总览_1086x1448.png,assets/outputs/vehicles/toyota_rav4/package/06_共用越野车副图/U_G01_秋冬停车总览_1086x1448.png
Toyota_RAV4_Tozaroa_最终上架包/06_共用越野车副图/U_G02_普通雨雪落叶情境_1086x1448.png,assets/outputs/vehicles/toyota_rav4/package/06_共用越野车副图/U_G02_普通雨雪落叶情境_1086x1448.png
Toyota_RAV4_Tozaroa_最终上架包/06_共用越野车副图/U_G03_无耳连续覆盖_1086x1448.png,assets/outputs/vehicles/toyota_rav4/package/06_共用越野车副图/U_G03_无耳连续覆盖_1086x1448.png
Toyota_RAV4_Tozaroa_最终上架包/06_共用越野车副图/U_G04_灰色单层材质_1086x1448.png,assets/outputs/vehicles/toyota_rav4/package/06_共用越野车副图/U_G04_灰色单层材质_1086x1448.png
Toyota_RAV4_Tozaroa_最终上架包/06_共用越野车副图/U_G05_三步安装_1086x1448.png,assets/outputs/vehicles/toyota_rav4/package/06_共用越野车副图/U_G05_三步安装_1086x1448.png
Toyota_RAV4_Tozaroa_最终上架包/06_共用越野车副图/U_G06_维护收纳_1086x1448.png,assets/outputs/vehicles/toyota_rav4/package/06_共用越野车副图/U_G06_维护收纳_1086x1448.png
Toyota_RAV4_Tozaroa_最终上架包/06_共用越野车副图/U_G07_两种停车环境_1086x1448.png,assets/outputs/vehicles/toyota_rav4/package/06_共用越野车副图/U_G07_两种停车环境_1086x1448.png
Toyota_RAV4_Tozaroa_最终上架包/06_共用越野车副图/U_G08_购买前车型核对_1086x1448.png,assets/outputs/vehicles/toyota_rav4/package/06_共用越野车副图/U_G08_购买前车型核对_1086x1448.png
Toyota_RAV4_Tozaroa_最终上架包/07_A+_PC端/U_A01P_女性品牌海报_1410x708.png,assets/outputs/vehicles/toyota_rav4/package/07_A+_PC端/U_A01P_女性品牌海报_1410x708.png
Toyota_RAV4_Tozaroa_最终上架包/07_A+_PC端/U_A02P_表面纹理对比_1410x708.png,assets/outputs/vehicles/toyota_rav4/package/07_A+_PC端/U_A02P_表面纹理对比_1410x708.png
Toyota_RAV4_Tozaroa_最终上架包/07_A+_PC端/U_A03P_自然余量_1410x708.png,assets/outputs/vehicles/toyota_rav4/package/07_A+_PC端/U_A03P_自然余量_1410x708.png
Toyota_RAV4_Tozaroa_最终上架包/07_A+_PC端/U_A04P_车主一天_1410x708.png,assets/outputs/vehicles/toyota_rav4/package/07_A+_PC端/U_A04P_车主一天_1410x708.png
Toyota_RAV4_Tozaroa_最终上架包/07_A+_PC端/U_A05P_选购使用导览_1410x708.png,assets/outputs/vehicles/toyota_rav4/package/07_A+_PC端/U_A05P_选购使用导览_1410x708.png
Toyota_RAV4_Tozaroa_最终上架包/08_A+_移动端/U_A01M_女性品牌海报_640x640.png,assets/outputs/vehicles/toyota_rav4/package/08_A+_移动端/U_A01M_女性品牌海报_640x640.png
Toyota_RAV4_Tozaroa_最终上架包/08_A+_移动端/U_A02M_表面纹理对比_640x640.png,assets/outputs/vehicles/toyota_rav4/package/08_A+_移动端/U_A02M_表面纹理对比_640x640.png
Toyota_RAV4_Tozaroa_最终上架包/08_A+_移动端/U_A03M_自然余量_640x640.png,assets/outputs/vehicles/toyota_rav4/package/08_A+_移动端/U_A03M_自然余量_640x640.png
Toyota_RAV4_Tozaroa_最终上架包/08_A+_移动端/U_A04M_车主一天_640x640.png,assets/outputs/vehicles/toyota_rav4/package/08_A+_移动端/U_A04M_车主一天_640x640.png
Toyota_RAV4_Tozaroa_最终上架包/08_A+_移动端/U_A05M_选购使用导览_640x640.png,assets/outputs/vehicles/toyota_rav4/package/08_A+_移动端/U_A05M_选购使用导览_640x640.png
Toyota_RAV4_Tozaroa_最终上架包_V6.zip,assets/archive/dist_legacy/Toyota_RAV4_Tozaroa_最终上架包_V6.zip
Toyota_RAV4_淘汰版本备份_20260927/01_SKU专属图/base_M.png,assets/inputs/vehicles/toyota_rav4/source/base_M.png
Toyota_RAV4_淘汰版本备份_20260927/01_SKU专属图/base_S.png,assets/inputs/vehicles/toyota_rav4/source/base_S.png
Toyota_RAV4_淘汰版本备份_20260927/01_SKU专属图/base_YS.png,assets/inputs/vehicles/toyota_rav4/source/base_YS.png
Toyota_RAV4_淘汰版本备份_20260927/01_SKU专属图/vehicle_M.png,assets/inputs/vehicles/toyota_rav4/source/vehicle_M.png
Toyota_RAV4_淘汰版本备份_20260927/01_SKU专属图/vehicle_S.png,assets/inputs/vehicles/toyota_rav4/source/vehicle_S.png
Toyota_RAV4_淘汰版本备份_20260927/01_SKU专属图/vehicle_YS.png,assets/inputs/vehicles/toyota_rav4/source/vehicle_YS.png
Toyota_RAV4_淘汰版本备份_20260927/01_SKU专属图/RAV4_M_S_YS_SKU共用选择图_1086x1448.png,assets/archive/backups/Toyota_RAV4_淘汰版本备份_20260927/01_SKU专属图/RAV4_M_S_YS_SKU共用选择图_1086x1448.png
Toyota_RAV4_淘汰版本备份_20260927/01_SKU专属图/RAV4_M_主图_1086x1448.png,assets/archive/backups/Toyota_RAV4_淘汰版本备份_20260927/01_SKU专属图/RAV4_M_主图_1086x1448.png
Toyota_RAV4_淘汰版本备份_20260927/01_SKU专属图/RAV4_M_车型适配图_1086x1448.png,assets/archive/backups/Toyota_RAV4_淘汰版本备份_20260927/01_SKU专属图/RAV4_M_车型适配图_1086x1448.png
Toyota_RAV4_淘汰版本备份_20260927/01_SKU专属图/RAV4_S_主图_1086x1448.png,assets/archive/backups/Toyota_RAV4_淘汰版本备份_20260927/01_SKU专属图/RAV4_S_主图_1086x1448.png
Toyota_RAV4_淘汰版本备份_20260927/01_SKU专属图/RAV4_S_车型适配图_1086x1448.png,assets/archive/backups/Toyota_RAV4_淘汰版本备份_20260927/01_SKU专属图/RAV4_S_车型适配图_1086x1448.png
Toyota_RAV4_淘汰版本备份_20260927/01_SKU专属图/RAV4_YS_主图_1086x1448.png,assets/archive/backups/Toyota_RAV4_淘汰版本备份_20260927/01_SKU专属图/RAV4_YS_主图_1086x1448.png
Toyota_RAV4_淘汰版本备份_20260927/01_SKU专属图/RAV4_YS_车型适配图_1086x1448.png,assets/archive/backups/Toyota_RAV4_淘汰版本备份_20260927/01_SKU专属图/RAV4_YS_车型适配图_1086x1448.png
Toyota_RAV4_淘汰版本备份_20260927/02_共用越野车副图/U_G01_秋冬停车总览_1086x1448.png,assets/archive/backups/Toyota_RAV4_淘汰版本备份_20260927/02_共用越野车副图/U_G01_秋冬停车总览_1086x1448.png
Toyota_RAV4_淘汰版本备份_20260927/02_共用越野车副图/U_G02_普通雨雪落叶情境_1086x1448.png,assets/archive/backups/Toyota_RAV4_淘汰版本备份_20260927/02_共用越野车副图/U_G02_普通雨雪落叶情境_1086x1448.png
Toyota_RAV4_淘汰版本备份_20260927/02_共用越野车副图/U_G03_无耳连续覆盖_1086x1448.png,assets/archive/backups/Toyota_RAV4_淘汰版本备份_20260927/02_共用越野车副图/U_G03_无耳连续覆盖_1086x1448.png
Toyota_RAV4_淘汰版本备份_20260927/02_共用越野车副图/U_G04_灰色单层材质_1086x1448.png,assets/archive/backups/Toyota_RAV4_淘汰版本备份_20260927/02_共用越野车副图/U_G04_灰色单层材质_1086x1448.png
Toyota_RAV4_淘汰版本备份_20260927/02_共用越野车副图/U_G05_三步安装_1086x1448.png,assets/archive/backups/Toyota_RAV4_淘汰版本备份_20260927/02_共用越野车副图/U_G05_三步安装_1086x1448.png
Toyota_RAV4_淘汰版本备份_20260927/02_共用越野车副图/U_G06_维护收纳_1086x1448.png,assets/archive/backups/Toyota_RAV4_淘汰版本备份_20260927/02_共用越野车副图/U_G06_维护收纳_1086x1448.png
Toyota_RAV4_淘汰版本备份_20260927/02_共用越野车副图/U_G07_两种停车环境_1086x1448.png,assets/archive/backups/Toyota_RAV4_淘汰版本备份_20260927/02_共用越野车副图/U_G07_两种停车环境_1086x1448.png
Toyota_RAV4_淘汰版本备份_20260927/02_共用越野车副图/U_G08_购买前车型核对_1086x1448.png,assets/archive/backups/Toyota_RAV4_淘汰版本备份_20260927/02_共用越野车副图/U_G08_购买前车型核对_1086x1448.png
Toyota_RAV4_淘汰版本备份_20260927/03_共用越野车A+/U_A01M_女性品牌海报_640x640.png,assets/archive/backups/Toyota_RAV4_淘汰版本备份_20260927/03_共用越野车A+/U_A01M_女性品牌海报_640x640.png
Toyota_RAV4_淘汰版本备份_20260927/03_共用越野车A+/U_A01P_女性品牌海报_1410x708.png,assets/archive/backups/Toyota_RAV4_淘汰版本备份_20260927/03_共用越野车A+/U_A01P_女性品牌海报_1410x708.png
Toyota_RAV4_淘汰版本备份_20260927/03_共用越野车A+/U_A02M_表面纹理对比_640x640.png,assets/archive/backups/Toyota_RAV4_淘汰版本备份_20260927/03_共用越野车A+/U_A02M_表面纹理对比_640x640.png
Toyota_RAV4_淘汰版本备份_20260927/03_共用越野车A+/U_A02P_表面纹理对比_1410x708.png,assets/archive/backups/Toyota_RAV4_淘汰版本备份_20260927/03_共用越野车A+/U_A02P_表面纹理对比_1410x708.png
Toyota_RAV4_淘汰版本备份_20260927/03_共用越野车A+/U_A03M_自然余量_640x640.png,assets/archive/backups/Toyota_RAV4_淘汰版本备份_20260927/03_共用越野车A+/U_A03M_自然余量_640x640.png
Toyota_RAV4_淘汰版本备份_20260927/03_共用越野车A+/U_A03P_自然余量_1410x708.png,assets/archive/backups/Toyota_RAV4_淘汰版本备份_20260927/03_共用越野车A+/U_A03P_自然余量_1410x708.png
Toyota_RAV4_淘汰版本备份_20260927/03_共用越野车A+/U_A04M_车主一天_640x640.png,assets/archive/backups/Toyota_RAV4_淘汰版本备份_20260927/03_共用越野车A+/U_A04M_车主一天_640x640.png
Toyota_RAV4_淘汰版本备份_20260927/03_共用越野车A+/U_A04P_车主一天_1410x708.png,assets/archive/backups/Toyota_RAV4_淘汰版本备份_20260927/03_共用越野车A+/U_A04P_车主一天_1410x708.png
Toyota_RAV4_淘汰版本备份_20260927/03_共用越野车A+/U_A05M_选购使用导览_640x640.png,assets/archive/backups/Toyota_RAV4_淘汰版本备份_20260927/03_共用越野车A+/U_A05M_选购使用导览_640x640.png
Toyota_RAV4_淘汰版本备份_20260927/03_共用越野车A+/U_A05P_选购使用导览_1410x708.png,assets/archive/backups/Toyota_RAV4_淘汰版本备份_20260927/03_共用越野车A+/U_A05P_选购使用导览_1410x708.png
Toyota_RAV4_淘汰版本备份_20260927/04_上架资料/QA_7张专属图联系表.jpg,assets/archive/backups/Toyota_RAV4_淘汰版本备份_20260927/04_上架资料/QA_7张专属图联系表.jpg
Toyota_RAV4_淘汰版本备份_20260927/04_上架资料/QA_新版设计V2.jpg,assets/archive/backups/Toyota_RAV4_淘汰版本备份_20260927/04_上架资料/QA_新版设计V2.jpg
Toyota_RAV4_淘汰版本备份_20260927/04_上架资料/Toyota_RAV4_Tozaroa_上架内容.csv,assets/archive/backups/Toyota_RAV4_淘汰版本备份_20260927/04_上架资料/Toyota_RAV4_Tozaroa_上架内容.csv
Toyota_RAV4_淘汰版本备份_20260927/04_上架资料/图片预览.html,assets/archive/backups/Toyota_RAV4_淘汰版本备份_20260927/04_上架资料/图片预览.html
Toyota_RAV4_淘汰版本备份_20260927/04_上架资料/尺码分组说明.txt,assets/archive/backups/Toyota_RAV4_淘汰版本备份_20260927/04_上架资料/尺码分组说明.txt
Toyota_RAV4_淘汰版本备份_20260927/05_新版设计V2/RAV4_M_S_YS_SKU共用选择图_V2_1086x1448.png,assets/archive/backups/Toyota_RAV4_淘汰版本备份_20260927/05_新版设计V2/RAV4_M_S_YS_SKU共用选择图_V2_1086x1448.png
Toyota_RAV4_淘汰版本备份_20260927/05_新版设计V2/RAV4_M_主图_V2_1086x1448.png,assets/archive/backups/Toyota_RAV4_淘汰版本备份_20260927/05_新版设计V2/RAV4_M_主图_V2_1086x1448.png
Toyota_RAV4_淘汰版本备份_20260927/05_新版设计V2/RAV4_M_车型适配图_V2_1086x1448.png,assets/archive/backups/Toyota_RAV4_淘汰版本备份_20260927/05_新版设计V2/RAV4_M_车型适配图_V2_1086x1448.png
Toyota_RAV4_淘汰版本备份_20260927/05_新版设计V2/RAV4_S_主图_V2_1086x1448.png,assets/archive/backups/Toyota_RAV4_淘汰版本备份_20260927/05_新版设计V2/RAV4_S_主图_V2_1086x1448.png
Toyota_RAV4_淘汰版本备份_20260927/05_新版设计V2/RAV4_S_车型适配图_V2_1086x1448.png,assets/archive/backups/Toyota_RAV4_淘汰版本备份_20260927/05_新版设计V2/RAV4_S_车型适配图_V2_1086x1448.png
Toyota_RAV4_淘汰版本备份_20260927/05_新版设计V2/RAV4_YS_主图_V2_1086x1448.png,assets/archive/backups/Toyota_RAV4_淘汰版本备份_20260927/05_新版设计V2/RAV4_YS_主图_V2_1086x1448.png
Toyota_RAV4_淘汰版本备份_20260927/05_新版设计V2/RAV4_YS_车型适配图_V2_1086x1448.png,assets/archive/backups/Toyota_RAV4_淘汰版本备份_20260927/05_新版设计V2/RAV4_YS_车型适配图_V2_1086x1448.png
Toyota_RAV4_淘汰版本备份_20260927/06_新版设计V3/RAV4_M_S_YS_SKU共用选择图_V3_1086x1448.png,assets/archive/backups/Toyota_RAV4_淘汰版本备份_20260927/06_新版设计V3/RAV4_M_S_YS_SKU共用选择图_V3_1086x1448.png
Toyota_RAV4_淘汰版本备份_20260927/06_新版设计V3/RAV4_M_主图_V3_1086x1448.png,assets/archive/backups/Toyota_RAV4_淘汰版本备份_20260927/06_新版设计V3/RAV4_M_主图_V3_1086x1448.png
Toyota_RAV4_淘汰版本备份_20260927/06_新版设计V3/RAV4_M_车型适配图_V3_1086x1448.png,assets/archive/backups/Toyota_RAV4_淘汰版本备份_20260927/06_新版设计V3/RAV4_M_车型适配图_V3_1086x1448.png
Toyota_RAV4_淘汰版本备份_20260927/06_新版设计V3/RAV4_S_主图_V3_1086x1448.png,assets/archive/backups/Toyota_RAV4_淘汰版本备份_20260927/06_新版设计V3/RAV4_S_主图_V3_1086x1448.png
Toyota_RAV4_淘汰版本备份_20260927/06_新版设计V3/RAV4_S_车型适配图_V3_1086x1448.png,assets/archive/backups/Toyota_RAV4_淘汰版本备份_20260927/06_新版设计V3/RAV4_S_车型适配图_V3_1086x1448.png
Toyota_RAV4_淘汰版本备份_20260927/06_新版设计V3/RAV4_YS_主图_V3_1086x1448.png,assets/archive/backups/Toyota_RAV4_淘汰版本备份_20260927/06_新版设计V3/RAV4_YS_主图_V3_1086x1448.png
Toyota_RAV4_淘汰版本备份_20260927/06_新版设计V3/RAV4_YS_车型适配图_V3_1086x1448.png,assets/archive/backups/Toyota_RAV4_淘汰版本备份_20260927/06_新版设计V3/RAV4_YS_车型适配图_V3_1086x1448.png
Toyota_RAV4_淘汰版本备份_20260927/06_新版设计V3/V3_总览.jpg,assets/archive/backups/Toyota_RAV4_淘汰版本备份_20260927/06_新版设计V3/V3_总览.jpg
Toyota_RAV4_淘汰版本备份_20260927/07_融合版V4/RAV4_M_S_YS_SKU共用选择图_V4_1086x1448.png,assets/archive/backups/Toyota_RAV4_淘汰版本备份_20260927/07_融合版V4/RAV4_M_S_YS_SKU共用选择图_V4_1086x1448.png
Toyota_RAV4_淘汰版本备份_20260927/07_融合版V4/RAV4_M_主图_V4_1086x1448.png,assets/archive/backups/Toyota_RAV4_淘汰版本备份_20260927/07_融合版V4/RAV4_M_主图_V4_1086x1448.png
Toyota_RAV4_淘汰版本备份_20260927/07_融合版V4/RAV4_M_车型适配图_V4_1086x1448.png,assets/archive/backups/Toyota_RAV4_淘汰版本备份_20260927/07_融合版V4/RAV4_M_车型适配图_V4_1086x1448.png
Toyota_RAV4_淘汰版本备份_20260927/07_融合版V4/RAV4_S_主图_V4_1086x1448.png,assets/archive/backups/Toyota_RAV4_淘汰版本备份_20260927/07_融合版V4/RAV4_S_主图_V4_1086x1448.png
Toyota_RAV4_淘汰版本备份_20260927/07_融合版V4/RAV4_S_车型适配图_V4_1086x1448.png,assets/archive/backups/Toyota_RAV4_淘汰版本备份_20260927/07_融合版V4/RAV4_S_车型适配图_V4_1086x1448.png
Toyota_RAV4_淘汰版本备份_20260927/07_融合版V4/RAV4_YS_主图_V4_1086x1448.png,assets/archive/backups/Toyota_RAV4_淘汰版本备份_20260927/07_融合版V4/RAV4_YS_主图_V4_1086x1448.png
Toyota_RAV4_淘汰版本备份_20260927/07_融合版V4/RAV4_YS_车型适配图_V4_1086x1448.png,assets/archive/backups/Toyota_RAV4_淘汰版本备份_20260927/07_融合版V4/RAV4_YS_车型适配图_V4_1086x1448.png
Toyota_RAV4_淘汰版本备份_20260927/07_融合版V4/V4_七图总览.jpg,assets/archive/backups/Toyota_RAV4_淘汰版本备份_20260927/07_融合版V4/V4_七图总览.jpg
Toyota_RAV4_淘汰版本备份_20260927/08_新字体V5/RAV4_M_S_YS_SKU共用选择图_V5_1086x1448.png,assets/archive/backups/Toyota_RAV4_淘汰版本备份_20260927/08_新字体V5/RAV4_M_S_YS_SKU共用选择图_V5_1086x1448.png
Toyota_RAV4_淘汰版本备份_20260927/08_新字体V5/RAV4_M_主图_V5_1086x1448.png,assets/archive/backups/Toyota_RAV4_淘汰版本备份_20260927/08_新字体V5/RAV4_M_主图_V5_1086x1448.png
Toyota_RAV4_淘汰版本备份_20260927/08_新字体V5/RAV4_M_车型适配图_V5_1086x1448.png,assets/archive/backups/Toyota_RAV4_淘汰版本备份_20260927/08_新字体V5/RAV4_M_车型适配图_V5_1086x1448.png
Toyota_RAV4_淘汰版本备份_20260927/08_新字体V5/RAV4_S_主图_V5_1086x1448.png,assets/archive/backups/Toyota_RAV4_淘汰版本备份_20260927/08_新字体V5/RAV4_S_主图_V5_1086x1448.png
Toyota_RAV4_淘汰版本备份_20260927/08_新字体V5/RAV4_S_车型适配图_V5_1086x1448.png,assets/archive/backups/Toyota_RAV4_淘汰版本备份_20260927/08_新字体V5/RAV4_S_车型适配图_V5_1086x1448.png
Toyota_RAV4_淘汰版本备份_20260927/08_新字体V5/RAV4_YS_主图_V5_1086x1448.png,assets/archive/backups/Toyota_RAV4_淘汰版本备份_20260927/08_新字体V5/RAV4_YS_主图_V5_1086x1448.png
Toyota_RAV4_淘汰版本备份_20260927/08_新字体V5/RAV4_YS_车型适配图_V5_1086x1448.png,assets/archive/backups/Toyota_RAV4_淘汰版本备份_20260927/08_新字体V5/RAV4_YS_车型适配图_V5_1086x1448.png
Toyota_RAV4_淘汰版本备份_20260927/08_新字体V5/V5_七图总览.jpg,assets/archive/backups/Toyota_RAV4_淘汰版本备份_20260927/08_新字体V5/V5_七图总览.jpg
Toyota_RAV4_淘汰版本备份_20260927/09_审美升级V6/RAV4_M_S_YS_SKU共用选择图_V6_1086x1448.png,assets/archive/backups/Toyota_RAV4_淘汰版本备份_20260927/09_审美升级V6/RAV4_M_S_YS_SKU共用选择图_V6_1086x1448.png
Toyota_RAV4_淘汰版本备份_20260927/09_审美升级V6/RAV4_M_主图_V6_1086x1448.png,assets/archive/backups/Toyota_RAV4_淘汰版本备份_20260927/09_审美升级V6/RAV4_M_主图_V6_1086x1448.png
Toyota_RAV4_淘汰版本备份_20260927/09_审美升级V6/RAV4_M_车型适配图_V6_1086x1448.png,assets/archive/backups/Toyota_RAV4_淘汰版本备份_20260927/09_审美升级V6/RAV4_M_车型适配图_V6_1086x1448.png
Toyota_RAV4_淘汰版本备份_20260927/09_审美升级V6/RAV4_S_主图_V6_1086x1448.png,assets/archive/backups/Toyota_RAV4_淘汰版本备份_20260927/09_审美升级V6/RAV4_S_主图_V6_1086x1448.png
Toyota_RAV4_淘汰版本备份_20260927/09_审美升级V6/RAV4_S_车型适配图_V6_1086x1448.png,assets/archive/backups/Toyota_RAV4_淘汰版本备份_20260927/09_审美升级V6/RAV4_S_车型适配图_V6_1086x1448.png
Toyota_RAV4_淘汰版本备份_20260927/09_审美升级V6/RAV4_YS_主图_V6_1086x1448.png,assets/archive/backups/Toyota_RAV4_淘汰版本备份_20260927/09_审美升级V6/RAV4_YS_主图_V6_1086x1448.png
Toyota_RAV4_淘汰版本备份_20260927/09_审美升级V6/RAV4_YS_车型适配图_V6_1086x1448.png,assets/archive/backups/Toyota_RAV4_淘汰版本备份_20260927/09_审美升级V6/RAV4_YS_车型适配图_V6_1086x1448.png
Toyota_RAV4_淘汰版本备份_20260927/09_审美升级V6/V6_七图总览.jpg,assets/archive/backups/Toyota_RAV4_淘汰版本备份_20260927/09_审美升级V6/V6_七图总览.jpg
Toyota_RAV4_淘汰版本备份_20260927/10_YS改XS前备份/01_主图/RAV4_YS_主图_V6_1086x1448.png,assets/archive/backups/Toyota_RAV4_淘汰版本备份_20260927/10_YS改XS前备份/01_主图/RAV4_YS_主图_V6_1086x1448.png
Toyota_RAV4_淘汰版本备份_20260927/10_YS改XS前备份/02_车型适配图/RAV4_YS_车型适配图_V6_1086x1448.png,assets/archive/backups/Toyota_RAV4_淘汰版本备份_20260927/10_YS改XS前备份/02_车型适配图/RAV4_YS_车型适配图_V6_1086x1448.png
Toyota_RAV4_淘汰版本备份_20260927/10_YS改XS前备份/03_SKU共用图/RAV4_M_S_YS_SKU共用选择图_V6_1086x1448.png,assets/archive/backups/Toyota_RAV4_淘汰版本备份_20260927/10_YS改XS前备份/03_SKU共用图/RAV4_M_S_YS_SKU共用选择图_V6_1086x1448.png
Toyota_RAV4_淘汰版本备份_20260927/10_YS改XS前备份/05_预览/V6_七图总览.jpg,assets/archive/backups/Toyota_RAV4_淘汰版本备份_20260927/10_YS改XS前备份/05_预览/V6_七图总览.jpg
Toyota_RAV4_淘汰版本备份_20260927/Toyota_RAV4_灰色无耳_Tozaroa_上架包.zip,assets/archive/backups/Toyota_RAV4_淘汰版本备份_20260927/Toyota_RAV4_灰色无耳_Tozaroa_上架包.zip
Toyota_RAV4_淘汰版本备份_20260927/Toyota_RAV4_灰色无耳_Tozaroa_审美升级V6.zip,assets/archive/backups/Toyota_RAV4_淘汰版本备份_20260927/Toyota_RAV4_灰色无耳_Tozaroa_审美升级V6.zip
Toyota_RAV4_淘汰版本备份_20260927/Toyota_RAV4_灰色无耳_Tozaroa_新字体V5.zip,assets/archive/backups/Toyota_RAV4_淘汰版本备份_20260927/Toyota_RAV4_灰色无耳_Tozaroa_新字体V5.zip
Toyota_RAV4_淘汰版本备份_20260927/Toyota_RAV4_灰色无耳_Tozaroa_新版设计V2.zip,assets/archive/backups/Toyota_RAV4_淘汰版本备份_20260927/Toyota_RAV4_灰色无耳_Tozaroa_新版设计V2.zip
Toyota_RAV4_淘汰版本备份_20260927/Toyota_RAV4_灰色无耳_Tozaroa_新版设计V3.zip,assets/archive/backups/Toyota_RAV4_淘汰版本备份_20260927/Toyota_RAV4_灰色无耳_Tozaroa_新版设计V3.zip
Toyota_RAV4_淘汰版本备份_20260927/Toyota_RAV4_灰色无耳_Tozaroa_融合版V4.zip,assets/archive/backups/Toyota_RAV4_淘汰版本备份_20260927/Toyota_RAV4_灰色无耳_Tozaroa_融合版V4.zip
Tozaroa_灰色单层PEVA无耳车罩_完整提示词_v01.md,docs/prompts/Tozaroa_灰色单层PEVA无耳车罩_完整提示词_v01.md
ZONTAR_灰色无耳车罩_新项目提示词交接包_v1.0.zip,assets/archive/handoff/ZONTAR_灰色无耳车罩_新项目提示词交接包_v1.0.zip
aggregate_size_mapping.py,scripts/legacy/aggregate_size_mapping.py
audit_summary_sizes.py,scripts/legacy/audit_summary_sizes.py
build_landcruiser_package.py,pipelines/toyota_land_cruiser/10_build_package.py
build_landcruiser_spreadsheets.mjs,pipelines/toyota_land_cruiser/30_build_listing.mjs
build_logan_package.py,pipelines/renault_logan/10_build_images.py
build_logan_spreadsheets.mjs,pipelines/renault_logan/30_build_listing.mjs
build_rav4_package.py,scripts/legacy/build_rav4_package.py
build_rav4_redesign.py,scripts/legacy/build_rav4_redesign.py
build_rav4_v3.py,scripts/legacy/build_rav4_v3.py
build_rav4_v4.py,scripts/legacy/build_rav4_v4.py
build_rav4_v6.py,pipelines/toyota_rav4/10_build_images_v6.py
compare_workbooks.py,scripts/legacy/compare_workbooks.py
fix_lada2121_actual.mjs,scripts/legacy/fix_lada2121_actual.mjs
help_artifact_csv.mjs,scripts/legacy/help_artifact_csv.mjs
inspect_Ozon上架链接汇总.png,assets/archive/reports/inspect_Ozon上架链接汇总.png
inspect_landcruiser_targets.mjs,scripts/legacy/inspect_landcruiser_targets.mjs
inspect_ozon跨境一店.png,assets/archive/reports/inspect_ozon跨境一店.png
inspect_ozon跨境二店.png,assets/archive/reports/inspect_ozon跨境二店.png
inspect_rav4_listing_csv.mjs,scripts/legacy/inspect_rav4_listing_csv.mjs
inspect_size_mapping_headers.py,scripts/legacy/inspect_size_mapping_headers.py
inspect_tag_bank.py,scripts/legacy/inspect_tag_bank.py
inspect_tag_bank_artifact.mjs,scripts/legacy/inspect_tag_bank_artifact.mjs
inspect_workbooks.py,scripts/legacy/inspect_workbooks.py
inspect_模板.png,assets/archive/reports/inspect_模板.png
lookup_lada2121_sizes.py,scripts/legacy/lookup_lada2121_sizes.py
lookup_rav4_sizes.py,scripts/legacy/lookup_rav4_sizes.py
match_brand_model_sizes.py,scripts/legacy/match_brand_model_sizes.py
optimize_size_mapping_artifact.mjs,scripts/legacy/optimize_size_mapping_artifact.mjs
ozon1000排名.xlsx,assets/inputs/spreadsheets/ozon1000排名.xlsx
ozon汽车车罩搜索词词库 - - 副本.xlsx,assets/inputs/spreadsheets/ozon汽车车罩搜索词词库 - - 副本.xlsx
rav4_csv_after.png,assets/archive/reports/rav4_csv_after.png
rav4_csv_before.png,assets/archive/reports/rav4_csv_before.png
redesign_landcruiser_master.py,pipelines/toyota_land_cruiser/20_redesign_master.py
redesign_logan_fitment.py,pipelines/renault_logan/20_redesign_fitment.py
search_focus.py,scripts/legacy/search_focus.py
search_tag_bank_rav4.mjs,scripts/legacy/search_tag_bank_rav4.mjs
sync_listing_info.mjs,scripts/legacy/sync_listing_info.mjs
sync_rav4_artifact.mjs,pipelines/toyota_rav4/30_build_listing.mjs
update_rav4_listing_csv.mjs,pipelines/toyota_rav4/25_update_listing_tags.mjs
update_rav4_ys_actual.mjs,scripts/legacy/update_rav4_ys_actual.mjs
verify_in_place.py,scripts/legacy/verify_in_place.py
verify_landcruiser_delivery.py,scripts/legacy/verify_landcruiser_delivery.py
verify_landcruiser_files.ps1,scripts/legacy/verify_landcruiser_files.ps1
verify_landcruiser_redesign.ps1,scripts/legacy/verify_landcruiser_redesign.ps1
verify_rav4_actual_update.py,scripts/legacy/verify_rav4_actual_update.py
verify_rav4_listing_csv.mjs,scripts/legacy/verify_rav4_listing_csv.mjs
verify_rav4_sync.py,scripts/legacy/verify_rav4_sync.py
verify_size_optimization.py,scripts/legacy/verify_size_optimization.py
verify_sync.py,scripts/legacy/verify_sync.py
俄罗斯带销量数据_0928.xlsx,assets/inputs/spreadsheets/俄罗斯带销量数据_0928.xlsx
功能图标_雨雪阳光四季.png,assets/inputs/brand/功能图标_雨雪阳光四季.png
原图备份_平面视角_20260920/阶段01_两厢车副图/H_G01_秋冬停车总览_1086x1448.png,assets/archive/backups/原图备份_平面视角_20260920/阶段01_两厢车副图/H_G01_秋冬停车总览_1086x1448.png
原图备份_平面视角_20260920/阶段01_两厢车副图/H_G02_普通雨雪落叶情境_1086x1448.png,assets/archive/backups/原图备份_平面视角_20260920/阶段01_两厢车副图/H_G02_普通雨雪落叶情境_1086x1448.png
原图备份_平面视角_20260920/阶段01_两厢车副图/H_G03_无耳连续覆盖_1086x1448.png,assets/archive/backups/原图备份_平面视角_20260920/阶段01_两厢车副图/H_G03_无耳连续覆盖_1086x1448.png
原图备份_平面视角_20260920/阶段01_两厢车副图/H_G04_灰色单层材质_1086x1448.png,assets/archive/backups/原图备份_平面视角_20260920/阶段01_两厢车副图/H_G04_灰色单层材质_1086x1448.png
原图备份_平面视角_20260920/阶段01_两厢车副图/H_G05_三步安装_1086x1448.png,assets/archive/backups/原图备份_平面视角_20260920/阶段01_两厢车副图/H_G05_三步安装_1086x1448.png
原图备份_平面视角_20260920/阶段01_两厢车副图/H_G06_维护收纳_1086x1448.png,assets/archive/backups/原图备份_平面视角_20260920/阶段01_两厢车副图/H_G06_维护收纳_1086x1448.png
原图备份_平面视角_20260920/阶段01_两厢车副图/H_G07_两种停车环境_1086x1448.png,assets/archive/backups/原图备份_平面视角_20260920/阶段01_两厢车副图/H_G07_两种停车环境_1086x1448.png
原图备份_平面视角_20260920/阶段01_两厢车副图/H_G08_购买前核对_1086x1448.png,assets/archive/backups/原图备份_平面视角_20260920/阶段01_两厢车副图/H_G08_购买前核对_1086x1448.png
原图备份_平面视角_20260920/阶段02_两厢车A+/01_PC端_5张/H_A01P_女性品牌海报_1410x708.png,assets/archive/backups/原图备份_平面视角_20260920/阶段02_两厢车A+/01_PC端_5张/H_A01P_女性品牌海报_1410x708.png
原图备份_平面视角_20260920/阶段02_两厢车A+/01_PC端_5张/H_A02P_表面纹理对比_1410x708.png,assets/archive/backups/原图备份_平面视角_20260920/阶段02_两厢车A+/01_PC端_5张/H_A02P_表面纹理对比_1410x708.png
原图备份_平面视角_20260920/阶段02_两厢车A+/01_PC端_5张/H_A03P_自然余量_1410x708.png,assets/archive/backups/原图备份_平面视角_20260920/阶段02_两厢车A+/01_PC端_5张/H_A03P_自然余量_1410x708.png
原图备份_平面视角_20260920/阶段02_两厢车A+/01_PC端_5张/H_A04P_车主一天_1410x708.png,assets/archive/backups/原图备份_平面视角_20260920/阶段02_两厢车A+/01_PC端_5张/H_A04P_车主一天_1410x708.png
原图备份_平面视角_20260920/阶段02_两厢车A+/01_PC端_5张/H_A05P_选购使用导览_1410x708.png,assets/archive/backups/原图备份_平面视角_20260920/阶段02_两厢车A+/01_PC端_5张/H_A05P_选购使用导览_1410x708.png
原图备份_平面视角_20260920/阶段02_两厢车A+/02_手机端_5张/H_A01M_女性品牌海报_640x640.png,assets/archive/backups/原图备份_平面视角_20260920/阶段02_两厢车A+/02_手机端_5张/H_A01M_女性品牌海报_640x640.png
原图备份_平面视角_20260920/阶段02_两厢车A+/02_手机端_5张/H_A02M_表面纹理对比_640x640.png,assets/archive/backups/原图备份_平面视角_20260920/阶段02_两厢车A+/02_手机端_5张/H_A02M_表面纹理对比_640x640.png
原图备份_平面视角_20260920/阶段02_两厢车A+/02_手机端_5张/H_A03M_自然余量_640x640.png,assets/archive/backups/原图备份_平面视角_20260920/阶段02_两厢车A+/02_手机端_5张/H_A03M_自然余量_640x640.png
原图备份_平面视角_20260920/阶段02_两厢车A+/02_手机端_5张/H_A04M_车主一天_640x640.png,assets/archive/backups/原图备份_平面视角_20260920/阶段02_两厢车A+/02_手机端_5张/H_A04M_车主一天_640x640.png
原图备份_平面视角_20260920/阶段02_两厢车A+/02_手机端_5张/H_A05M_选购使用导览_640x640.png,assets/archive/backups/原图备份_平面视角_20260920/阶段02_两厢车A+/02_手机端_5张/H_A05M_选购使用导览_640x640.png
原图备份_平面视角_20260920/阶段02_两厢车A+/03_生成原图/H_A01M_女性品牌海报_原图.png,assets/archive/backups/原图备份_平面视角_20260920/阶段02_两厢车A+/03_生成原图/H_A01M_女性品牌海报_原图.png
原图备份_平面视角_20260920/阶段02_两厢车A+/03_生成原图/H_A01P_女性品牌海报_原图.png,assets/archive/backups/原图备份_平面视角_20260920/阶段02_两厢车A+/03_生成原图/H_A01P_女性品牌海报_原图.png
原图备份_平面视角_20260920/阶段02_两厢车A+/03_生成原图/H_A02M_表面纹理对比_原图.png,assets/archive/backups/原图备份_平面视角_20260920/阶段02_两厢车A+/03_生成原图/H_A02M_表面纹理对比_原图.png
原图备份_平面视角_20260920/阶段02_两厢车A+/03_生成原图/H_A02P_表面纹理对比_原图.png,assets/archive/backups/原图备份_平面视角_20260920/阶段02_两厢车A+/03_生成原图/H_A02P_表面纹理对比_原图.png
原图备份_平面视角_20260920/阶段02_两厢车A+/03_生成原图/H_A03M_自然余量_原图.png,assets/archive/backups/原图备份_平面视角_20260920/阶段02_两厢车A+/03_生成原图/H_A03M_自然余量_原图.png
原图备份_平面视角_20260920/阶段02_两厢车A+/03_生成原图/H_A03P_自然余量_原图.png,assets/archive/backups/原图备份_平面视角_20260920/阶段02_两厢车A+/03_生成原图/H_A03P_自然余量_原图.png
原图备份_平面视角_20260920/阶段02_两厢车A+/03_生成原图/H_A04M_车主一天_原图.png,assets/archive/backups/原图备份_平面视角_20260920/阶段02_两厢车A+/03_生成原图/H_A04M_车主一天_原图.png
原图备份_平面视角_20260920/阶段02_两厢车A+/03_生成原图/H_A04P_车主一天_原图.png,assets/archive/backups/原图备份_平面视角_20260920/阶段02_两厢车A+/03_生成原图/H_A04P_车主一天_原图.png
原图备份_平面视角_20260920/阶段02_两厢车A+/03_生成原图/H_A05M_选购使用导览_原图.png,assets/archive/backups/原图备份_平面视角_20260920/阶段02_两厢车A+/03_生成原图/H_A05M_选购使用导览_原图.png
原图备份_平面视角_20260920/阶段02_两厢车A+/03_生成原图/H_A05P_选购使用导览_原图.png,assets/archive/backups/原图备份_平面视角_20260920/阶段02_两厢车A+/03_生成原图/H_A05P_选购使用导览_原图.png
原图备份_平面视角_20260920/阶段03_跑车副图/C_G01_秋冬停车总览_1086x1448.png,assets/archive/backups/原图备份_平面视角_20260920/阶段03_跑车副图/C_G01_秋冬停车总览_1086x1448.png
原图备份_平面视角_20260920/阶段03_跑车副图/C_G02_普通雨雪落叶情境_1086x1448.png,assets/archive/backups/原图备份_平面视角_20260920/阶段03_跑车副图/C_G02_普通雨雪落叶情境_1086x1448.png
原图备份_平面视角_20260920/阶段03_跑车副图/C_G03_无耳连续覆盖_1086x1448.png,assets/archive/backups/原图备份_平面视角_20260920/阶段03_跑车副图/C_G03_无耳连续覆盖_1086x1448.png
原图备份_平面视角_20260920/阶段03_跑车副图/C_G04_灰色单层材质_1086x1448.png,assets/archive/backups/原图备份_平面视角_20260920/阶段03_跑车副图/C_G04_灰色单层材质_1086x1448.png
原图备份_平面视角_20260920/阶段03_跑车副图/C_G05_三步安装_1086x1448.png,assets/archive/backups/原图备份_平面视角_20260920/阶段03_跑车副图/C_G05_三步安装_1086x1448.png
原图备份_平面视角_20260920/阶段03_跑车副图/C_G06_维护收纳_1086x1448.png,assets/archive/backups/原图备份_平面视角_20260920/阶段03_跑车副图/C_G06_维护收纳_1086x1448.png
原图备份_平面视角_20260920/阶段03_跑车副图/C_G07_两种停车环境_1086x1448.png,assets/archive/backups/原图备份_平面视角_20260920/阶段03_跑车副图/C_G07_两种停车环境_1086x1448.png
原图备份_平面视角_20260920/阶段03_跑车副图/C_G08_购买前核对_1086x1448.png,assets/archive/backups/原图备份_平面视角_20260920/阶段03_跑车副图/C_G08_购买前核对_1086x1448.png
原图备份_平面视角_20260920/阶段04_跑车A+/01_PC端_5张/C_A01P_女性品牌海报_1410x708.png,assets/archive/backups/原图备份_平面视角_20260920/阶段04_跑车A+/01_PC端_5张/C_A01P_女性品牌海报_1410x708.png
原图备份_平面视角_20260920/阶段04_跑车A+/01_PC端_5张/C_A02P_表面纹理对比_1410x708.png,assets/archive/backups/原图备份_平面视角_20260920/阶段04_跑车A+/01_PC端_5张/C_A02P_表面纹理对比_1410x708.png
原图备份_平面视角_20260920/阶段04_跑车A+/01_PC端_5张/C_A03P_自然余量_1410x708.png,assets/archive/backups/原图备份_平面视角_20260920/阶段04_跑车A+/01_PC端_5张/C_A03P_自然余量_1410x708.png
原图备份_平面视角_20260920/阶段04_跑车A+/01_PC端_5张/C_A04P_车主一天_1410x708.png,assets/archive/backups/原图备份_平面视角_20260920/阶段04_跑车A+/01_PC端_5张/C_A04P_车主一天_1410x708.png
原图备份_平面视角_20260920/阶段04_跑车A+/01_PC端_5张/C_A05P_选购使用导览_1410x708.png,assets/archive/backups/原图备份_平面视角_20260920/阶段04_跑车A+/01_PC端_5张/C_A05P_选购使用导览_1410x708.png
原图备份_平面视角_20260920/阶段04_跑车A+/02_手机端_5张/C_A01M_女性品牌海报_640x640.png,assets/archive/backups/原图备份_平面视角_20260920/阶段04_跑车A+/02_手机端_5张/C_A01M_女性品牌海报_640x640.png
原图备份_平面视角_20260920/阶段04_跑车A+/02_手机端_5张/C_A02M_表面纹理对比_640x640.png,assets/archive/backups/原图备份_平面视角_20260920/阶段04_跑车A+/02_手机端_5张/C_A02M_表面纹理对比_640x640.png
原图备份_平面视角_20260920/阶段04_跑车A+/02_手机端_5张/C_A03M_自然余量_640x640.png,assets/archive/backups/原图备份_平面视角_20260920/阶段04_跑车A+/02_手机端_5张/C_A03M_自然余量_640x640.png
原图备份_平面视角_20260920/阶段04_跑车A+/02_手机端_5张/C_A04M_车主一天_640x640.png,assets/archive/backups/原图备份_平面视角_20260920/阶段04_跑车A+/02_手机端_5张/C_A04M_车主一天_640x640.png
原图备份_平面视角_20260920/阶段04_跑车A+/02_手机端_5张/C_A05M_选购使用导览_640x640.png,assets/archive/backups/原图备份_平面视角_20260920/阶段04_跑车A+/02_手机端_5张/C_A05M_选购使用导览_640x640.png
原图备份_平面视角_20260920/阶段04_跑车A+/03_生成原图/C_A01M_女性品牌海报_原图.png,assets/archive/backups/原图备份_平面视角_20260920/阶段04_跑车A+/03_生成原图/C_A01M_女性品牌海报_原图.png
原图备份_平面视角_20260920/阶段04_跑车A+/03_生成原图/C_A01P_女性品牌海报_原图.png,assets/archive/backups/原图备份_平面视角_20260920/阶段04_跑车A+/03_生成原图/C_A01P_女性品牌海报_原图.png
原图备份_平面视角_20260920/阶段04_跑车A+/03_生成原图/C_A02M_表面纹理对比_原图.png,assets/archive/backups/原图备份_平面视角_20260920/阶段04_跑车A+/03_生成原图/C_A02M_表面纹理对比_原图.png
原图备份_平面视角_20260920/阶段04_跑车A+/03_生成原图/C_A02P_表面纹理对比_原图.png,assets/archive/backups/原图备份_平面视角_20260920/阶段04_跑车A+/03_生成原图/C_A02P_表面纹理对比_原图.png
原图备份_平面视角_20260920/阶段04_跑车A+/03_生成原图/C_A03M_自然余量_原图.png,assets/archive/backups/原图备份_平面视角_20260920/阶段04_跑车A+/03_生成原图/C_A03M_自然余量_原图.png
原图备份_平面视角_20260920/阶段04_跑车A+/03_生成原图/C_A03P_自然余量_原图.png,assets/archive/backups/原图备份_平面视角_20260920/阶段04_跑车A+/03_生成原图/C_A03P_自然余量_原图.png
原图备份_平面视角_20260920/阶段04_跑车A+/03_生成原图/C_A04M_车主一天_原图.png,assets/archive/backups/原图备份_平面视角_20260920/阶段04_跑车A+/03_生成原图/C_A04M_车主一天_原图.png
原图备份_平面视角_20260920/阶段04_跑车A+/03_生成原图/C_A04P_车主一天_原图.png,assets/archive/backups/原图备份_平面视角_20260920/阶段04_跑车A+/03_生成原图/C_A04P_车主一天_原图.png
原图备份_平面视角_20260920/阶段04_跑车A+/03_生成原图/C_A05M_选购使用导览_原图.png,assets/archive/backups/原图备份_平面视角_20260920/阶段04_跑车A+/03_生成原图/C_A05M_选购使用导览_原图.png
原图备份_平面视角_20260920/阶段04_跑车A+/03_生成原图/C_A05P_选购使用导览_原图.png,assets/archive/backups/原图备份_平面视角_20260920/阶段04_跑车A+/03_生成原图/C_A05P_选购使用导览_原图.png
原图备份_平面视角_20260920/阶段05_皮卡副图/P_G01_秋冬停车总览_1086x1448.png,assets/archive/backups/原图备份_平面视角_20260920/阶段05_皮卡副图/P_G01_秋冬停车总览_1086x1448.png
原图备份_平面视角_20260920/阶段05_皮卡副图/P_G02_普通雨雪落叶情境_1086x1448.png,assets/archive/backups/原图备份_平面视角_20260920/阶段05_皮卡副图/P_G02_普通雨雪落叶情境_1086x1448.png
原图备份_平面视角_20260920/阶段05_皮卡副图/P_G03_无耳连续覆盖_1086x1448.png,assets/archive/backups/原图备份_平面视角_20260920/阶段05_皮卡副图/P_G03_无耳连续覆盖_1086x1448.png
原图备份_平面视角_20260920/阶段05_皮卡副图/P_G04_灰色单层材质_1086x1448.png,assets/archive/backups/原图备份_平面视角_20260920/阶段05_皮卡副图/P_G04_灰色单层材质_1086x1448.png
原图备份_平面视角_20260920/阶段05_皮卡副图/P_G05_三步安装_1086x1448.png,assets/archive/backups/原图备份_平面视角_20260920/阶段05_皮卡副图/P_G05_三步安装_1086x1448.png
原图备份_平面视角_20260920/阶段05_皮卡副图/P_G06_维护收纳_1086x1448.png,assets/archive/backups/原图备份_平面视角_20260920/阶段05_皮卡副图/P_G06_维护收纳_1086x1448.png
原图备份_平面视角_20260920/阶段05_皮卡副图/P_G07_两种停车环境_1086x1448.png,assets/archive/backups/原图备份_平面视角_20260920/阶段05_皮卡副图/P_G07_两种停车环境_1086x1448.png
原图备份_平面视角_20260920/阶段05_皮卡副图/P_G08_购买前车型核对_1086x1448.png,assets/archive/backups/原图备份_平面视角_20260920/阶段05_皮卡副图/P_G08_购买前车型核对_1086x1448.png
原图备份_平面视角_20260920/阶段06_皮卡A+/01_PC端_5张/P_A01P_女性品牌海报_1410x708.png,assets/archive/backups/原图备份_平面视角_20260920/阶段06_皮卡A+/01_PC端_5张/P_A01P_女性品牌海报_1410x708.png
原图备份_平面视角_20260920/阶段06_皮卡A+/01_PC端_5张/P_A02P_表面纹理对比_1410x708.png,assets/archive/backups/原图备份_平面视角_20260920/阶段06_皮卡A+/01_PC端_5张/P_A02P_表面纹理对比_1410x708.png
原图备份_平面视角_20260920/阶段06_皮卡A+/01_PC端_5张/P_A03P_自然余量_1410x708.png,assets/archive/backups/原图备份_平面视角_20260920/阶段06_皮卡A+/01_PC端_5张/P_A03P_自然余量_1410x708.png
原图备份_平面视角_20260920/阶段06_皮卡A+/01_PC端_5张/P_A04P_车主一天_1410x708.png,assets/archive/backups/原图备份_平面视角_20260920/阶段06_皮卡A+/01_PC端_5张/P_A04P_车主一天_1410x708.png
原图备份_平面视角_20260920/阶段06_皮卡A+/01_PC端_5张/P_A05P_选购使用导览_1410x708.png,assets/archive/backups/原图备份_平面视角_20260920/阶段06_皮卡A+/01_PC端_5张/P_A05P_选购使用导览_1410x708.png
原图备份_平面视角_20260920/阶段06_皮卡A+/02_手机端_5张/P_A01M_女性品牌海报_640x640.png,assets/archive/backups/原图备份_平面视角_20260920/阶段06_皮卡A+/02_手机端_5张/P_A01M_女性品牌海报_640x640.png
原图备份_平面视角_20260920/阶段06_皮卡A+/02_手机端_5张/P_A02M_表面纹理对比_640x640.png,assets/archive/backups/原图备份_平面视角_20260920/阶段06_皮卡A+/02_手机端_5张/P_A02M_表面纹理对比_640x640.png
原图备份_平面视角_20260920/阶段06_皮卡A+/02_手机端_5张/P_A03M_自然余量_640x640.png,assets/archive/backups/原图备份_平面视角_20260920/阶段06_皮卡A+/02_手机端_5张/P_A03M_自然余量_640x640.png
原图备份_平面视角_20260920/阶段06_皮卡A+/02_手机端_5张/P_A04M_车主一天_640x640.png,assets/archive/backups/原图备份_平面视角_20260920/阶段06_皮卡A+/02_手机端_5张/P_A04M_车主一天_640x640.png
原图备份_平面视角_20260920/阶段06_皮卡A+/02_手机端_5张/P_A05M_选购使用导览_640x640.png,assets/archive/backups/原图备份_平面视角_20260920/阶段06_皮卡A+/02_手机端_5张/P_A05M_选购使用导览_640x640.png
原图备份_平面视角_20260920/阶段06_皮卡A+/03_生成原图/P_A01M_女性品牌海报_原图.png,assets/archive/backups/原图备份_平面视角_20260920/阶段06_皮卡A+/03_生成原图/P_A01M_女性品牌海报_原图.png
原图备份_平面视角_20260920/阶段06_皮卡A+/03_生成原图/P_A01P_女性品牌海报_原图.png,assets/archive/backups/原图备份_平面视角_20260920/阶段06_皮卡A+/03_生成原图/P_A01P_女性品牌海报_原图.png
原图备份_平面视角_20260920/阶段06_皮卡A+/03_生成原图/P_A02M_表面纹理对比_原图.png,assets/archive/backups/原图备份_平面视角_20260920/阶段06_皮卡A+/03_生成原图/P_A02M_表面纹理对比_原图.png
原图备份_平面视角_20260920/阶段06_皮卡A+/03_生成原图/P_A02P_表面纹理对比_原图.png,assets/archive/backups/原图备份_平面视角_20260920/阶段06_皮卡A+/03_生成原图/P_A02P_表面纹理对比_原图.png
原图备份_平面视角_20260920/阶段06_皮卡A+/03_生成原图/P_A03M_自然余量_原图.png,assets/archive/backups/原图备份_平面视角_20260920/阶段06_皮卡A+/03_生成原图/P_A03M_自然余量_原图.png
原图备份_平面视角_20260920/阶段06_皮卡A+/03_生成原图/P_A03P_自然余量_原图.png,assets/archive/backups/原图备份_平面视角_20260920/阶段06_皮卡A+/03_生成原图/P_A03P_自然余量_原图.png
原图备份_平面视角_20260920/阶段06_皮卡A+/03_生成原图/P_A04M_车主一天_原图.png,assets/archive/backups/原图备份_平面视角_20260920/阶段06_皮卡A+/03_生成原图/P_A04M_车主一天_原图.png
原图备份_平面视角_20260920/阶段06_皮卡A+/03_生成原图/P_A04P_车主一天_原图.png,assets/archive/backups/原图备份_平面视角_20260920/阶段06_皮卡A+/03_生成原图/P_A04P_车主一天_原图.png
原图备份_平面视角_20260920/阶段06_皮卡A+/03_生成原图/P_A05M_选购使用导览_原图.png,assets/archive/backups/原图备份_平面视角_20260920/阶段06_皮卡A+/03_生成原图/P_A05M_选购使用导览_原图.png
原图备份_平面视角_20260920/阶段06_皮卡A+/03_生成原图/P_A05P_选购使用导览_原图.png,assets/archive/backups/原图备份_平面视角_20260920/阶段06_皮卡A+/03_生成原图/P_A05P_选购使用导览_原图.png
原图备份_平面视角_20260920/阶段07_三厢车副图/S_G01_秋冬停车总览_1086x1448.png,assets/archive/backups/原图备份_平面视角_20260920/阶段07_三厢车副图/S_G01_秋冬停车总览_1086x1448.png
原图备份_平面视角_20260920/阶段07_三厢车副图/S_G02_普通雨雪落叶情境_1086x1448.png,assets/archive/backups/原图备份_平面视角_20260920/阶段07_三厢车副图/S_G02_普通雨雪落叶情境_1086x1448.png
原图备份_平面视角_20260920/阶段07_三厢车副图/S_G03_无耳连续覆盖_1086x1448.png,assets/archive/backups/原图备份_平面视角_20260920/阶段07_三厢车副图/S_G03_无耳连续覆盖_1086x1448.png
原图备份_平面视角_20260920/阶段07_三厢车副图/S_G04_灰色单层材质_1086x1448.png,assets/archive/backups/原图备份_平面视角_20260920/阶段07_三厢车副图/S_G04_灰色单层材质_1086x1448.png
原图备份_平面视角_20260920/阶段07_三厢车副图/S_G05_三步安装_1086x1448.png,assets/archive/backups/原图备份_平面视角_20260920/阶段07_三厢车副图/S_G05_三步安装_1086x1448.png
原图备份_平面视角_20260920/阶段07_三厢车副图/S_G06_维护收纳_1086x1448.png,assets/archive/backups/原图备份_平面视角_20260920/阶段07_三厢车副图/S_G06_维护收纳_1086x1448.png
原图备份_平面视角_20260920/阶段07_三厢车副图/S_G07_两种停车环境_1086x1448.png,assets/archive/backups/原图备份_平面视角_20260920/阶段07_三厢车副图/S_G07_两种停车环境_1086x1448.png
原图备份_平面视角_20260920/阶段07_三厢车副图/S_G08_购买前车型核对_1086x1448.png,assets/archive/backups/原图备份_平面视角_20260920/阶段07_三厢车副图/S_G08_购买前车型核对_1086x1448.png
原图备份_平面视角_20260920/阶段08_三厢车A+/01_PC端_5张/S_A01P_女性品牌海报_1410x708.png,assets/archive/backups/原图备份_平面视角_20260920/阶段08_三厢车A+/01_PC端_5张/S_A01P_女性品牌海报_1410x708.png
原图备份_平面视角_20260920/阶段08_三厢车A+/01_PC端_5张/S_A02P_表面纹理对比_1410x708.png,assets/archive/backups/原图备份_平面视角_20260920/阶段08_三厢车A+/01_PC端_5张/S_A02P_表面纹理对比_1410x708.png
原图备份_平面视角_20260920/阶段08_三厢车A+/01_PC端_5张/S_A03P_自然余量_1410x708.png,assets/archive/backups/原图备份_平面视角_20260920/阶段08_三厢车A+/01_PC端_5张/S_A03P_自然余量_1410x708.png
原图备份_平面视角_20260920/阶段08_三厢车A+/01_PC端_5张/S_A04P_车主一天_1410x708.png,assets/archive/backups/原图备份_平面视角_20260920/阶段08_三厢车A+/01_PC端_5张/S_A04P_车主一天_1410x708.png
原图备份_平面视角_20260920/阶段08_三厢车A+/01_PC端_5张/S_A05P_选购使用导览_1410x708.png,assets/archive/backups/原图备份_平面视角_20260920/阶段08_三厢车A+/01_PC端_5张/S_A05P_选购使用导览_1410x708.png
原图备份_平面视角_20260920/阶段08_三厢车A+/02_手机端_5张/S_A01M_女性品牌海报_640x640.png,assets/archive/backups/原图备份_平面视角_20260920/阶段08_三厢车A+/02_手机端_5张/S_A01M_女性品牌海报_640x640.png
原图备份_平面视角_20260920/阶段08_三厢车A+/02_手机端_5张/S_A02M_表面纹理对比_640x640.png,assets/archive/backups/原图备份_平面视角_20260920/阶段08_三厢车A+/02_手机端_5张/S_A02M_表面纹理对比_640x640.png
原图备份_平面视角_20260920/阶段08_三厢车A+/02_手机端_5张/S_A03M_自然余量_640x640.png,assets/archive/backups/原图备份_平面视角_20260920/阶段08_三厢车A+/02_手机端_5张/S_A03M_自然余量_640x640.png
原图备份_平面视角_20260920/阶段08_三厢车A+/02_手机端_5张/S_A04M_车主一天_640x640.png,assets/archive/backups/原图备份_平面视角_20260920/阶段08_三厢车A+/02_手机端_5张/S_A04M_车主一天_640x640.png
原图备份_平面视角_20260920/阶段08_三厢车A+/02_手机端_5张/S_A05M_选购使用导览_640x640.png,assets/archive/backups/原图备份_平面视角_20260920/阶段08_三厢车A+/02_手机端_5张/S_A05M_选购使用导览_640x640.png
原图备份_平面视角_20260920/阶段08_三厢车A+/03_生成原图/S_A01M_女性品牌海报_原图.png,assets/archive/backups/原图备份_平面视角_20260920/阶段08_三厢车A+/03_生成原图/S_A01M_女性品牌海报_原图.png
原图备份_平面视角_20260920/阶段08_三厢车A+/03_生成原图/S_A01P_女性品牌海报_原图.png,assets/archive/backups/原图备份_平面视角_20260920/阶段08_三厢车A+/03_生成原图/S_A01P_女性品牌海报_原图.png
原图备份_平面视角_20260920/阶段08_三厢车A+/03_生成原图/S_A02M_表面纹理对比_原图.png,assets/archive/backups/原图备份_平面视角_20260920/阶段08_三厢车A+/03_生成原图/S_A02M_表面纹理对比_原图.png
原图备份_平面视角_20260920/阶段08_三厢车A+/03_生成原图/S_A02P_表面纹理对比_原图.png,assets/archive/backups/原图备份_平面视角_20260920/阶段08_三厢车A+/03_生成原图/S_A02P_表面纹理对比_原图.png
原图备份_平面视角_20260920/阶段08_三厢车A+/03_生成原图/S_A03M_自然余量_原图.png,assets/archive/backups/原图备份_平面视角_20260920/阶段08_三厢车A+/03_生成原图/S_A03M_自然余量_原图.png
原图备份_平面视角_20260920/阶段08_三厢车A+/03_生成原图/S_A03P_自然余量_原图.png,assets/archive/backups/原图备份_平面视角_20260920/阶段08_三厢车A+/03_生成原图/S_A03P_自然余量_原图.png
原图备份_平面视角_20260920/阶段08_三厢车A+/03_生成原图/S_A04M_车主一天_原图.png,assets/archive/backups/原图备份_平面视角_20260920/阶段08_三厢车A+/03_生成原图/S_A04M_车主一天_原图.png
原图备份_平面视角_20260920/阶段08_三厢车A+/03_生成原图/S_A04P_车主一天_原图.png,assets/archive/backups/原图备份_平面视角_20260920/阶段08_三厢车A+/03_生成原图/S_A04P_车主一天_原图.png
原图备份_平面视角_20260920/阶段08_三厢车A+/03_生成原图/S_A05M_选购使用导览_原图.png,assets/archive/backups/原图备份_平面视角_20260920/阶段08_三厢车A+/03_生成原图/S_A05M_选购使用导览_原图.png
原图备份_平面视角_20260920/阶段08_三厢车A+/03_生成原图/S_A05P_选购使用导览_原图.png,assets/archive/backups/原图备份_平面视角_20260920/阶段08_三厢车A+/03_生成原图/S_A05P_选购使用导览_原图.png
原图备份_平面视角_20260920/阶段09_越野车副图/U_G01_秋冬停车总览_1086x1448.png,assets/archive/backups/原图备份_平面视角_20260920/阶段09_越野车副图/U_G01_秋冬停车总览_1086x1448.png
原图备份_平面视角_20260920/阶段09_越野车副图/U_G02_普通雨雪落叶情境_1086x1448.png,assets/archive/backups/原图备份_平面视角_20260920/阶段09_越野车副图/U_G02_普通雨雪落叶情境_1086x1448.png
原图备份_平面视角_20260920/阶段09_越野车副图/U_G03_无耳连续覆盖_1086x1448.png,assets/archive/backups/原图备份_平面视角_20260920/阶段09_越野车副图/U_G03_无耳连续覆盖_1086x1448.png
原图备份_平面视角_20260920/阶段09_越野车副图/U_G04_灰色单层材质_1086x1448.png,assets/archive/backups/原图备份_平面视角_20260920/阶段09_越野车副图/U_G04_灰色单层材质_1086x1448.png
原图备份_平面视角_20260920/阶段09_越野车副图/U_G05_三步安装_1086x1448.png,assets/archive/backups/原图备份_平面视角_20260920/阶段09_越野车副图/U_G05_三步安装_1086x1448.png
原图备份_平面视角_20260920/阶段09_越野车副图/U_G06_维护收纳_1086x1448.png,assets/archive/backups/原图备份_平面视角_20260920/阶段09_越野车副图/U_G06_维护收纳_1086x1448.png
原图备份_平面视角_20260920/阶段09_越野车副图/U_G07_两种停车环境_1086x1448.png,assets/archive/backups/原图备份_平面视角_20260920/阶段09_越野车副图/U_G07_两种停车环境_1086x1448.png
原图备份_平面视角_20260920/阶段09_越野车副图/U_G08_购买前车型核对_1086x1448.png,assets/archive/backups/原图备份_平面视角_20260920/阶段09_越野车副图/U_G08_购买前车型核对_1086x1448.png
原图备份_平面视角_20260920/阶段10_越野车A+/01_PC端_5张/U_A01P_女性品牌海报_1410x708.png,assets/archive/backups/原图备份_平面视角_20260920/阶段10_越野车A+/01_PC端_5张/U_A01P_女性品牌海报_1410x708.png
原图备份_平面视角_20260920/阶段10_越野车A+/01_PC端_5张/U_A02P_表面纹理对比_1410x708.png,assets/archive/backups/原图备份_平面视角_20260920/阶段10_越野车A+/01_PC端_5张/U_A02P_表面纹理对比_1410x708.png
原图备份_平面视角_20260920/阶段10_越野车A+/01_PC端_5张/U_A03P_自然余量_1410x708.png,assets/archive/backups/原图备份_平面视角_20260920/阶段10_越野车A+/01_PC端_5张/U_A03P_自然余量_1410x708.png
原图备份_平面视角_20260920/阶段10_越野车A+/01_PC端_5张/U_A04P_车主一天_1410x708.png,assets/archive/backups/原图备份_平面视角_20260920/阶段10_越野车A+/01_PC端_5张/U_A04P_车主一天_1410x708.png
原图备份_平面视角_20260920/阶段10_越野车A+/01_PC端_5张/U_A05P_选购使用导览_1410x708.png,assets/archive/backups/原图备份_平面视角_20260920/阶段10_越野车A+/01_PC端_5张/U_A05P_选购使用导览_1410x708.png
原图备份_平面视角_20260920/阶段10_越野车A+/02_手机端_5张/U_A01M_女性品牌海报_640x640.png,assets/archive/backups/原图备份_平面视角_20260920/阶段10_越野车A+/02_手机端_5张/U_A01M_女性品牌海报_640x640.png
原图备份_平面视角_20260920/阶段10_越野车A+/02_手机端_5张/U_A02M_表面纹理对比_640x640.png,assets/archive/backups/原图备份_平面视角_20260920/阶段10_越野车A+/02_手机端_5张/U_A02M_表面纹理对比_640x640.png
原图备份_平面视角_20260920/阶段10_越野车A+/02_手机端_5张/U_A03M_自然余量_640x640.png,assets/archive/backups/原图备份_平面视角_20260920/阶段10_越野车A+/02_手机端_5张/U_A03M_自然余量_640x640.png
原图备份_平面视角_20260920/阶段10_越野车A+/02_手机端_5张/U_A04M_车主一天_640x640.png,assets/archive/backups/原图备份_平面视角_20260920/阶段10_越野车A+/02_手机端_5张/U_A04M_车主一天_640x640.png
原图备份_平面视角_20260920/阶段10_越野车A+/02_手机端_5张/U_A05M_选购使用导览_640x640.png,assets/archive/backups/原图备份_平面视角_20260920/阶段10_越野车A+/02_手机端_5张/U_A05M_选购使用导览_640x640.png
原图备份_平面视角_20260920/阶段10_越野车A+/03_生成原图/U_A01M_女性品牌海报_原图.png,assets/archive/backups/原图备份_平面视角_20260920/阶段10_越野车A+/03_生成原图/U_A01M_女性品牌海报_原图.png
原图备份_平面视角_20260920/阶段10_越野车A+/03_生成原图/U_A01P_女性品牌海报_原图.png,assets/archive/backups/原图备份_平面视角_20260920/阶段10_越野车A+/03_生成原图/U_A01P_女性品牌海报_原图.png
原图备份_平面视角_20260920/阶段10_越野车A+/03_生成原图/U_A02M_表面纹理对比_原图.png,assets/archive/backups/原图备份_平面视角_20260920/阶段10_越野车A+/03_生成原图/U_A02M_表面纹理对比_原图.png
原图备份_平面视角_20260920/阶段10_越野车A+/03_生成原图/U_A02P_表面纹理对比_原图.png,assets/archive/backups/原图备份_平面视角_20260920/阶段10_越野车A+/03_生成原图/U_A02P_表面纹理对比_原图.png
原图备份_平面视角_20260920/阶段10_越野车A+/03_生成原图/U_A03M_自然余量_原图.png,assets/archive/backups/原图备份_平面视角_20260920/阶段10_越野车A+/03_生成原图/U_A03M_自然余量_原图.png
原图备份_平面视角_20260920/阶段10_越野车A+/03_生成原图/U_A03P_自然余量_原图.png,assets/archive/backups/原图备份_平面视角_20260920/阶段10_越野车A+/03_生成原图/U_A03P_自然余量_原图.png
原图备份_平面视角_20260920/阶段10_越野车A+/03_生成原图/U_A04M_车主一天_原图.png,assets/archive/backups/原图备份_平面视角_20260920/阶段10_越野车A+/03_生成原图/U_A04M_车主一天_原图.png
原图备份_平面视角_20260920/阶段10_越野车A+/03_生成原图/U_A04P_车主一天_原图.png,assets/archive/backups/原图备份_平面视角_20260920/阶段10_越野车A+/03_生成原图/U_A04P_车主一天_原图.png
原图备份_平面视角_20260920/阶段10_越野车A+/03_生成原图/U_A05M_选购使用导览_原图.png,assets/archive/backups/原图备份_平面视角_20260920/阶段10_越野车A+/03_生成原图/U_A05M_选购使用导览_原图.png
原图备份_平面视角_20260920/阶段10_越野车A+/03_生成原图/U_A05P_选购使用导览_原图.png,assets/archive/backups/原图备份_平面视角_20260920/阶段10_越野车A+/03_生成原图/U_A05P_选购使用导览_原图.png
同步前_汇总尾部.png,assets/archive/reports/同步前_汇总尾部.png
同步后_汇总尾部.png,assets/archive/reports/同步后_汇总尾部.png
尺码优化_一店预览.png,assets/archive/reports/尺码优化_一店预览.png
汽车罩官方上架模板_RAV4_候选.xlsx,assets/archive/spreadsheets/official_template/汽车罩官方上架模板_RAV4_候选.xlsx
汽车罩官方上架模板_RAV4_候选.xlsx.inspect.ndjson,assets/archive/spreadsheets/official_template/汽车罩官方上架模板_RAV4_候选.xlsx.inspect.ndjson
汽车罩官方上架模板_写回前备份.xlsx,assets/archive/spreadsheets/official_template/汽车罩官方上架模板_写回前备份.xlsx
汽车车罩标签词 - 副本.xlsx,assets/inputs/spreadsheets/汽车车罩标签词 - 副本.xlsx
阶段01_两厢车副图/H_G01_秋冬停车总览_1086x1448.png,assets/inputs/category_library/阶段01_两厢车副图/H_G01_秋冬停车总览_1086x1448.png
阶段01_两厢车副图/H_G02_普通雨雪落叶情境_1086x1448.png,assets/inputs/category_library/阶段01_两厢车副图/H_G02_普通雨雪落叶情境_1086x1448.png
阶段01_两厢车副图/H_G03_无耳连续覆盖_1086x1448.png,assets/inputs/category_library/阶段01_两厢车副图/H_G03_无耳连续覆盖_1086x1448.png
阶段01_两厢车副图/H_G04_灰色单层材质_1086x1448.png,assets/inputs/category_library/阶段01_两厢车副图/H_G04_灰色单层材质_1086x1448.png
阶段01_两厢车副图/H_G05_三步安装_1086x1448.png,assets/inputs/category_library/阶段01_两厢车副图/H_G05_三步安装_1086x1448.png
阶段01_两厢车副图/H_G06_维护收纳_1086x1448.png,assets/inputs/category_library/阶段01_两厢车副图/H_G06_维护收纳_1086x1448.png
阶段01_两厢车副图/H_G07_两种停车环境_1086x1448.png,assets/inputs/category_library/阶段01_两厢车副图/H_G07_两种停车环境_1086x1448.png
阶段01_两厢车副图/H_G08_购买前核对_1086x1448.png,assets/inputs/category_library/阶段01_两厢车副图/H_G08_购买前核对_1086x1448.png
阶段01_试样/H_G01_两厢车_秋冬停车总览_V1.png,assets/archive/samples/阶段01_试样/H_G01_两厢车_秋冬停车总览_V1.png
阶段01_试样/H_G01_两厢车_秋冬停车总览_V2.png,assets/archive/samples/阶段01_试样/H_G01_两厢车_秋冬停车总览_V2.png
阶段01_试样/H_G01_两厢车_秋冬停车总览_V3_高级排版正面视角.png,assets/archive/samples/阶段01_试样/H_G01_两厢车_秋冬停车总览_V3_高级排版正面视角.png
阶段01_试样/H_G01_两厢车_秋冬停车总览_V4_两厢轮廓自然排版.png,assets/archive/samples/阶段01_试样/H_G01_两厢车_秋冬停车总览_V4_两厢轮廓自然排版.png
阶段01_试样/H_G01_两厢车_秋冬停车总览_V5_车头朝左.png,assets/archive/samples/阶段01_试样/H_G01_两厢车_秋冬停车总览_V5_车头朝左.png
阶段02_两厢车A+/01_PC端_5张/H_A01P_女性品牌海报_1410x708.png,assets/inputs/category_library/阶段02_两厢车A+/01_PC端_5张/H_A01P_女性品牌海报_1410x708.png
阶段02_两厢车A+/01_PC端_5张/H_A02P_表面纹理对比_1410x708.png,assets/inputs/category_library/阶段02_两厢车A+/01_PC端_5张/H_A02P_表面纹理对比_1410x708.png
阶段02_两厢车A+/01_PC端_5张/H_A03P_自然余量_1410x708.png,assets/inputs/category_library/阶段02_两厢车A+/01_PC端_5张/H_A03P_自然余量_1410x708.png
阶段02_两厢车A+/01_PC端_5张/H_A04P_车主一天_1410x708.png,assets/inputs/category_library/阶段02_两厢车A+/01_PC端_5张/H_A04P_车主一天_1410x708.png
阶段02_两厢车A+/01_PC端_5张/H_A05P_选购使用导览_1410x708.png,assets/inputs/category_library/阶段02_两厢车A+/01_PC端_5张/H_A05P_选购使用导览_1410x708.png
阶段02_两厢车A+/02_手机端_5张/H_A01M_女性品牌海报_640x640.png,assets/inputs/category_library/阶段02_两厢车A+/02_手机端_5张/H_A01M_女性品牌海报_640x640.png
阶段02_两厢车A+/02_手机端_5张/H_A02M_表面纹理对比_640x640.png,assets/inputs/category_library/阶段02_两厢车A+/02_手机端_5张/H_A02M_表面纹理对比_640x640.png
阶段02_两厢车A+/02_手机端_5张/H_A03M_自然余量_640x640.png,assets/inputs/category_library/阶段02_两厢车A+/02_手机端_5张/H_A03M_自然余量_640x640.png
阶段02_两厢车A+/02_手机端_5张/H_A04M_车主一天_640x640.png,assets/inputs/category_library/阶段02_两厢车A+/02_手机端_5张/H_A04M_车主一天_640x640.png
阶段02_两厢车A+/02_手机端_5张/H_A05M_选购使用导览_640x640.png,assets/inputs/category_library/阶段02_两厢车A+/02_手机端_5张/H_A05M_选购使用导览_640x640.png
阶段02_两厢车A+/03_生成原图/H_A01M_女性品牌海报_原图.png,assets/inputs/category_library/阶段02_两厢车A+/03_生成原图/H_A01M_女性品牌海报_原图.png
阶段02_两厢车A+/03_生成原图/H_A01P_女性品牌海报_原图.png,assets/inputs/category_library/阶段02_两厢车A+/03_生成原图/H_A01P_女性品牌海报_原图.png
阶段02_两厢车A+/03_生成原图/H_A02M_表面纹理对比_原图.png,assets/inputs/category_library/阶段02_两厢车A+/03_生成原图/H_A02M_表面纹理对比_原图.png
阶段02_两厢车A+/03_生成原图/H_A02P_表面纹理对比_原图.png,assets/inputs/category_library/阶段02_两厢车A+/03_生成原图/H_A02P_表面纹理对比_原图.png
阶段02_两厢车A+/03_生成原图/H_A03M_自然余量_原图.png,assets/inputs/category_library/阶段02_两厢车A+/03_生成原图/H_A03M_自然余量_原图.png
阶段02_两厢车A+/03_生成原图/H_A03P_自然余量_原图.png,assets/inputs/category_library/阶段02_两厢车A+/03_生成原图/H_A03P_自然余量_原图.png
阶段02_两厢车A+/03_生成原图/H_A04M_车主一天_原图.png,assets/inputs/category_library/阶段02_两厢车A+/03_生成原图/H_A04M_车主一天_原图.png
阶段02_两厢车A+/03_生成原图/H_A04P_车主一天_原图.png,assets/inputs/category_library/阶段02_两厢车A+/03_生成原图/H_A04P_车主一天_原图.png
阶段02_两厢车A+/03_生成原图/H_A05M_选购使用导览_原图.png,assets/inputs/category_library/阶段02_两厢车A+/03_生成原图/H_A05M_选购使用导览_原图.png
阶段02_两厢车A+/03_生成原图/H_A05P_选购使用导览_原图.png,assets/inputs/category_library/阶段02_两厢车A+/03_生成原图/H_A05P_选购使用导览_原图.png
阶段02_两厢车A+试样/H_A01M_女性品牌海报_640x640.png,assets/archive/samples/阶段02_两厢车A+试样/H_A01M_女性品牌海报_640x640.png
阶段02_两厢车A+试样/H_A01M_女性品牌海报_手机原图.png,assets/archive/samples/阶段02_两厢车A+试样/H_A01M_女性品牌海报_手机原图.png
阶段02_两厢车A+试样/H_A01P_女性品牌海报_1410x708.png,assets/archive/samples/阶段02_两厢车A+试样/H_A01P_女性品牌海报_1410x708.png
阶段02_两厢车A+试样/H_A01P_女性品牌海报_PC原图.png,assets/archive/samples/阶段02_两厢车A+试样/H_A01P_女性品牌海报_PC原图.png
阶段03_跑车副图/C_G01_秋冬停车总览_1086x1448.png,assets/inputs/category_library/阶段03_跑车副图/C_G01_秋冬停车总览_1086x1448.png
阶段03_跑车副图/C_G02_普通雨雪落叶情境_1086x1448.png,assets/inputs/category_library/阶段03_跑车副图/C_G02_普通雨雪落叶情境_1086x1448.png
阶段03_跑车副图/C_G03_无耳连续覆盖_1086x1448.png,assets/inputs/category_library/阶段03_跑车副图/C_G03_无耳连续覆盖_1086x1448.png
阶段03_跑车副图/C_G04_灰色单层材质_1086x1448.png,assets/inputs/category_library/阶段03_跑车副图/C_G04_灰色单层材质_1086x1448.png
阶段03_跑车副图/C_G05_三步安装_1086x1448.png,assets/inputs/category_library/阶段03_跑车副图/C_G05_三步安装_1086x1448.png
阶段03_跑车副图/C_G06_维护收纳_1086x1448.png,assets/inputs/category_library/阶段03_跑车副图/C_G06_维护收纳_1086x1448.png
阶段03_跑车副图/C_G07_两种停车环境_1086x1448.png,assets/inputs/category_library/阶段03_跑车副图/C_G07_两种停车环境_1086x1448.png
阶段03_跑车副图/C_G08_购买前核对_1086x1448.png,assets/inputs/category_library/阶段03_跑车副图/C_G08_购买前核对_1086x1448.png
阶段04_跑车A+/01_PC端_5张/C_A01P_女性品牌海报_1410x708.png,assets/inputs/category_library/阶段04_跑车A+/01_PC端_5张/C_A01P_女性品牌海报_1410x708.png
阶段04_跑车A+/01_PC端_5张/C_A02P_表面纹理对比_1410x708.png,assets/inputs/category_library/阶段04_跑车A+/01_PC端_5张/C_A02P_表面纹理对比_1410x708.png
阶段04_跑车A+/01_PC端_5张/C_A03P_自然余量_1410x708.png,assets/inputs/category_library/阶段04_跑车A+/01_PC端_5张/C_A03P_自然余量_1410x708.png
阶段04_跑车A+/01_PC端_5张/C_A04P_车主一天_1410x708.png,assets/inputs/category_library/阶段04_跑车A+/01_PC端_5张/C_A04P_车主一天_1410x708.png
阶段04_跑车A+/01_PC端_5张/C_A05P_选购使用导览_1410x708.png,assets/inputs/category_library/阶段04_跑车A+/01_PC端_5张/C_A05P_选购使用导览_1410x708.png
阶段04_跑车A+/02_手机端_5张/C_A01M_女性品牌海报_640x640.png,assets/inputs/category_library/阶段04_跑车A+/02_手机端_5张/C_A01M_女性品牌海报_640x640.png
阶段04_跑车A+/02_手机端_5张/C_A02M_表面纹理对比_640x640.png,assets/inputs/category_library/阶段04_跑车A+/02_手机端_5张/C_A02M_表面纹理对比_640x640.png
阶段04_跑车A+/02_手机端_5张/C_A03M_自然余量_640x640.png,assets/inputs/category_library/阶段04_跑车A+/02_手机端_5张/C_A03M_自然余量_640x640.png
阶段04_跑车A+/02_手机端_5张/C_A04M_车主一天_640x640.png,assets/inputs/category_library/阶段04_跑车A+/02_手机端_5张/C_A04M_车主一天_640x640.png
阶段04_跑车A+/02_手机端_5张/C_A05M_选购使用导览_640x640.png,assets/inputs/category_library/阶段04_跑车A+/02_手机端_5张/C_A05M_选购使用导览_640x640.png
阶段04_跑车A+/03_生成原图/C_A01M_女性品牌海报_原图.png,assets/inputs/category_library/阶段04_跑车A+/03_生成原图/C_A01M_女性品牌海报_原图.png
阶段04_跑车A+/03_生成原图/C_A01P_女性品牌海报_原图.png,assets/inputs/category_library/阶段04_跑车A+/03_生成原图/C_A01P_女性品牌海报_原图.png
阶段04_跑车A+/03_生成原图/C_A02M_表面纹理对比_原图.png,assets/inputs/category_library/阶段04_跑车A+/03_生成原图/C_A02M_表面纹理对比_原图.png
阶段04_跑车A+/03_生成原图/C_A02P_表面纹理对比_原图.png,assets/inputs/category_library/阶段04_跑车A+/03_生成原图/C_A02P_表面纹理对比_原图.png
阶段04_跑车A+/03_生成原图/C_A03M_自然余量_原图.png,assets/inputs/category_library/阶段04_跑车A+/03_生成原图/C_A03M_自然余量_原图.png
阶段04_跑车A+/03_生成原图/C_A03P_自然余量_原图.png,assets/inputs/category_library/阶段04_跑车A+/03_生成原图/C_A03P_自然余量_原图.png
阶段04_跑车A+/03_生成原图/C_A04M_车主一天_原图.png,assets/inputs/category_library/阶段04_跑车A+/03_生成原图/C_A04M_车主一天_原图.png
阶段04_跑车A+/03_生成原图/C_A04P_车主一天_原图.png,assets/inputs/category_library/阶段04_跑车A+/03_生成原图/C_A04P_车主一天_原图.png
阶段04_跑车A+/03_生成原图/C_A05M_选购使用导览_原图.png,assets/inputs/category_library/阶段04_跑车A+/03_生成原图/C_A05M_选购使用导览_原图.png
阶段04_跑车A+/03_生成原图/C_A05P_选购使用导览_原图.png,assets/inputs/category_library/阶段04_跑车A+/03_生成原图/C_A05P_选购使用导览_原图.png
阶段05_皮卡副图/P_G01_秋冬停车总览_1086x1448.png,assets/inputs/category_library/阶段05_皮卡副图/P_G01_秋冬停车总览_1086x1448.png
阶段05_皮卡副图/P_G02_普通雨雪落叶情境_1086x1448.png,assets/inputs/category_library/阶段05_皮卡副图/P_G02_普通雨雪落叶情境_1086x1448.png
阶段05_皮卡副图/P_G03_无耳连续覆盖_1086x1448.png,assets/inputs/category_library/阶段05_皮卡副图/P_G03_无耳连续覆盖_1086x1448.png
阶段05_皮卡副图/P_G04_灰色单层材质_1086x1448.png,assets/inputs/category_library/阶段05_皮卡副图/P_G04_灰色单层材质_1086x1448.png
阶段05_皮卡副图/P_G05_三步安装_1086x1448.png,assets/inputs/category_library/阶段05_皮卡副图/P_G05_三步安装_1086x1448.png
阶段05_皮卡副图/P_G06_维护收纳_1086x1448.png,assets/inputs/category_library/阶段05_皮卡副图/P_G06_维护收纳_1086x1448.png
阶段05_皮卡副图/P_G07_两种停车环境_1086x1448.png,assets/inputs/category_library/阶段05_皮卡副图/P_G07_两种停车环境_1086x1448.png
阶段05_皮卡副图/P_G08_购买前车型核对_1086x1448.png,assets/inputs/category_library/阶段05_皮卡副图/P_G08_购买前车型核对_1086x1448.png
阶段06_皮卡A+/01_PC端_5张/P_A01P_女性品牌海报_1410x708.png,assets/inputs/category_library/阶段06_皮卡A+/01_PC端_5张/P_A01P_女性品牌海报_1410x708.png
阶段06_皮卡A+/01_PC端_5张/P_A02P_表面纹理对比_1410x708.png,assets/inputs/category_library/阶段06_皮卡A+/01_PC端_5张/P_A02P_表面纹理对比_1410x708.png
阶段06_皮卡A+/01_PC端_5张/P_A03P_自然余量_1410x708.png,assets/inputs/category_library/阶段06_皮卡A+/01_PC端_5张/P_A03P_自然余量_1410x708.png
阶段06_皮卡A+/01_PC端_5张/P_A04P_车主一天_1410x708.png,assets/inputs/category_library/阶段06_皮卡A+/01_PC端_5张/P_A04P_车主一天_1410x708.png
阶段06_皮卡A+/01_PC端_5张/P_A05P_选购使用导览_1410x708.png,assets/inputs/category_library/阶段06_皮卡A+/01_PC端_5张/P_A05P_选购使用导览_1410x708.png
阶段06_皮卡A+/02_手机端_5张/P_A01M_女性品牌海报_640x640.png,assets/inputs/category_library/阶段06_皮卡A+/02_手机端_5张/P_A01M_女性品牌海报_640x640.png
阶段06_皮卡A+/02_手机端_5张/P_A02M_表面纹理对比_640x640.png,assets/inputs/category_library/阶段06_皮卡A+/02_手机端_5张/P_A02M_表面纹理对比_640x640.png
阶段06_皮卡A+/02_手机端_5张/P_A03M_自然余量_640x640.png,assets/inputs/category_library/阶段06_皮卡A+/02_手机端_5张/P_A03M_自然余量_640x640.png
阶段06_皮卡A+/02_手机端_5张/P_A04M_车主一天_640x640.png,assets/inputs/category_library/阶段06_皮卡A+/02_手机端_5张/P_A04M_车主一天_640x640.png
阶段06_皮卡A+/02_手机端_5张/P_A05M_选购使用导览_640x640.png,assets/inputs/category_library/阶段06_皮卡A+/02_手机端_5张/P_A05M_选购使用导览_640x640.png
阶段06_皮卡A+/03_生成原图/P_A01M_女性品牌海报_原图.png,assets/inputs/category_library/阶段06_皮卡A+/03_生成原图/P_A01M_女性品牌海报_原图.png
阶段06_皮卡A+/03_生成原图/P_A01P_女性品牌海报_原图.png,assets/inputs/category_library/阶段06_皮卡A+/03_生成原图/P_A01P_女性品牌海报_原图.png
阶段06_皮卡A+/03_生成原图/P_A02M_表面纹理对比_原图.png,assets/inputs/category_library/阶段06_皮卡A+/03_生成原图/P_A02M_表面纹理对比_原图.png
阶段06_皮卡A+/03_生成原图/P_A02P_表面纹理对比_原图.png,assets/inputs/category_library/阶段06_皮卡A+/03_生成原图/P_A02P_表面纹理对比_原图.png
阶段06_皮卡A+/03_生成原图/P_A03M_自然余量_原图.png,assets/inputs/category_library/阶段06_皮卡A+/03_生成原图/P_A03M_自然余量_原图.png
阶段06_皮卡A+/03_生成原图/P_A03P_自然余量_原图.png,assets/inputs/category_library/阶段06_皮卡A+/03_生成原图/P_A03P_自然余量_原图.png
阶段06_皮卡A+/03_生成原图/P_A04M_车主一天_原图.png,assets/inputs/category_library/阶段06_皮卡A+/03_生成原图/P_A04M_车主一天_原图.png
阶段06_皮卡A+/03_生成原图/P_A04P_车主一天_原图.png,assets/inputs/category_library/阶段06_皮卡A+/03_生成原图/P_A04P_车主一天_原图.png
阶段06_皮卡A+/03_生成原图/P_A05M_选购使用导览_原图.png,assets/inputs/category_library/阶段06_皮卡A+/03_生成原图/P_A05M_选购使用导览_原图.png
阶段06_皮卡A+/03_生成原图/P_A05P_选购使用导览_原图.png,assets/inputs/category_library/阶段06_皮卡A+/03_生成原图/P_A05P_选购使用导览_原图.png
阶段07_三厢车副图/S_G01_秋冬停车总览_1086x1448.png,assets/inputs/category_library/阶段07_三厢车副图/S_G01_秋冬停车总览_1086x1448.png
阶段07_三厢车副图/S_G02_普通雨雪落叶情境_1086x1448.png,assets/inputs/category_library/阶段07_三厢车副图/S_G02_普通雨雪落叶情境_1086x1448.png
阶段07_三厢车副图/S_G03_无耳连续覆盖_1086x1448.png,assets/inputs/category_library/阶段07_三厢车副图/S_G03_无耳连续覆盖_1086x1448.png
阶段07_三厢车副图/S_G04_灰色单层材质_1086x1448.png,assets/inputs/category_library/阶段07_三厢车副图/S_G04_灰色单层材质_1086x1448.png
阶段07_三厢车副图/S_G05_三步安装_1086x1448.png,assets/inputs/category_library/阶段07_三厢车副图/S_G05_三步安装_1086x1448.png
阶段07_三厢车副图/S_G06_维护收纳_1086x1448.png,assets/inputs/category_library/阶段07_三厢车副图/S_G06_维护收纳_1086x1448.png
阶段07_三厢车副图/S_G07_两种停车环境_1086x1448.png,assets/inputs/category_library/阶段07_三厢车副图/S_G07_两种停车环境_1086x1448.png
阶段07_三厢车副图/S_G08_购买前车型核对_1086x1448.png,assets/inputs/category_library/阶段07_三厢车副图/S_G08_购买前车型核对_1086x1448.png
阶段08_三厢车A+/01_PC端_5张/S_A01P_女性品牌海报_1410x708.png,assets/inputs/category_library/阶段08_三厢车A+/01_PC端_5张/S_A01P_女性品牌海报_1410x708.png
阶段08_三厢车A+/01_PC端_5张/S_A02P_表面纹理对比_1410x708.png,assets/inputs/category_library/阶段08_三厢车A+/01_PC端_5张/S_A02P_表面纹理对比_1410x708.png
阶段08_三厢车A+/01_PC端_5张/S_A03P_自然余量_1410x708.png,assets/inputs/category_library/阶段08_三厢车A+/01_PC端_5张/S_A03P_自然余量_1410x708.png
阶段08_三厢车A+/01_PC端_5张/S_A04P_车主一天_1410x708.png,assets/inputs/category_library/阶段08_三厢车A+/01_PC端_5张/S_A04P_车主一天_1410x708.png
阶段08_三厢车A+/01_PC端_5张/S_A05P_选购使用导览_1410x708.png,assets/inputs/category_library/阶段08_三厢车A+/01_PC端_5张/S_A05P_选购使用导览_1410x708.png
阶段08_三厢车A+/02_手机端_5张/S_A01M_女性品牌海报_640x640.png,assets/inputs/category_library/阶段08_三厢车A+/02_手机端_5张/S_A01M_女性品牌海报_640x640.png
阶段08_三厢车A+/02_手机端_5张/S_A02M_表面纹理对比_640x640.png,assets/inputs/category_library/阶段08_三厢车A+/02_手机端_5张/S_A02M_表面纹理对比_640x640.png
阶段08_三厢车A+/02_手机端_5张/S_A03M_自然余量_640x640.png,assets/inputs/category_library/阶段08_三厢车A+/02_手机端_5张/S_A03M_自然余量_640x640.png
阶段08_三厢车A+/02_手机端_5张/S_A04M_车主一天_640x640.png,assets/inputs/category_library/阶段08_三厢车A+/02_手机端_5张/S_A04M_车主一天_640x640.png
阶段08_三厢车A+/02_手机端_5张/S_A05M_选购使用导览_640x640.png,assets/inputs/category_library/阶段08_三厢车A+/02_手机端_5张/S_A05M_选购使用导览_640x640.png
阶段08_三厢车A+/03_生成原图/S_A01M_女性品牌海报_原图.png,assets/inputs/category_library/阶段08_三厢车A+/03_生成原图/S_A01M_女性品牌海报_原图.png
阶段08_三厢车A+/03_生成原图/S_A01P_女性品牌海报_原图.png,assets/inputs/category_library/阶段08_三厢车A+/03_生成原图/S_A01P_女性品牌海报_原图.png
阶段08_三厢车A+/03_生成原图/S_A02M_表面纹理对比_原图.png,assets/inputs/category_library/阶段08_三厢车A+/03_生成原图/S_A02M_表面纹理对比_原图.png
阶段08_三厢车A+/03_生成原图/S_A02P_表面纹理对比_原图.png,assets/inputs/category_library/阶段08_三厢车A+/03_生成原图/S_A02P_表面纹理对比_原图.png
阶段08_三厢车A+/03_生成原图/S_A03M_自然余量_原图.png,assets/inputs/category_library/阶段08_三厢车A+/03_生成原图/S_A03M_自然余量_原图.png
阶段08_三厢车A+/03_生成原图/S_A03P_自然余量_原图.png,assets/inputs/category_library/阶段08_三厢车A+/03_生成原图/S_A03P_自然余量_原图.png
阶段08_三厢车A+/03_生成原图/S_A04M_车主一天_原图.png,assets/inputs/category_library/阶段08_三厢车A+/03_生成原图/S_A04M_车主一天_原图.png
阶段08_三厢车A+/03_生成原图/S_A04P_车主一天_原图.png,assets/inputs/category_library/阶段08_三厢车A+/03_生成原图/S_A04P_车主一天_原图.png
阶段08_三厢车A+/03_生成原图/S_A05M_选购使用导览_原图.png,assets/inputs/category_library/阶段08_三厢车A+/03_生成原图/S_A05M_选购使用导览_原图.png
阶段08_三厢车A+/03_生成原图/S_A05P_选购使用导览_原图.png,assets/inputs/category_library/阶段08_三厢车A+/03_生成原图/S_A05P_选购使用导览_原图.png
阶段09_越野车副图/U_G01_秋冬停车总览_1086x1448.png,assets/inputs/category_library/阶段09_越野车副图/U_G01_秋冬停车总览_1086x1448.png
阶段09_越野车副图/U_G02_普通雨雪落叶情境_1086x1448.png,assets/inputs/category_library/阶段09_越野车副图/U_G02_普通雨雪落叶情境_1086x1448.png
阶段09_越野车副图/U_G03_无耳连续覆盖_1086x1448.png,assets/inputs/category_library/阶段09_越野车副图/U_G03_无耳连续覆盖_1086x1448.png
阶段09_越野车副图/U_G04_灰色单层材质_1086x1448.png,assets/inputs/category_library/阶段09_越野车副图/U_G04_灰色单层材质_1086x1448.png
阶段09_越野车副图/U_G05_三步安装_1086x1448.png,assets/inputs/category_library/阶段09_越野车副图/U_G05_三步安装_1086x1448.png
阶段09_越野车副图/U_G06_维护收纳_1086x1448.png,assets/inputs/category_library/阶段09_越野车副图/U_G06_维护收纳_1086x1448.png
阶段09_越野车副图/U_G07_两种停车环境_1086x1448.png,assets/inputs/category_library/阶段09_越野车副图/U_G07_两种停车环境_1086x1448.png
阶段09_越野车副图/U_G08_购买前车型核对_1086x1448.png,assets/inputs/category_library/阶段09_越野车副图/U_G08_购买前车型核对_1086x1448.png
阶段10_越野车A+/01_PC端_5张/U_A01P_女性品牌海报_1410x708.png,assets/inputs/category_library/阶段10_越野车A+/01_PC端_5张/U_A01P_女性品牌海报_1410x708.png
阶段10_越野车A+/01_PC端_5张/U_A02P_表面纹理对比_1410x708.png,assets/inputs/category_library/阶段10_越野车A+/01_PC端_5张/U_A02P_表面纹理对比_1410x708.png
阶段10_越野车A+/01_PC端_5张/U_A03P_自然余量_1410x708.png,assets/inputs/category_library/阶段10_越野车A+/01_PC端_5张/U_A03P_自然余量_1410x708.png
阶段10_越野车A+/01_PC端_5张/U_A04P_车主一天_1410x708.png,assets/inputs/category_library/阶段10_越野车A+/01_PC端_5张/U_A04P_车主一天_1410x708.png
阶段10_越野车A+/01_PC端_5张/U_A05P_选购使用导览_1410x708.png,assets/inputs/category_library/阶段10_越野车A+/01_PC端_5张/U_A05P_选购使用导览_1410x708.png
阶段10_越野车A+/02_手机端_5张/U_A01M_女性品牌海报_640x640.png,assets/inputs/category_library/阶段10_越野车A+/02_手机端_5张/U_A01M_女性品牌海报_640x640.png
阶段10_越野车A+/02_手机端_5张/U_A02M_表面纹理对比_640x640.png,assets/inputs/category_library/阶段10_越野车A+/02_手机端_5张/U_A02M_表面纹理对比_640x640.png
阶段10_越野车A+/02_手机端_5张/U_A03M_自然余量_640x640.png,assets/inputs/category_library/阶段10_越野车A+/02_手机端_5张/U_A03M_自然余量_640x640.png
阶段10_越野车A+/02_手机端_5张/U_A04M_车主一天_640x640.png,assets/inputs/category_library/阶段10_越野车A+/02_手机端_5张/U_A04M_车主一天_640x640.png
阶段10_越野车A+/02_手机端_5张/U_A05M_选购使用导览_640x640.png,assets/inputs/category_library/阶段10_越野车A+/02_手机端_5张/U_A05M_选购使用导览_640x640.png
阶段10_越野车A+/03_生成原图/U_A01M_女性品牌海报_原图.png,assets/inputs/category_library/阶段10_越野车A+/03_生成原图/U_A01M_女性品牌海报_原图.png
阶段10_越野车A+/03_生成原图/U_A01P_女性品牌海报_原图.png,assets/inputs/category_library/阶段10_越野车A+/03_生成原图/U_A01P_女性品牌海报_原图.png
阶段10_越野车A+/03_生成原图/U_A02M_表面纹理对比_原图.png,assets/inputs/category_library/阶段10_越野车A+/03_生成原图/U_A02M_表面纹理对比_原图.png
阶段10_越野车A+/03_生成原图/U_A02P_表面纹理对比_原图.png,assets/inputs/category_library/阶段10_越野车A+/03_生成原图/U_A02P_表面纹理对比_原图.png
阶段10_越野车A+/03_生成原图/U_A03M_自然余量_原图.png,assets/inputs/category_library/阶段10_越野车A+/03_生成原图/U_A03M_自然余量_原图.png
阶段10_越野车A+/03_生成原图/U_A03P_自然余量_原图.png,assets/inputs/category_library/阶段10_越野车A+/03_生成原图/U_A03P_自然余量_原图.png
阶段10_越野车A+/03_生成原图/U_A04M_车主一天_原图.png,assets/inputs/category_library/阶段10_越野车A+/03_生成原图/U_A04M_车主一天_原图.png
阶段10_越野车A+/03_生成原图/U_A04P_车主一天_原图.png,assets/inputs/category_library/阶段10_越野车A+/03_生成原图/U_A04P_车主一天_原图.png
阶段10_越野车A+/03_生成原图/U_A05M_选购使用导览_原图.png,assets/inputs/category_library/阶段10_越野车A+/03_生成原图/U_A05M_选购使用导览_原图.png
阶段10_越野车A+/03_生成原图/U_A05P_选购使用导览_原图.png,assets/inputs/category_library/阶段10_越野车A+/03_生成原图/U_A05P_选购使用导览_原图.png
阶段11_灰色无耳_秋冬分类首图1.0_34张/01_两厢车_6张/H01_银杏街角_1086x1448.png,assets/inputs/category_library/阶段11_灰色无耳_秋冬分类首图1.0_34张/01_两厢车_6张/H01_银杏街角_1086x1448.png
阶段11_灰色无耳_秋冬分类首图1.0_34张/01_两厢车_6张/H02_北欧公寓_1086x1448.png,assets/inputs/category_library/阶段11_灰色无耳_秋冬分类首图1.0_34张/01_两厢车_6张/H02_北欧公寓_1086x1448.png
阶段11_灰色无耳_秋冬分类首图1.0_34张/01_两厢车_6张/H03_公园停车位_1086x1448.png,assets/inputs/category_library/阶段11_灰色无耳_秋冬分类首图1.0_34张/01_两厢车_6张/H03_公园停车位_1086x1448.png
阶段11_灰色无耳_秋冬分类首图1.0_34张/01_两厢车_6张/H04_河畔码头_1086x1448.png,assets/inputs/category_library/阶段11_灰色无耳_秋冬分类首图1.0_34张/01_两厢车_6张/H04_河畔码头_1086x1448.png
阶段11_灰色无耳_秋冬分类首图1.0_34张/01_两厢车_6张/H05_雪后咖啡街_1086x1448.png,assets/inputs/category_library/阶段11_灰色无耳_秋冬分类首图1.0_34张/01_两厢车_6张/H05_雪后咖啡街_1086x1448.png
阶段11_灰色无耳_秋冬分类首图1.0_34张/01_两厢车_6张/H06_社区车棚_1086x1448.png,assets/inputs/category_library/阶段11_灰色无耳_秋冬分类首图1.0_34张/01_两厢车_6张/H06_社区车棚_1086x1448.png
阶段11_灰色无耳_秋冬分类首图1.0_34张/02_跑车_8张/C01_美术馆庭院_1086x1448.png,assets/inputs/category_library/阶段11_灰色无耳_秋冬分类首图1.0_34张/02_跑车_8张/C01_美术馆庭院_1086x1448.png
阶段11_灰色无耳_秋冬分类首图1.0_34张/02_跑车_8张/C02_海岸别墅_1086x1448.png,assets/inputs/category_library/阶段11_灰色无耳_秋冬分类首图1.0_34张/02_跑车_8张/C02_海岸别墅_1086x1448.png
阶段11_灰色无耳_秋冬分类首图1.0_34张/02_跑车_8张/C03_山顶旅馆_1086x1448.png,assets/inputs/category_library/阶段11_灰色无耳_秋冬分类首图1.0_34张/02_跑车_8张/C03_山顶旅馆_1086x1448.png
阶段11_灰色无耳_秋冬分类首图1.0_34张/02_跑车_8张/C04_酒庄石墙_1086x1448.png,assets/inputs/category_library/阶段11_灰色无耳_秋冬分类首图1.0_34张/02_跑车_8张/C04_酒庄石墙_1086x1448.png
阶段11_灰色无耳_秋冬分类首图1.0_34张/02_跑车_8张/C05_城市露台_1086x1448.png,assets/inputs/category_library/阶段11_灰色无耳_秋冬分类首图1.0_34张/02_跑车_8张/C05_城市露台_1086x1448.png
阶段11_灰色无耳_秋冬分类首图1.0_34张/02_跑车_8张/C06_松林私宅_1086x1448.png,assets/inputs/category_library/阶段11_灰色无耳_秋冬分类首图1.0_34张/02_跑车_8张/C06_松林私宅_1086x1448.png
阶段11_灰色无耳_秋冬分类首图1.0_34张/02_跑车_8张/C07_港湾仓库_1086x1448.png,assets/inputs/category_library/阶段11_灰色无耳_秋冬分类首图1.0_34张/02_跑车_8张/C07_港湾仓库_1086x1448.png
阶段11_灰色无耳_秋冬分类首图1.0_34张/02_跑车_8张/C08_雪夜车库_1086x1448.png,assets/inputs/category_library/阶段11_灰色无耳_秋冬分类首图1.0_34张/02_跑车_8张/C08_雪夜车库_1086x1448.png
阶段11_灰色无耳_秋冬分类首图1.0_34张/03_皮卡_7张/P01_红谷仓_1086x1448.png,assets/inputs/category_library/阶段11_灰色无耳_秋冬分类首图1.0_34张/03_皮卡_7张/P01_红谷仓_1086x1448.png
阶段11_灰色无耳_秋冬分类首图1.0_34张/03_皮卡_7张/P02_白桦农庄_1086x1448.png,assets/inputs/category_library/阶段11_灰色无耳_秋冬分类首图1.0_34张/03_皮卡_7张/P02_白桦农庄_1086x1448.png
阶段11_灰色无耳_秋冬分类首图1.0_34张/03_皮卡_7张/P03_山地牧场_1086x1448.png,assets/inputs/category_library/阶段11_灰色无耳_秋冬分类首图1.0_34张/03_皮卡_7张/P03_山地牧场_1086x1448.png
阶段11_灰色无耳_秋冬分类首图1.0_34张/03_皮卡_7张/P04_木工作坊_1086x1448.png,assets/inputs/category_library/阶段11_灰色无耳_秋冬分类首图1.0_34张/03_皮卡_7张/P04_木工作坊_1086x1448.png
阶段11_灰色无耳_秋冬分类首图1.0_34张/03_皮卡_7张/P05_果园霜晨_1086x1448.png,assets/inputs/category_library/阶段11_灰色无耳_秋冬分类首图1.0_34张/03_皮卡_7张/P05_果园霜晨_1086x1448.png
阶段11_灰色无耳_秋冬分类首图1.0_34张/03_皮卡_7张/P06_乡间工具库_1086x1448.png,assets/inputs/category_library/阶段11_灰色无耳_秋冬分类首图1.0_34张/03_皮卡_7张/P06_乡间工具库_1086x1448.png
阶段11_灰色无耳_秋冬分类首图1.0_34张/03_皮卡_7张/P07_雪原农舍_1086x1448.png,assets/inputs/category_library/阶段11_灰色无耳_秋冬分类首图1.0_34张/03_皮卡_7张/P07_雪原农舍_1086x1448.png
阶段11_灰色无耳_秋冬分类首图1.0_34张/04_三厢车_6张/S01_城市林荫_1086x1448.png,assets/inputs/category_library/阶段11_灰色无耳_秋冬分类首图1.0_34张/04_三厢车_6张/S01_城市林荫_1086x1448.png
阶段11_灰色无耳_秋冬分类首图1.0_34张/04_三厢车_6张/S02_商务酒店_1086x1448.png,assets/inputs/category_library/阶段11_灰色无耳_秋冬分类首图1.0_34张/04_三厢车_6张/S02_商务酒店_1086x1448.png
阶段11_灰色无耳_秋冬分类首图1.0_34张/04_三厢车_6张/S03_湖畔住宅_1086x1448.png,assets/inputs/category_library/阶段11_灰色无耳_秋冬分类首图1.0_34张/04_三厢车_6张/S03_湖畔住宅_1086x1448.png
阶段11_灰色无耳_秋冬分类首图1.0_34张/04_三厢车_6张/S04_红砖校园_1086x1448.png,assets/inputs/category_library/阶段11_灰色无耳_秋冬分类首图1.0_34张/04_三厢车_6张/S04_红砖校园_1086x1448.png
阶段11_灰色无耳_秋冬分类首图1.0_34张/04_三厢车_6张/S05_郊区别墅_1086x1448.png,assets/inputs/category_library/阶段11_灰色无耳_秋冬分类首图1.0_34张/04_三厢车_6张/S05_郊区别墅_1086x1448.png
阶段11_灰色无耳_秋冬分类首图1.0_34张/04_三厢车_6张/S06_公园雪景_1086x1448.png,assets/inputs/category_library/阶段11_灰色无耳_秋冬分类首图1.0_34张/04_三厢车_6张/S06_公园雪景_1086x1448.png
阶段11_灰色无耳_秋冬分类首图1.0_34张/05_越野车_7张/U01_雪松木屋_1086x1448.png,assets/inputs/category_library/阶段11_灰色无耳_秋冬分类首图1.0_34张/05_越野车_7张/U01_雪松木屋_1086x1448.png
阶段11_灰色无耳_秋冬分类首图1.0_34张/05_越野车_7张/U02_金色山谷_1086x1448.png,assets/inputs/category_library/阶段11_灰色无耳_秋冬分类首图1.0_34张/05_越野车_7张/U02_金色山谷_1086x1448.png
阶段11_灰色无耳_秋冬分类首图1.0_34张/05_越野车_7张/U03_冰湖旅舍_1086x1448.png,assets/inputs/category_library/阶段11_灰色无耳_秋冬分类首图1.0_34张/05_越野车_7张/U03_冰湖旅舍_1086x1448.png
阶段11_灰色无耳_秋冬分类首图1.0_34张/05_越野车_7张/U04_石桥山村_1086x1448.png,assets/inputs/category_library/阶段11_灰色无耳_秋冬分类首图1.0_34张/05_越野车_7张/U04_石桥山村_1086x1448.png
阶段11_灰色无耳_秋冬分类首图1.0_34张/05_越野车_7张/U05_高原客栈_1086x1448.png,assets/inputs/category_library/阶段11_灰色无耳_秋冬分类首图1.0_34张/05_越野车_7张/U05_高原客栈_1086x1448.png
阶段11_灰色无耳_秋冬分类首图1.0_34张/05_越野车_7张/U06_林间营地_1086x1448.png,assets/inputs/category_library/阶段11_灰色无耳_秋冬分类首图1.0_34张/05_越野车_7张/U06_林间营地_1086x1448.png
阶段11_灰色无耳_秋冬分类首图1.0_34张/05_越野车_7张/U07_雪夜山屋_1086x1448.png,assets/inputs/category_library/阶段11_灰色无耳_秋冬分类首图1.0_34张/05_越野车_7张/U07_雪夜山屋_1086x1448.png
