SKU,实际发货尺码,品牌,车型,适配,标题,标题字符数,标签,标签数量,五点介绍,颜色,材质,主图,车型图,共用SKU图
S,YM,Tozaroa,Volkswagen Tiguan,Volkswagen Tiguan I 2007–2018; Tiguan II 2016–2025; Tiguan III (Европа) 2023–2026; Tiguan R 2020–2024,"Чехол на автомобиль Tozaroa для Volkswagen Tiguan I, II, III и Tiguan R 2007–2026, серый всесезонный тент на кроссовер от дождя, снега, солнца, пыли и листьев, без карманов для зеркал",183,#защитаавто #тентнамашину #тентдляавтомобиля #чехолнаавтомобиль #авточехол #чехолдлямашины #чехол_для_авто #автотент #тент_для_автомобиля #чехолнаавто #тентдлямашины #пылезащитаавто #чехолнаТигуан #чехолнаVolkswagenTiguan #тентнаФольксвагенТигуан #чехол_на_кроссовер #тент_для_кроссовера #чехол_для_машины_от_дождя #чехол_зимний_на_машину #всепогодныйчехол #чехолнаTiguanR,21,"1. ТОЧНАЯ ПРИВЯЗКА К МОДЕЛИ. Вариант S подготовлен для Volkswagen Tiguan 2007–2026 годов: первое и второе поколение, европейская версия третьего поколения, а также Tiguan R 2020–2024. Перед заказом сверьте поколение и длину кузова: удлинённые Tiguan Allspace, L, L Pro и X относятся к варианту M.
2. СПЛОШНАЯ КОНСТРУКЦИЯ БЕЗ КАРМАНОВ ДЛЯ ЗЕРКАЛ. Перед установкой сложите боковые зеркала: единое полотно закрывает их вместе с кузовом. Такая схема сохраняет аккуратный силуэт и не создаёт лишних выступов.
3. СЕРЫЙ ОДНОСЛОЙНЫЙ PEVA. Лёгкий гладкий материал с матово-сатиновым блеском помогает закрыть кузов от обычных осадков, снега, солнечного света, дорожной пыли и опавших листьев. Чехол не является утеплителем и не заменяет гараж.
4. ДЛЯ УЛИЦЫ И ГАРАЖА. Полное покрытие кузова кроссовера помогает поддерживать автомобиль чище между поездками при уличной, дворовой или гаражной парковке. Надевайте только на остывший автомобиль и чистую поверхность.
5. УСТАНОВКА И УХОД. Сложите зеркала, расправьте полотно по крыше, затем опустите края спереди, сзади и по бокам. После дождя просушите чехол перед хранением; очищайте мягкой влажной тканью без абразивов.",Серый,Однослойный PEVA,../01_主图/VW_Tiguan_S_主图_1086x1448.png,../02_车型适配图/VW_Tiguan_S_车型适配图_1086x1448.png,../03_SKU共用图/VW_Tiguan_S_M_SKU共用选择图_1086x1448.png
M,YL,Tozaroa,Volkswagen Tiguan,Volkswagen Tiguan Allspace / L 2016–2026; Tiguan L Pro / X 2020–2026; Tiguan III (версия США) 2025–2026,"Чехол на автомобиль Tozaroa для Volkswagen Tiguan Allspace, L, L Pro и X 2016–2026, серый всесезонный тент на удлинённый кроссовер от дождя, снега, солнца и пыли, без карманов для зеркал",186,#защитаавто #тентнамашину #тентдляавтомобиля #чехолнаавтомобиль #авточехол #чехолдлямашины #чехол_для_авто #автотент #тент_для_автомобиля #чехолнаавто #тентдлямашины #пылезащитаавто #чехолнаТигуан #чехолнаVolkswagenTiguan #тентнаФольксвагенТигуан #чехол_на_машину_кроссовер #всесезонныйчехол #автопокрывало #защита_авто_от_пыли #тент_на_автомобиль #чехолнаTiguanAllspace,21,"1. ДЛЯ УДЛИНЁННОГО КУЗОВА. Вариант M рассчитан на Volkswagen Tiguan Allspace и Tiguan L 2016–2026, Tiguan L Pro и Tiguan X 2020–2026, а также на удлинённую версию Tiguan третьего поколения для рынка США 2025–2026. Обычный Tiguan I–III европейской версии и Tiguan R относятся к варианту S.
2. СПЛОШНАЯ КОНСТРУКЦИЯ БЕЗ КАРМАНОВ ДЛЯ ЗЕРКАЛ. Перед установкой сложите боковые зеркала: единое полотно закрывает их вместе с кузовом. Такая схема сохраняет аккуратный силуэт и не создаёт лишних выступов.
3. СЕРЫЙ ОДНОСЛОЙНЫЙ PEVA. Лёгкий гладкий материал с матово-сатиновым блеском помогает закрыть кузов от обычных осадков, снега, солнечного света, дорожной пыли и опавших листьев. Чехол не является утеплителем и не заменяет гараж.
4. ДЛЯ УЛИЦЫ И ГАРАЖА. Полное покрытие кузова кроссовера помогает поддерживать автомобиль чище между поездками при уличной, дворовой или гаражной парковке. Надевайте только на остывший автомобиль и чистую поверхность.
5. УСТАНОВКА И УХОД. Сложите зеркала, расправьте полотно по крыше, затем опустите края спереди, сзади и по бокам. После дождя просушите чехол перед хранением; очищайте мягкой влажной тканью без абразивов.",Серый,Однослойный PEVA,../01_主图/VW_Tiguan_M_主图_1086x1448.png,../02_车型适配图/VW_Tiguan_M_车型适配图_1086x1448.png,../03_SKU共用图/VW_Tiguan_S_M_SKU共用选择图_1086x1448.png
