,,名称,价格仅在创建新产品时填写。您可以在“价格与促销”→“更新价格”部分更改现有商品的价格,,付费促销提高转化率的最流行方法,,商品信息如果商品在 Ozon 上销售并且您填写了 SKU 字段，则无需填写该块,,商品附加信息如果商品在 Ozon 上销售，并且您已填写 SKU 字段或“商品信息”块，则无需填写该块,,,,,,,相同的特性请在这些字段中针对您想要合并至同一张卡片的所有商品选项指定相同的值,,变体特征您可以使用相同的值（如果此属性中的选项与其他选项没有不同）或不同的值（如果不同）来填写这些字段,,特性如果商品在 Ozon 上销售，并且您已填写 SKU 字段或“商品信息”块，则无需填写该块,,,,,,,,,,,,,,,,,,,,,,,
№,货号*,商品名称,价格，CNY*,折扣前价格，CNY,加速评价收集,SKU,条形码（序列号/EAN）,欧亚经济联盟的HS编码,毛重，克*,包装宽度，毫米*,包装高度，毫米*,包装长度，毫米*,主图链接*,附加图片链接,照片货号,品牌*,型号名称（针对合并为一张商品卡片）*,案例大小,商品颜色,类型*,商品重量，克,统一计量单位中的商品数量,#主题标签,简介,JSON富内容,组合成类似的产品,型号(制造商的文章),汽车品牌,长度，厘米,宽度，厘米,高度，厘米,"尺寸(LxWxH),厘米",数量，件数,材料,车辆模型,特点,设备类型,保证,原产国,原厂包装数量,需要标记代码,错误,缺点
,必填字段,,必填字段,,,,,,必填字段,必填字段,必填字段,必填字段,必填字段,,,"必填字段
ϟ  影响促销",必填字段,,Ⓜ️ 多项选择,必填字段,,,,,,,,Ⓜ️ 多项选择,,,,,,Ⓜ️ 多项选择,Ⓜ️ 多项选择,Ⓜ️ 多项选择,Ⓜ️ 多项选择,,Ⓜ️ 多项选择,,,,
,请输入商品货号或您库存中的编号。货号应在您商品种类中独一无二 https://docs.ozon.ru/global/zh-hans/products/requirements/product-info/sku/?country=CN,请查看名称要求，以便正确填写商品名称并通过审核。您可以不填写此字段——那么名称将自动从必填特征中组合：类型 + 品牌 + 型号 + 重要特征（类别） https://docs.ozon.ru/global/zh-hans/products/requirements/product-info/naming-requirements/?country=CN,,,让我们把产品与一个加速的评论集合联系起来。您将收到10条评价，内容包括文字、照片、视频或评分。每条评论或评分的费用为250₽ ,如果您想复制在Ozon上发布的其他商品，请填写该字段。那么右侧的字段可以不填。商品编号必须是独一无二的。 ,"输入生产商提供的商品条形码，并贴在包装上。
这是商品在仓库接受的代码。该字段对于所有销售方案都是必填项。没有条形码，我们无法支付损失赔偿 https://docs.ozon.ru/global/zh-hans/products/upload/barcode-upload/?country=CN#%E4%BD%BF%E7%94%A8%E6%9D%A1%E5%BD%A2%E7%A0%81%E7%9A%84%E5%8E%9F%E5%9B%A0",从列表中选择一个值。 如果您不知道指定哪个代码，则需要联系海关服务或海关代表。 ,请填写商品及其包装的重量在克。只输入数字 https://seller-edu.ozon.ru/docs/work-with-goods/trebovaniya-k-kartochkam-tovarov/ovh.html#как-правильно-измерить-длину-ширину-и-высоту,"请以毫米为单位测量原包装中的商品的任何一边。如果没有包装，则测量商品。

 对不规则形状的商品来说，请测量从一边到另边的长度。
 请把包含几件商品的套装落起来。
 在包装中把衣服、纺织品、刺绣套件对折起来。 https://docs.ozon.ru/global/zh/products/requirements/volume-weight-characteristics/",请以毫米为单位测量商品在原厂包装中的任意一边。如果没有包装，则请测量商品。对于形状不规则的商品，请测量从一边到另一边的长度。请把包含几件商品的套装叠放起来进行测量。服装、布料和刺绣套件请将包装对折后进行测量。 https://docs.ozon.ru/global/zh/products/requirements/volume-weight-characteristics/,"请以毫米为单位测量原包装中的商品的任何一边。如果没有包装，则测量商品。

 对不规则形状的商品来说，请测量从一边到另边的长度。
 请把包含几件商品的套装落起来。
 在包装中把衣服、纺织品、刺绣套件对折起来。 https://docs.ozon.ru/global/zh/products/requirements/volume-weight-characteristics/",,"您可以在 xls 模板和 API 中上传商品无照片，然后通过商品卡片或""更新图片""部分上传照片。

图片要求

- 格式：jpeg，jpg，png；
- 分辨率：200px x 200px 到 4320px x 7680px；
- 大小：不超过 10MB；
- 背景：白色或浅色。对于白色或透明的商品，可以允许黑色背景。对于服装、鞋类和配饰类商品，可以使用灰色背景（#f2f3f5）。
- 名称：不能包含""/""符号。不能使用
- 酒精类图片；
- 商品草图（例如，3D 模型）；
- 任意标记（价格、标志、水印、联系方式等）；
- 黑白照片、带框和条纹的照片；
- 模糊、不清晰、劣质的照片；
- 在""家里""拍摄的照片：背景是地毯、家具阴影。

18+ 类型的照片要求

在图片中，身体的敏感部位应该模糊或以其他方式隐藏。

链接要求

直接链接到图片
如果您单独上传额外照片，请逐个附加每个图片的链接。限制数量为 14 个。通过链接只能打开和下载图片本身。通常这些链接以符号结尾：*。jpeg，*。jpg，*。png，但有例外——Yandex。Disk 的链接。它们以格式 https://yadi.sk/i/qUXcCwzmryWINw 或 https://disk.yandex.ru/i/qUXcCwzmryWINw. 提供。将链接用空格或换行符分隔。

正确的链接：
- 不包含额外端口；
- 不链接到带图片的 HTML 页面。例如，不能指定包含照片的商品评价的链接；
- 不需要登录才能访问图片。

图片文件夹链接
可以使用 Yandex。Disk 中的图片文件夹链接。例如，https://yadi.sk/d/qUXcCwzmryWINw 或 https://disk.yandex.ru/d/qUXcCwzmryWINw

将文件夹中的 14 张图片作为额外照片使用。如果您希望图片以正确的顺序上传，请编号它们的名称。例如，""1""，""2""，""3""或""照片1""，""照片2""，""照片3""。

有关要求的更多信息，请参见 https://docs.ozon.ru/global/zh/products/upload/adding-content/image-requirements/?country=CN","商品图片文件名称。
禁止符号：/ 和 _。 ","这些品牌包括：
已推广 — 在您的个人帐户中，用闪电图标标记它们。与竞争对手的同类产品相比，此类品牌的产品更受买家关注。

促销是有偿的 –
在“产品和价格 - >品牌 - >我的品牌”部分中管理它。",在该字段中填写要合并的产品的任何相同值。 并以不同的方式，如果货物需要分开。 如果产品具有相同的类型和品牌，并且在组合中的所有产品上不同地填充至少一个可变特征，则将发生组合。 ,从列表中选择。您只能指定一个值。 ,"品的主色或主色。 如果没有完全匹配，请使用最近的颜色。 复杂的颜色应该通过列出简单的颜色来描述。 例如，如果黑色、黄色和白色在产品中占主导地位，则在一个简单的枚举中指定它们。 ""产品颜色""属性是原色。 所有其他颜色可以在""颜色名称""属性中列出，如果它在类别中可用 ",从列表中选择最合适的产品类型。 这些类型参与了Ozon网站上的产品分类。 要正确指定类型，请在Ozon网站上找到与您相似的产品，并在此字段中指定相同的类型。 ,无包装产品的重量（净）克每1SKU。 您只能指定整数或十进制数。 分隔符是一个点 ,"统一计量单位。根据当地法律，必须在销售商品给白俄罗斯共和国的商品时填写。填写的是每个商品的数量，单位是对数或件。
只能填写整数。 ",主题标签的工作方式与社交网络中的工作方式相同：客户可以在卡中单击它们或在搜索中写入。 在此处指定趋势、样式或主题。 例如，对于衣服#oldmoney#kpop#boho，对于家具#斯堪的纳维亚风格#极简主义#loft。 请勿添加品牌、参数或产品名称。  标签必须以#号开头，并且只包含字母和数字。 如果主题标签由2+个单词组成，请用下划线连接它们。 最大长度为30个字符。 指定不超过30个主题标签，用空格分隔 ,商品描述、营销文本 ,"使用JSON格式的模板添加带有照片和视频的扩展产品描述。 有关填写此特征的详细信息，请参阅知识库中的文章""丰富内容""。 ","在此属性中输入相同的值以将产品组合到""类似""组中。 请注意，组内的产品是在个人帐户内第二级的同一类别内收集的。 如果产品具有相同的组名称，但它们属于不同的类别，您将收到多个产品组合。 有关组合成类似产品的详细信息，请参阅知识库中""类似产品""一文 ",唯一标识汽车部件的唯一代码。 您可以根据制造商的非原装备件目录添加零件编号。 如果产品没有型号，请指定卖方代码。 ,如果产品属于特定品牌或专为其设计，则应注明汽车品牌。 如果产品是通用的，适合所有品牌，那么将这个特征留空。 ,,您只能指定整数或小数。分隔符是一个句点。 ,您只能指定整数或小数。分隔符是一个句点。 ,,从列表中选择。您只能指定一个值。 ,请从列表中选择或手动输入。您可以添加多个值，并以分号（；）来分隔。如果属性值中包含分号，那么请将该符号置于双引号中（如“；”）。 ,"的汽车模型。 如果产品是通用的并且适合所有型号，则指定""适用于所有型号""的值。 ",请从列表中选择或手动输入。您可以添加多个值，并以分号（；）来分隔。如果属性值中包含分号，那么请将该符号置于双引号中（如“；”）。 ,请从列表中选择或手动输入。您可以添加多个值，并以分号（；）来分隔。如果属性值中包含分号，那么请将该符号置于双引号中（如“；”）。 ,制造商对产品质量负责的期间。 并且买方可以申请保修案件的退款。 从下拉列表中选择一个值。 ,产品制造/组装的国家，并在包装上注明。 它可能与品牌所在的国家/地区不同。 从列表中选择或手动指定。 您可以添加多个以分号分隔的值。 ,"你在这个SKU下销售多少个工厂包？ 示例：24罐婴儿泥在工厂密封在1包装中，并在其他商店以相同的形式出售—指定值1。
另一个例子：工厂以1或10件的包装生产灯泡，您决定出售3个灯泡并将其密封在一个包装中—属性值将为3 ","如果产品有标记代码(KIZ)，请选择""是""。 我们将在每次装运或交货时检查它。 通过Seller API集成时，将参数传递为""true""  ",商品属性中有严重错误。有错误的商品将不予出售。 ,过时或未填写的商品特征值。当属性模型发生变化时会出现这种情况，但它不会影响商品销售。 
1,FordFocus-3L,"Чехол на автомобиль Ford Focus / Форд Фокус седан 2011–2025, индивидуальный подбор для модели, тент на машину для осени и зимы, защита кузова от дождя, снега, пыли, солнца и листьев, серый, TOZAROA",300,888,是,,,,2000,480,75,350,https://ir.ozone.ru/s3/multimedia-1-z/wc2500/13323837779.jpg,,,TOZAROA COVER,FordFocus,3L,灰色,汽车罩,2000,1,#ford_focus_чехол_для_авто #тент_на_FordFocus #тент_для_седана #чехолдляседана #тент_на_седан #тент_на_ФордФокус #защитаавто #тентнамашину #тентдляавтомобиля #чехол_зимний_на_машину #чехол_автомобильный_от_снега #чехол_на_авто_зимний #чехол_для_машины_на_кузов #чехол_для_машины_от_дождя #чехол_автомобильный_на_кузов #чехолдляавтозимний #чехолнаавтомобиль #чехол_на_автомобиль_тент #чехлы_на_автомобиль #чехолдлямашины #чехол_на_автомобиль_зимний #авточехол #чехол_для_авто #чехолдляавтомобиля #чехолдлядворовойпарковки #тентгараж #тентыдлямашин #автотент #всесезонныйчехол #тентдлямашины,"1. ИНДИВИДУАЛЬНЫЙ ПОДБОР ПО МОДЕЛИ. Код 3L: Ford Focus / Форд Фокус седан 2011–2025. Сверьте поколение, кузов Sedan и год выпуска.
2. ПРОВЕРКА ПЕРЕД ЗАКАЗОМ. Разные поколения Ford Focus имеют разные пропорции кузова; перед заказом проверьте кузов и год, а не только название модели. Код размера различает варианты карточки и не заменяет проверку совместимости.
3. СЕРЫЙ ОДНОСЛОЙНЫЙ PEVA. Лёгкий гладкий материал свободно лежит на кузове и образует естественные складки. Чехол без наружных карманов для зеркал: перед установкой сложите зеркала, затем закройте их сплошным полотном.
4. ДЛЯ ОСЕНИ, ЗИМЫ И УЛИЧНОЙ ПАРКОВКИ. Автомобильный чехол помогает закрыть кузов от дождя, обычного снега, пыли, солнца и листьев во дворе, на улице или открытой стоянке. Подходит для повседневного хранения автомобиля между поездками.
5. УСТАНОВКА И УХОД. Надевайте тент на чистый остывший автомобиль: найдите переднюю часть, расправьте по крыше и опустите края к низу кузова. После дождя или снега снимите, полностью просушите и только затем сложите для хранения.",,Ford,,,,,,"Чехол на автомобиль Ford Focus / Форд Фокус седан 2011–2025, индивидуальный подбор для модели, тент на машину для осени и зимы, защита кузова от дождя, снега, пыли, солнца и листьев, серый, TOZAROA",1,PEVA,,,汽车,,中国,1,,,
,FordFocus-3M,"Чехол для автомобиля Ford Focus / Форд Фокус седан 1998–2011, индивидуальный подбор по модели и году, автомобильный тент для осени и зимы, от дождя, снега, пыли, солнца и листьев, серый, TOZAROA",301,888,是,,,,2000,480,75,350,https://ir.ozone.ru/s3/multimedia-1-z/wc2500/13323837779.jpg,,,TOZAROA COVER,FordFocus,3M,灰色,汽车罩,2000,1,#ford_focus_чехол_для_авто #тент_на_ФордФокус #чехол_для_седана #седан_чехол_для_авто #Чехол_для_седана #автотент #всесезонныйчехол #тентдлямашины #чехолнаавто #пылезащитаавто #защита_авто_от_пыли #чехолотдождя #Защитаотснега #чехолнамашину #всепогодныйчехол #автопокрывало #тент_для_авто #Защита_кузова_авто #чехол_на_кузов_автомобиля #чехол_для_автомобиля_уличный #всесезонный_чехол_на_машину #чехол_для_авто_кузова #автомобильный_чехол_на_кузов #тент_на_автомобиль #чехол_на_автомобиль #авточехолвсесезонный #чехол_на_автомобиль_от_солнца #защитный_чехол_тент #ТентНаМашину #чехол_тент_для_автомобиля,"1. ПОДБОР ДЛЯ СЕДАНА ПО ГОДУ. Код 3M: Ford Focus / Форд Фокус седан 1998–2011. Для более позднего седана предусмотрен другой код.
2. ПРОВЕРКА ПЕРЕД ЗАКАЗОМ. Разные поколения Ford Focus имеют разные пропорции кузова; перед заказом проверьте кузов и год, а не только название модели. Код размера различает варианты карточки и не заменяет проверку совместимости.
3. СЕРЫЙ ОДНОСЛОЙНЫЙ PEVA. Лёгкий гладкий материал свободно лежит на кузове и образует естественные складки. Чехол без наружных карманов для зеркал: перед установкой сложите зеркала, затем закройте их сплошным полотном.
4. ДЛЯ ОСЕНИ, ЗИМЫ И УЛИЧНОЙ ПАРКОВКИ. Автомобильный чехол помогает закрыть кузов от дождя, обычного снега, пыли, солнца и листьев во дворе, на улице или открытой стоянке. Подходит для повседневного хранения автомобиля между поездками.
5. УСТАНОВКА И УХОД. Надевайте тент на чистый остывший автомобиль: найдите переднюю часть, расправьте по крыше и опустите края к низу кузова. После дождя или снега снимите, полностью просушите и только затем сложите для хранения.",,Ford,,,,,,"Чехол для автомобиля Ford Focus / Форд Фокус седан 1998–2011, индивидуальный подбор по модели и году, автомобильный тент для осени и зимы, от дождя, снега, пыли, солнца и листьев, серый, TOZAROA",1,PEVA,,,汽车,,中国,1,,,
,FordFocus-2M,"Чехол на машину Ford Focus / Форд Фокус хэтчбек 3 и 5 дверей, Focus ST, RS, Active 1998–2025, индивидуальный подбор, тент для осени и зимы от дождя, снега, пыли, солнца и листьев, серый, TOZAROA",301,888,是,,,,2000,480,75,350,https://ir.ozone.ru/s3/multimedia-1-z/wc2500/13323837779.jpg,,,TOZAROA COVER,FordFocus,2M,灰色,汽车罩,2000,1,#ford_focus_чехол_для_авто #тент_на_FordFocus #тент_на_хэтчбек #Чехол_для_хэтчбека #хэтчбек_чехол_для_авто #чехол_тент_для_автомобиля #чехол_для_автомобиля #чехолнамашинуотсолнца #автомобильныйчехол #защитамашины #тентдляавто #чехол_на_машину #чехолнамашинуотдождяиснега #АвтоЧехол #защищающая_от_дождя #зимний_чехол #чехол_от_снега_и_дождя #чехол_для_автомобиля_на_зиму #тентчехолнаавтомобиль #Чехолавтомобильныйтент #Чехолнаавтомобиль #чехолавтомобильныйтент #тент_для_машины_универсальный #чехол_на_автомобиль_защитный #всесезонныйтент #чехол_автомобильный #авто_тент #тент_защита_авто_от_солнца #чехолдлякузова #Защита_от_пыли_и_грязи,"1. ВАРИАНТ ДЛЯ ХЭТЧБЕКА. Код 2M: Ford Focus / Форд Фокус хэтчбек 3/5 дверей, Focus ST, Focus RS и Focus Active 1998–2025; также отдельные универсалы 1998–2011 по таблице совместимости.
2. ПРОВЕРКА ПЕРЕД ЗАКАЗОМ. У хэтчбеков и универсалов встречаются близкие годы выпуска, поэтому проверьте тип кузова, версию и год по отдельной схеме совместимости. Код размера различает варианты карточки и не заменяет проверку совместимости.
3. СЕРЫЙ ОДНОСЛОЙНЫЙ PEVA. Лёгкий гладкий материал свободно лежит на кузове и образует естественные складки. Чехол без наружных карманов для зеркал: перед установкой сложите зеркала, затем закройте их сплошным полотном.
4. ДЛЯ ОСЕНИ, ЗИМЫ И УЛИЧНОЙ ПАРКОВКИ. Автомобильный чехол помогает закрыть кузов от дождя, обычного снега, пыли, солнца и листьев во дворе, на улице или открытой стоянке. Подходит для повседневного хранения автомобиля между поездками.
5. УСТАНОВКА И УХОД. Надевайте тент на чистый остывший автомобиль: найдите переднюю часть, расправьте по крыше и опустите края к низу кузова. После дождя или снега снимите, полностью просушите и только затем сложите для хранения.",,Ford,,,,,,"Чехол на машину Ford Focus / Форд Фокус хэтчбек 3 и 5 дверей, Focus ST, RS, Active 1998–2025, индивидуальный подбор, тент для осени и зимы от дождя, снега, пыли, солнца и листьев, серый, TOZAROA",1,PEVA,,,汽车,,中国,1,,,
,FordFocus-2L,"Тент для автомобиля Ford Focus / Форд Фокус универсал, Focus Active, Focus ST 1999–2025, индивидуальный подбор, чехол на машину для осени и зимы от дождя, снега, пыли, солнца и листьев, TOZAROA",301,888,是,,,,2000,480,75,350,https://ir.ozone.ru/s3/multimedia-1-z/wc2500/13323837779.jpg,,,TOZAROA COVER,FordFocus,2L,灰色,汽车罩,2000,1,#ford_focus_чехол_для_авто #тент_на_ФордФокус #чехол_для_универсала #тентдляуниверсала #Чехолдляуниверсала #Защита_от_пыли_и_грязи #чехол_на_автомобиль_от_снега #чехолотснега #чехолнаавтомобильотсолнца #тент_на_авто #тент_чехол #всесезонный_чехол #тент_на_машину_универсальный #чехол_гараж_для_машины_зимний #тент_для_автомобиля_зимний #тент_для_машины #Чехолдляавтомобиля #чехол_автомобильный_тент #ЗащитаОтСнега #чехолотсолнца #защитадлямашины #чехол_для_автомобиля_от_снега #Защитаавтомобиляотпыли #тент_чехол_на_автомобиль #защита_автомобиля_от_солнца #АвтоТент #машинаподзащитой #Солнцезащитныйчехол #Защитаавтокузова #тент_автомобильный,"1. ВАРИАНТ ДЛЯ УНИВЕРСАЛА. Код 2L: Ford Focus / Форд Фокус универсал, Focus Active Wagon и Focus ST Wagon 1999–2025 по таблице совместимости.
2. ПРОВЕРКА ПЕРЕД ЗАКАЗОМ. У хэтчбеков и универсалов встречаются близкие годы выпуска, поэтому проверьте тип кузова, версию и год по отдельной схеме совместимости. Код размера различает варианты карточки и не заменяет проверку совместимости.
3. СЕРЫЙ ОДНОСЛОЙНЫЙ PEVA. Лёгкий гладкий материал свободно лежит на кузове и образует естественные складки. Чехол без наружных карманов для зеркал: перед установкой сложите зеркала, затем закройте их сплошным полотном.
4. ДЛЯ ОСЕНИ, ЗИМЫ И УЛИЧНОЙ ПАРКОВКИ. Автомобильный чехол помогает закрыть кузов от дождя, обычного снега, пыли, солнца и листьев во дворе, на улице или открытой стоянке. Подходит для повседневного хранения автомобиля между поездками.
5. УСТАНОВКА И УХОД. Надевайте тент на чистый остывший автомобиль: найдите переднюю часть, расправьте по крыше и опустите края к низу кузова. После дождя или снега снимите, полностью просушите и только затем сложите для хранения.",,Ford,,,,,,"Тент для автомобиля Ford Focus / Форд Фокус универсал, Focus Active, Focus ST 1999–2025, индивидуальный подбор, чехол на машину для осени и зимы от дождя, снега, пыли, солнца и листьев, TOZAROA",1,PEVA,,,汽车,,中国,1,,,
,FordFocus-4M,"Чехол на автомобиль Ford Focus / Форд Фокус купе, купе-кабриолет 2007–2011, индивидуальный подбор, тент на машину с закрытой крышей для осени и зимы от дождя, снега, пыли и листьев, TOZAROA",301,888,是,,,,2000,480,75,350,https://ir.ozone.ru/s3/multimedia-1-z/wc2500/13323837779.jpg,,,TOZAROA COVER,FordFocus,4M,灰色,汽车罩,2000,1,#ford_focus_чехол_для_авто #тент_на_FordFocus #тент_автомобильный #чехол_тент_на_автомобиль #тентнаавтомобиль #ВсесезонныйТент #Защита_от_снега #тент_для_машины_от_солнца #ЧехолДляМашины #чехол_на_машину_от_дождя #тентавто #тент_на_кузов #тентавтомобильный #чехолнаавтомобильтент #защитный_тент_на_автомобиль #чехолдляавтоотсолнца #Защитаавтомобиляотдождя #тент_на_автомобиль_защитный #Защитаотдождяиснега #Уличнаяпарковка #чехолавтомобильноготента #автомобильный_тент #чехол_на_машину_от_снега #от_листьев #Чехол_на_автомобиль #чехолтентнаавтомобиль #чехол_на_кузов #чехол_для_машины_от_солнца #ЗащитныйТент #Тентавто,"1. ПОДБОР ДЛЯ КУПЕ. Код 4M: Ford Focus / Форд Фокус купе 2007–2010 и купе-кабриолет 2007–2011. Кабриолет накрывают только при полностью закрытой крыше.
2. ПРОВЕРКА ПЕРЕД ЗАКАЗОМ. Разные поколения Ford Focus имеют разные пропорции кузова; перед заказом проверьте кузов и год, а не только название модели. Код размера различает варианты карточки и не заменяет проверку совместимости.
3. СЕРЫЙ ОДНОСЛОЙНЫЙ PEVA. Лёгкий гладкий материал свободно лежит на кузове и образует естественные складки. Чехол без наружных карманов для зеркал: перед установкой сложите зеркала, затем закройте их сплошным полотном.
4. ДЛЯ ОСЕНИ, ЗИМЫ И УЛИЧНОЙ ПАРКОВКИ. Автомобильный чехол помогает закрыть кузов от дождя, обычного снега, пыли, солнца и листьев во дворе, на улице или открытой стоянке. Подходит для повседневного хранения автомобиля между поездками.
5. УСТАНОВКА И УХОД. Надевайте тент на чистый остывший автомобиль: найдите переднюю часть, расправьте по крыше и опустите края к низу кузова. После дождя или снега снимите, полностью просушите и только затем сложите для хранения.",,Ford,,,,,,"Чехол на автомобиль Ford Focus / Форд Фокус купе, купе-кабриолет 2007–2011, индивидуальный подбор, тент на машину с закрытой крышей для осени и зимы от дождя, снега, пыли и листьев, TOZAROA",1,PEVA,,,汽车,,中国,1,,,
6,ToyotaRAV4-M,"Чехол на автомобиль Tozaroa для Toyota RAV4 SUV 5 дверей и Long 2005–2026, серый всесезонный тент на машину для парковки от дождя, снега, солнца, пыли и листьев, без карманов для зеркал",301,888,是,,,,800,260,60,300,,,,Tozaroa,ToyotaRAV4,M,灰色,汽车罩,800,1,#защитаавто #тентнамашину #тентдляавтомобиля #чехолнаавтомобиль #авточехол #чехолдлямашины #чехол_для_авто #автотент #тент_для_автомобиля #чехолнаавто #тентдлямашины #пылезащитаавто #чехолнамашину #всепогодныйчехол #автопокрывало #тентнаавто #чехол_на_машину_кроссовер #защитный_чехол_тент,"1. СОВМЕСТИМОСТЬ. Чехол подготовлен для Toyota RAV4 размера M; перед заказом обязательно сопоставьте год выпуска, тип кузова и версию автомобиля со списком на отдельном изображении совместимости. 2. МАТЕРИАЛ. Лёгкое однослойное полотно PEVA серого цвета имеет гладкую поверхность, мягкий матово-сатиновый блеск, естественно драпируется и не имитирует утеплённый или стёганый чехол. 3. КОНСТРУКЦИЯ БЕЗ КАРМАНОВ. Перед установкой сложите штатные зеркала; затем цельное полотно закрывает зеркала, кузов, стёкла, фары, дверные ручки и верхнюю часть колёс. Отдельных ушек и светоотражающих полос нет. 4. ДЛЯ ЕЖЕДНЕВНОЙ ПАРКОВКИ. Чехол помогает закрыть автомобиль от обычного дождя и снега, дорожной пыли, солнечного света и опавших листьев. Не заявляются утепление, защита от града или экстремального ветра. 5. УСТАНОВКА И УХОД. Используйте на чистом остывшем автомобиле: сложите зеркала, расправьте полотно по крыше и опустите края. После использования протрите загрязнения, полностью просушите и аккуратно сложите чехол.",,Toyota,,Toyota,,,,"Чехол на автомобиль Tozaroa для Toyota RAV4 SUV 5 дверей и Long 2005–2026, серый всесезонный тент на машину для парковки от дождя, снега, солнца, пыли и листьев, без карманов для зеркал",1,PEVA,Toyota RAV4,Без карманов для зеркал,汽车,,中国,1,,,
7,ToyotaRAV4-S,"Чехол на автомобиль Tozaroa для Toyota RAV4 SUV 5 дверей 1994–2016, серый всесезонный тент на машину для уличной парковки от дождя, снега, солнца, пыли и листьев, без карманов для зеркал",301,888,是,,,,800,260,60,300,,,,Tozaroa,ToyotaRAV4,S,灰色,汽车罩,800,1,#защитаавто #тентнамашину #тентдляавтомобиля #чехолнаавтомобиль #авточехол #чехолдлямашины #чехол_для_авто #автотент #тент_для_автомобиля #чехолнаавто #тентдлямашины #пылезащитаавто #чехолнамашину #всепогодныйчехол #автопокрывало #тентнаавто #чехол_на_машину_кроссовер #защитный_чехол_тент,"1. СОВМЕСТИМОСТЬ. Чехол подготовлен для Toyota RAV4 размера S; перед заказом обязательно сопоставьте год выпуска, тип кузова и версию автомобиля со списком на отдельном изображении совместимости. 2. МАТЕРИАЛ. Лёгкое однослойное полотно PEVA серого цвета имеет гладкую поверхность, мягкий матово-сатиновый блеск, естественно драпируется и не имитирует утеплённый или стёганый чехол. 3. КОНСТРУКЦИЯ БЕЗ КАРМАНОВ. Перед установкой сложите штатные зеркала; затем цельное полотно закрывает зеркала, кузов, стёкла, фары, дверные ручки и верхнюю часть колёс. Отдельных ушек и светоотражающих полос нет. 4. ДЛЯ ЕЖЕДНЕВНОЙ ПАРКОВКИ. Чехол помогает закрыть автомобиль от обычного дождя и снега, дорожной пыли, солнечного света и опавших листьев. Не заявляются утепление, защита от града или экстремального ветра. 5. УСТАНОВКА И УХОД. Используйте на чистом остывшем автомобиле: сложите зеркала, расправьте полотно по крыше и опустите края. После использования протрите загрязнения, полностью просушите и аккуратно сложите чехол.",,Toyota,,Toyota,,,,"Чехол на автомобиль Tozaroa для Toyota RAV4 SUV 5 дверей 1994–2016, серый всесезонный тент на машину для уличной парковки от дождя, снега, солнца, пыли и листьев, без карманов для зеркал",1,PEVA,Toyota RAV4,Без карманов для зеркал,汽车,,中国,1,,,
8,ToyotaRAV4-YS,"Чехол на автомобиль Tozaroa для Toyota RAV4 SUV 3 двери и короткой базы 1994–2006, серый всесезонный тент на машину от дождя, снега, солнца, пыли и листьев, без карманов для зеркал",301,888,是,,,,800,260,60,300,,,,Tozaroa,ToyotaRAV4,YS,灰色,汽车罩,800,1,#защитаавто #тентнамашину #тентдляавтомобиля #чехолнаавтомобиль #авточехол #чехолдлямашины #чехол_для_авто #автотент #тент_для_автомобиля #чехолнаавто #тентдлямашины #пылезащитаавто #чехолнамашину #всепогодныйчехол #автопокрывало #тентнаавто #чехол_на_машину_кроссовер #защитный_чехол_тент,"1. СОВМЕСТИМОСТЬ. Чехол подготовлен для Toyota RAV4 размера YS; перед заказом обязательно сопоставьте год выпуска, тип кузова и версию автомобиля со списком на отдельном изображении совместимости. 2. МАТЕРИАЛ. Лёгкое однослойное полотно PEVA серого цвета имеет гладкую поверхность, мягкий матово-сатиновый блеск, естественно драпируется и не имитирует утеплённый или стёганый чехол. 3. КОНСТРУКЦИЯ БЕЗ КАРМАНОВ. Перед установкой сложите штатные зеркала; затем цельное полотно закрывает зеркала, кузов, стёкла, фары, дверные ручки и верхнюю часть колёс. Отдельных ушек и светоотражающих полос нет. 4. ДЛЯ ЕЖЕДНЕВНОЙ ПАРКОВКИ. Чехол помогает закрыть автомобиль от обычного дождя и снега, дорожной пыли, солнечного света и опавших листьев. Не заявляются утепление, защита от града или экстремального ветра. 5. УСТАНОВКА И УХОД. Используйте на чистом остывшем автомобиле: сложите зеркала, расправьте полотно по крыше и опустите края. После использования протрите загрязнения, полностью просушите и аккуратно сложите чехол.",,Toyota,,Toyota,,,,"Чехол на автомобиль Tozaroa для Toyota RAV4 SUV 3 двери и короткой базы 1994–2006, серый всесезонный тент на машину от дождя, снега, солнца, пыли и листьев, без карманов для зеркал",1,PEVA,Toyota RAV4,Без карманов для зеркал,汽车,,中国,1,,,
