background_id,scene_id,theme,vehicle,width,height,file,source,license,usage,status,sha256,qa,requested,notes
bg_autumn_stone_residence_001,autumn_stone_residence,renault_logan,volkswagen_tiguan,1086,1448,inputs/background_library/bg_autumn_stone_residence_001.png,imagegen,ai_generated,direct,generated,8726ba9e00e0c5e70f6078d295b0f11e4babbc4f3a6abcb0c172e0f263a11699,ok,2026-09-30,Tiguan S 背景 demo 2/5
bg_frosty_forest_overlook_001,frosty_forest_overlook,renault_logan,volkswagen_tiguan,1086,1448,inputs/background_library/bg_frosty_forest_overlook_001.png,imagegen,ai_generated,direct,generated,dce9b2f5ad2652f7a6b6a6ebf79a9cc03ea1115bfd910bca8dec21c4086b4ccc,ok,2026-09-30,Tiguan S 背景 demo 3/5
bg_riverside_promenade_001,riverside_promenade,renault_logan,volkswagen_tiguan,1086,1448,inputs/background_library/bg_riverside_promenade_001.png,imagegen,ai_generated,direct,generated,3f02c7ef869aeaf672d5b7c9821b4c48f7e3a67b25ebd4acf8ffbb3bc346a96f,ok,2026-09-30,Tiguan S 背景 demo 5/5
bg_wet_urban_park_001,wet_urban_park,renault_logan,volkswagen_tiguan,1086,1448,inputs/background_library/bg_wet_urban_park_001.png,imagegen,ai_generated,direct,generated,f2a1a0a0b05c0dc9fe872794767a3ad9298d9b1ea019749ad45da537a1a2e9f8,ok,2026-09-30,Tiguan S 背景 demo 4/5
bg_winter_lakeside_001,winter_lakeside,renault_logan,volkswagen_tiguan,1086,1448,inputs/background_library/bg_winter_lakeside_001.png,imagegen,ai_generated,direct,generated,b1c03a95f76ca6653ef4a8e9f73dfd8e0cc4adb0d158458c42bb0a5343119843,ok,2026-09-30,volkswagen_tiguan sku S;M
bg_snowy_alpine_lodge_001,snowy_alpine_lodge,renault_logan,volkswagen_tiguan,1086,1448,inputs/background_library/bg_snowy_alpine_lodge_001.png,imagegen,ai_generated,direct,generated,8bc70406cbc3ac815602c7b08af686a2d5720f771d5179918da4d3a9260e98f7,ok,2026-09-30,Tiguan S background demo 6/15
bg_coastal_cliff_overlook_001,coastal_cliff_overlook,renault_logan,volkswagen_tiguan,1086,1448,inputs/background_library/bg_coastal_cliff_overlook_001.png,imagegen,ai_generated,direct,generated,14a8e97dfdd55120eecde63ba7ae101a6b70ddb5b488384b3913e47bcce45cb2,ok,2026-09-30,Tiguan S background demo 7/15
bg_frosted_birch_grove_001,frosted_birch_grove,renault_logan,volkswagen_tiguan,1086,1448,inputs/background_library/bg_frosted_birch_grove_001.png,imagegen,ai_generated,direct,generated,bbe8014380052e04f7d7140004f8ca991ea8053a33a1377435e1fe9ece6e3975,ok,2026-09-30,Tiguan S background demo 8/15
bg_modern_villa_courtyard_001,modern_villa_courtyard,renault_logan,volkswagen_tiguan,1086,1448,inputs/background_library/bg_modern_villa_courtyard_001.png,imagegen,ai_generated,direct,generated,68d4d986980a6bc356333a2dfcfd6fa6bd8f8bbba33d38fe89df169156bb698e,ok,2026-09-30,Tiguan S background demo 9/15
bg_misty_mountain_valley_001,misty_mountain_valley,renault_logan,volkswagen_tiguan,1086,1448,inputs/background_library/bg_misty_mountain_valley_001.png,imagegen,ai_generated,direct,generated,eb90ec95c99627829e4767de88fd8830693faa1ba905ba7491b3741929dab053,ok,2026-09-30,Tiguan S background demo 10/15
bg_meadow_lakeshore_001,meadow_lakeshore,renault_logan,volkswagen_tiguan,1086,1448,inputs/background_library/bg_meadow_lakeshore_001.png,imagegen,ai_generated,direct,generated,dfdc85cfeb02a584e1f264fd01dc7306dc2f778483ab7918c56bb2128b7b0afe,ok,2026-09-30,Tiguan S background demo 11/15
bg_autumn_manor_drive_001,autumn_manor_drive,renault_logan,volkswagen_tiguan,1086,1448,inputs/background_library/bg_autumn_manor_drive_001.png,imagegen,ai_generated,direct,generated,7daa1590ebc857c5288979202facc105a93bb2afbe42ce8b8f2581bd2bf556e0,ok,2026-09-30,Tiguan S background demo 12/15
bg_stone_bridge_valley_001,stone_bridge_valley,renault_logan,volkswagen_tiguan,1086,1448,inputs/background_library/bg_stone_bridge_valley_001.png,imagegen,ai_generated,direct,generated,958dbcb1623c7d5378d767f0896d6dfab7f0f85563994c4f39b3dde63b16e74e,ok,2026-09-30,Tiguan S background demo 13/15
bg_winter_city_plaza_001,winter_city_plaza,renault_logan,volkswagen_tiguan,1086,1448,inputs/background_library/bg_winter_city_plaza_001.png,imagegen,ai_generated,direct,generated,a78c0a0919170112d5650f284a6d07ab4e8087c6f1fedf53a68152201e20bba5,ok,2026-09-30,Tiguan S background demo 14/15
bg_pine_forest_retreat_001,pine_forest_retreat,renault_logan,volkswagen_tiguan,1086,1448,inputs/background_library/bg_pine_forest_retreat_001.png,imagegen,ai_generated,direct,generated,ad664d9a44080dcd174407418712c164b7b2e907c05b3c0de6be0e34044b50b5,ok,2026-09-30,Tiguan S background demo 15/15
