csv_dir,source_key,source_sha256,sheets
listing_summary/snapshots/20260924-1631_写回前备份,archive/spreadsheets/listing_summary/Ozon上架链接汇总_写回前备份.xlsx,459b3c215a5a6dd7d4129a8baab22da9e8bf4a5dbb99b9aec6190ef4ac83f1ad,ozon跨境一店;ozon跨境二店;Ozon上架链接汇总
listing_summary/snapshots/20260928-1421_两店对应完成_待写回,archive/spreadsheets/listing_summary/Ozon上架链接汇总_两店对应完成_待写回.xlsx,667d479f0927935d473974fd13fcd923b7e7138edeed58cbe8b55a576cd77ed4,ozon跨境一店;ozon跨境二店;Ozon上架链接汇总
listing_summary/snapshots/20260928-1451_RAV4_候选,archive/spreadsheets/listing_summary/Ozon上架链接汇总_RAV4_候选.xlsx,232aadb8fa48f30e7bb354aea8c4140797536d5f16c684be2bfb6efa6ca5ae5b,ozon跨境一店;ozon跨境二店;Ozon上架链接汇总
listing_summary/snapshots/20260928-1454_尺码优化前备份,archive/spreadsheets/listing_summary/Ozon上架链接汇总_尺码优化前备份.xlsx,ad52e4e3d2df002653afe1cc5246bb1b60fd8dfa80c0b5334afaa286a6988ad6,ozon跨境一店;ozon跨境二店;Ozon上架链接汇总
listing_summary/snapshots/20260928-1605_尺码优化候选,archive/spreadsheets/listing_summary/Ozon上架链接汇总_尺码优化候选.xlsx,5ea33624d7c1e93e483f49525f54290070c056952f877ab205cc28f808f4f01b,ozon跨境一店;ozon跨境二店;Ozon上架链接汇总
listing_summary/snapshots/20260928-1606_取消YS人工指定前备份,archive/spreadsheets/listing_summary/Ozon上架链接汇总_取消YS人工指定前备份.xlsx,cb93493b27a0f25520adcf95e452541ed97b27babdcd6dc104cde62471932187,ozon跨境一店;ozon跨境二店;Ozon上架链接汇总
listing_summary/snapshots/20260928-1616_RAV4实际检索候选,archive/spreadsheets/listing_summary/Ozon上架链接汇总_RAV4实际检索候选.xlsx,7721d5a3a1bca65037d4a058c31d2c891b4b54d39dc751f8c39b5d48681d9050,ozon跨境一店;ozon跨境二店;Ozon上架链接汇总
listing_summary/snapshots/20260928-1617_修正Lada2121前备份,archive/spreadsheets/listing_summary/Ozon上架链接汇总_修正Lada2121前备份.xlsx,4853f5222c895f9d39e232be0412d412f84b2ac892ed21bf5d9b483b1c55b200,ozon跨境一店;ozon跨境二店;Ozon上架链接汇总
listing_summary/snapshots/20260928-1623_Lada2121实际尺码候选,archive/spreadsheets/listing_summary/Ozon上架链接汇总_Lada2121实际尺码候选.xlsx,68b5edc4d992069140544ec98990cabdc5feb29047d75f436ae02b62bf26a84d,ozon跨境一店;ozon跨境二店;Ozon上架链接汇总
listing_summary/snapshots/20260928-1629_LandCruiser同步前备份,archive/spreadsheets/listing_summary/Ozon上架链接汇总_LandCruiser同步前备份.xlsx,d27a2a6327137ca541c7dbd0f97a9aa820e3214cdc2c62a2c6ce78162649b440,ozon跨境一店;ozon跨境二店;Ozon上架链接汇总
listing_summary/snapshots/20260928-1756_LandCruiser_写回候选,archive/spreadsheets/listing_summary/Ozon上架链接汇总_LandCruiser_写回候选.xlsx,d42b5871e5a938f36fd6c1b8e7897b98a85e2dd699e6aa09100b0747146a8839,ozon跨境一店;ozon跨境二店;Ozon上架链接汇总
reference/ozon_top1000,inputs/spreadsheets/ozon1000排名.xlsx,1582b32c5d4679aa819bb012de964ffd80af57673a373d33a87ae7d1de503f12,200;1000;Data_(200);Data_(1000)
reference/ru_sales_0928,inputs/spreadsheets/俄罗斯带销量数据_0928.xlsx,07adae4d2dc1e99c058da9c862e34ac0b537f045ad8e24543bb1265f35f7e5ea,RU尺寸组&销量;RU尺码表;Sheet1
reference/search_keywords,inputs/spreadsheets/ozon汽车车罩搜索词词库 - - 副本.xlsx,b62cf176690bd074a233b54d84274d8a4cc10db2805feca0d45ea7e7ea5dbf91,Data
reference/tag_bank,inputs/spreadsheets/汽车车罩标签词 - 副本.xlsx,4423ec2cf5ee11d1803fc68f32a2e2e2be214cb1c2d0cca82a8abefa17d88eeb,Data
templates/official_listing_template,archive/spreadsheets/official_template/汽车罩官方上架模板_写回前备份.xlsx,07f675a5f02bc8941f38a791eef070718c7a42eed41c6966cf31469cb82c50ab,模板;configs;info;Ozon.视频;Ozon视频封面;PDF_文件;validation;Ozon视频_validation;Ozon视频封面_validation;PDF文件_validation
vehicles/renault_logan/official_listing,outputs/vehicles/renault_logan/package/04_上架资料/Renault_Logan_Tozaroa_官方上架表.xlsx,812702b91b71e9dbe6aef32d85800cefea2c7895abd325f7cd2c7f901092ad13,模板;configs;info;Ozon.视频;Ozon视频封面;PDF_文件;validation;Ozon视频_validation;Ozon视频封面_validation;PDF文件_validation
vehicles/toyota_land_cruiser/official_listing,outputs/vehicles/toyota_land_cruiser/package/04_上架资料/Toyota_Land_Cruiser_Tozaroa_官方上架表.xlsx,222045a38f91d14c80907b85336fedc72173d02d9dbdc5d49ad0ea6895acb295,模板;configs;info;Ozon.视频;Ozon视频封面;PDF_文件;validation;Ozon视频_validation;Ozon视频封面_validation;PDF文件_validation
vehicles/toyota_rav4/official_listing,archive/spreadsheets/official_template/汽车罩官方上架模板_RAV4_候选.xlsx,5f3c733afd5125453d4f5d5432d9342be7dd25b5147f650e487d445eaf2b6d3f,模板;configs;info;Ozon.视频;Ozon视频封面;PDF_文件;validation;Ozon视频_validation;Ozon视频封面_validation;PDF文件_validation
