"SKU","实际发货尺码","品牌","车型","适配","标题","标题字符数","标签","标签数量","五点介绍","颜色","材质","主图","车型图","共用SKU图"
"3M","L","Tozaroa","Renault Logan","Renault Logan Sedan и Stepway 2004–2022","Чехол на автомобиль Tozaroa для Renault Logan Sedan и Stepway 2004–2022, серый всесезонный тент на весь кузов машины от дождя, снега, солнца, пыли и листьев, без карманов для зеркал","181","#чехолнаРеноЛоган #чехолнаRenaultLogan #чехол_для_машины_от_дождя #чехол_от_снега_и_дождя #пылезащитаавто #всесезонныйчехол #чехол_на_кузов #уличная_парковка #тент_для_седана #чехолдляседана #чехол_гараж_для_седана #тентдляседана #Тентседан #Чехолнаседан #тент_на_седан #тентчехолнаавтомобильседан #зимний_чехол_для_седана #чехолтентнаавтомобильседан #седан_зимний_чехол #чехол_для_седана_зимний #Чехол_для_седана #тентнаседан #портативный_гараж_на_седан #седан_тент_чехол_для_авто #седан_чехол_для_авто #чехол_для_седана #чехол_в_гараж_от_пыли #защита_кузова_от_пыли #парковка_зимой","29","1. ТОЧНАЯ ПРИВЯЗКА К МОДЕЛИ. Вариант 3M подготовлен для Renault Logan с кузовом седан, включая версию Stepway, годов выпуска 2004–2022. Перед заказом обязательно сверьте модель, тип кузова и год: этот вариант не предназначен для Logan MCV/Wagon.
2. СПЛОШНАЯ КОНСТРУКЦИЯ БЕЗ КАРМАНОВ ДЛЯ ЗЕРКАЛ. Боковые зеркала складываются перед установкой и остаются под единым полотном. Такая схема сохраняет аккуратный силуэт, уменьшает количество выступающих деталей и подходит для повседневного накрывания автомобиля на парковке.
3. СЕРЫЙ ОДНОСЛОЙНЫЙ PEVA. Лёгкий гладкий материал помогает закрыть кузов от обычных осадков, снега, солнечного света, дорожной пыли и опавших листьев. Чехол не является утеплителем и не заменяет стационарный гараж; заявленные свойства относятся к бытовой защите припаркованного автомобиля.
4. ДЛЯ УЛИЦЫ И ГАРАЖА. Полное покрытие кузова помогает поддерживать автомобиль чище между поездками и сокращает прямой контакт лакокрасочного покрытия с пылью и сезонными загрязнениями. Надевайте только на остывший автомобиль и чистую поверхность без острых предметов.
5. УСТАНОВКА И УХОД. Сначала определите переднюю и заднюю части, сложите зеркала, равномерно расправьте материал по крыше, капоту и багажнику, затем проверьте посадку по периметру. После дождя просушите чехол перед хранением; очищайте мягкой влажной тканью без абразивов.","灰色","PEVA","../01_主图/Renault_Logan_3M_主图_1086x1448.png","../02_车型适配图/Renault_Logan_3M_车型适配图_1086x1448.png","../03_SKU共用图/Renault_Logan_3M_2M_SKU共用选择图_1086x1448.png"
"2M","L","Tozaroa","Renault Logan","Renault Logan Wagon и MCV 2009–2018","Чехол на автомобиль Tozaroa для Renault Logan MCV Wagon 2009–2018, серый всесезонный тент на весь кузов универсала Logan от дождя, снега, солнца, пыли и листьев, без карманов для зеркал","185","#чехолнаРеноЛоган #чехолнаRenaultLogan #чехол_для_машины_от_дождя #чехол_от_снега_и_дождя #пылезащитаавто #всесезонныйчехол #чехол_на_кузов #уличная_парковка #чехол_для_универсала #тентдляуниверсала #Чехолдляуниверсала #Чехолдляавтоуниверсал #универсальныйавточехол #чехол_на_авто_универсальный #чехолнаавтоуниверсальный #тентавтомобиляуниверсальный #тентдлямашиныуниверсальный #чехол_для_авто_универсальный #чехолавтомобиляуниверсальный #УниверсальноеПокрывало #автопокрывало_всесезонное #чехол_на_машину_всесезонный #автомобильный_чехол_на_кузов #всесезонныйтент #Всесезоннаязащита #Открытая_парковка #парковка_на_улице #Чехолдлякузоваавтомобиля #тентнакузовмашины","29","1. ДЛЯ ДЛИННОГО КУЗОВА MCV. Вариант 2M рассчитан на Renault Logan MCV/Wagon с кузовом универсал 2009–2018 годов. Удлинённая зона крыши и багажного отделения учтена отдельно от седана; перед покупкой проверьте, что у вас именно MCV или Wagon, а не обычный Logan Sedan/Stepway.
2. НЕПРЕРЫВНОЕ ПОЛОТНО БЕЗ УШЕЙ. Чехол выполнен без наружных карманов для зеркал: зеркала необходимо сложить, после чего единое полотно закрывает боковые зоны. Это формирует спокойную посадку без лишних выступов и облегчает регулярное использование на стоянке.
3. ЛЁГКИЙ СЕРЫЙ PEVA. Однослойный гладкий материал предназначен для базовой сезонной защиты кузова от дождя, снега, солнечного света, пыли и листьев. Материал не следует воспринимать как утеплённый, стёганый или толстый многослойный чехол; характеристики указаны без завышенных обещаний.
4. ПОЛНОЕ ПОКРЫТИЕ УНИВЕРСАЛА. Чехол закрывает капот, длинную крышу, боковины и заднюю грузовую часть, помогая сохранить кузов чище при уличной, дворовой или гаражной парковке. Не надевайте изделие на горячий автомобиль и не оставляйте под полотном острые выступающие предметы.
5. ПРАВИЛЬНАЯ УСТАНОВКА. Разложите чехол рядом с автомобилем, определите перед и зад, сложите зеркала, затем постепенно расправьте материал от крыши к бамперам и проверьте края по всему периметру. После влажной погоды полностью просушите изделие; храните в сухом виде и очищайте без жёстких щёток.","灰色","PEVA","../01_主图/Renault_Logan_2M_主图_1086x1448.png","../02_车型适配图/Renault_Logan_2M_车型适配图_1086x1448.png","../03_SKU共用图/Renault_Logan_3M_2M_SKU共用选择图_1086x1448.png"