排名,关键词,类目,关键词相关产品,销售方式,平均价格,销量,销售额,月搜热度,月搜增长,商品数,竞对数,竞品数,加购人数,加购率,转化率,评论数,评分,市场空间,商品可见度,转化集中度,重量,体积,退货取消率
1,"теплый гараж для автомобиля
(汽车保温车库)","汽车罩
Чехол на автомобиль",https://ir.ozone.ru/s3/multimedia-1-v/wc300/15188406655.jpg;https://ir.ozone.ru/s3/multimedia-1-o/wc300/13870156092.jpg;https://ir.ozone.ru/s3/multimedia-1-4/wc300/14969603020.jpg;https://ir.ozone.ru/s3/multimedia-1-p/wc300/8803369429.jpg;https://ir.ozone.ru/s3/multimedia-1-o/wc300/15188402940.jpg;https://ir.ozone.ru/s3/multimedia-1-i/wc300/13474801818.jpg;https://ir.ozone.ru/s3/multimedia-1-n/wc300/14363004083.jpg;https://ir.ozone.ru/s3/multimedia-1-y/wc300/8824861222.jpg;https://ir.ozone.ru/s3/multimedia-1-w/wc300/15188408708.jpg;https://ir.ozone.ru/s3/multimedia-1-8/wc300/15279876692.jpg,跨境卖家可售,5575₽,78,194352₽,427,690.74%,,79,489,73,16.90%,0.90%,1235,4.6,1,38,41.72%,4704 g,51.66 L,9.24%
2,чехол на машину седан,"汽车罩
Чехол на автомобиль",https://ir.ozone.ru/s3/multimedia-1-d/wc300/8569261741.jpg;https://ir.ozone.ru/s3/multimedia-1-q/wc300/14165630558.jpg;https://ir.ozone.ru/s3/multimedia-1-a/wc300/15073817302.jpg;https://ir.ozone.ru/s3/multimedia-1-1/wc300/10090258849.jpg;https://ir.ozone.ru/s3/multimedia-1-0/wc300/14765072688.jpg;https://ir.ozone.ru/s3/multimedia-1-a/wc300/15073752358.jpg;https://ir.ozone.ru/s3/multimedia-1-v/wc300/9479249599.jpg;https://ir.ozone.ru/s3/multimedia-1-a/wc300/14165542162.jpg;https://ir.ozone.ru/s3/multimedia-1-h/wc300/14849374805.jpg;https://ir.ozone.ru/s3/multimedia-1-e/wc300/9845754314.jpg,跨境卖家可售,2854₽,147,337656₽,347,530.91%,,85,250,82,24.60%,8.99%,1647,4.7,1,31.5,40.23%,2113 g,19.73 L,13.58%
3,"тёплый гараж для автомобиля зимний
(汽车冬季保暖车库)","汽车罩
Чехол на автомобиль",https://ir.ozone.ru/s3/multimedia-1-v/wc300/15188406655.jpg;https://ir.ozone.ru/s3/multimedia-1-o/wc300/13870156092.jpg;https://ir.ozone.ru/s3/multimedia-1-4/wc300/14969603020.jpg;https://ir.ozone.ru/s3/multimedia-1-s/wc300/13859605072.jpg;https://ir.ozone.ru/s3/multimedia-1-e/wc300/8839509458.jpg;https://ir.ozone.ru/s3/multimedia-1-8/wc300/15279876692.jpg;https://ir.ozone.ru/s3/multimedia-1-w/wc300/15188408708.jpg;https://ir.ozone.ru/s3/multimedia-1-v/wc300/13474785955.jpg;https://ir.ozone.ru/s3/multimedia-1-p/wc300/8803369429.jpg;https://ir.ozone.ru/s3/multimedia-1-e/wc300/15188407106.jpg,跨境卖家可售,5241₽,151,266222₽,289,425.45%,,91,558,49,17.00%,2.38%,1609,4.7,1,32.8,53.30%,4466 g,49.14 L,9.97%
4,гараж наташа,"汽车罩
Чехол на автомобиль",https://ir.ozone.ru/s3/multimedia-1-p/wc300/8803369429.jpg;https://ir.ozone.ru/s3/multimedia-1-v/wc300/8803367131.jpg;https://ir.ozone.ru/s3/multimedia-1-s/wc300/7162125220.jpg;https://ir.ozone.ru/s3/multimedia-1-4/wc300/12275423104.jpg;https://ir.ozone.ru/s3/multimedia-1-5/wc300/11740824401.jpg;https://ir.ozone.ru/s3/multimedia-1-w/wc300/8803369364.jpg;https://ir.ozone.ru/s3/multimedia-1-9/wc300/12329006157.jpg;https://ir.ozone.ru/s3/multimedia-1-n/wc300/11740908551.jpg;https://ir.ozone.ru/s3/multimedia-1-5/wc300/11740824401.jpg;https://ir.ozone.ru/s3/multimedia-1-8/wc300/8803368116.jpg,跨境卖家可售,8083₽,113,133088₽,263,387.04%,,38,186,30,11.60%,1.14%,2176,4.3,1,27,57.75%,6621 g,78.34 L,6.64%
5,"гараж ракушка для автомобиля металлический
(金属汽车贝壳车库)","汽车罩
Чехол на автомобиль",https://ir.ozone.ru/s3/multimedia-1-d/wc300/13940374225.jpg;https://ir.ozone.ru/s3/multimedia-1-3/wc300/13988041347.jpg;https://ir.ozone.ru/s3/multimedia-1-l/wc300/7458893589.jpg;https://ir.ozone.ru/s3/multimedia-1-l/wc300/7458893589.jpg;https://ir.ozone.ru/s3/multimedia-1-l/wc300/7458893589.jpg;https://ir.ozone.ru/s3/multimedia-1-w/wc300/9123578564.jpg;https://ir.ozone.ru/s3/multimedia-1-0/wc300/9066938508.jpg;https://ir.ozone.ru/s3/multimedia-1-c/wc300/8326575444.jpg;https://ir.ozone.ru/s3/multimedia-1-p/wc300/13993766197.jpg;https://ir.ozone.ru/s3/multimedia-1-0/wc300/13940382312.jpg,跨境卖家可售,66800₽,22,232677₽,276,338.10%,,44,175,19,6.80%,0.00%,250,4.3,2,51.8,45.19%,278278 g,1713.09 L,8.16%
6,"чехол на машину универсальный от снега и дождя
(防雪防雨通用车套)","汽车罩
Чехол на автомобиль",https://ir.ozone.ru/s3/multimedia-1-1/wc300/10090258849.jpg;https://ir.ozone.ru/s3/multimedia-1-q/wc300/14165630558.jpg;https://ir.ozone.ru/s3/multimedia-1-a/wc300/15073817302.jpg;https://ir.ozone.ru/s3/multimedia-1-o/wc300/12876296028.jpg;https://ir.ozone.ru/s3/multimedia-1-a/wc300/14165542162.jpg;https://ir.ozone.ru/s3/multimedia-1-t/wc300/15028342733.jpg;https://ir.ozone.ru/s3/multimedia-1-0/wc300/9308741148.jpg;https://ir.ozone.ru/s3/multimedia-1-i/wc300/15051073662.jpg;https://ir.ozone.ru/s3/multimedia-1-d/wc300/8569261741.jpg;https://ir.ozone.ru/s3/multimedia-1-o/wc300/15046405296.jpg,跨境卖家可售,2826₽,174,408192₽,769,332.02%,,172,687,209,28.10%,5.25%,2029,4.7,1,32.5,37.17%,2113 g,19.70 L,13.49%
7,"чехол на машину зимний
(汽车冬季防护罩)","汽车罩
Чехол на автомобиль",https://ir.ozone.ru/s3/multimedia-1-v/wc300/15188406655.jpg;https://ir.ozone.ru/s3/multimedia-1-z/wc300/9495912707.jpg;https://ir.ozone.ru/s3/multimedia-1-i/wc300/13474801818.jpg;https://ir.ozone.ru/s3/multimedia-1-e/wc300/15188407106.jpg;https://ir.ozone.ru/s3/multimedia-1-8/wc300/15279876692.jpg;https://ir.ozone.ru/s3/multimedia-1-s/wc300/13859605072.jpg;https://ir.ozone.ru/s3/multimedia-1-k/wc300/8286310208.jpg;https://ir.ozone.ru/s3/multimedia-1-4/wc300/14969603020.jpg;https://ir.ozone.ru/s3/multimedia-1-2/wc300/13474794458.jpg;https://ir.ozone.ru/s3/multimedia-1-d/wc300/8569261741.jpg,跨境卖家可售,3077₽,180,436771₽,370,255.77%,,188,953,65,17.00%,1.15%,3170,4.7,1,36.8,36.24%,2045 g,19.29 L,14.69%
8,"чехол для автомобиля тент
(汽车遮阳挡)","汽车罩
Чехол на автомобиль",https://ir.ozone.ru/s3/multimedia-1-v/wc300/14081416015.jpg;https://ir.ozone.ru/s3/multimedia-1-q/wc300/14165630558.jpg;https://ir.ozone.ru/s3/multimedia-1-v/wc300/9479249599.jpg;https://ir.ozone.ru/s3/multimedia-1-j/wc300/10090253359.jpg;https://ir.ozone.ru/s3/multimedia-1-a/wc300/14165542162.jpg;https://ir.ozone.ru/s3/multimedia-1-e/wc300/7013886782.jpg;https://ir.ozone.ru/s3/multimedia-1-n/wc300/10090283027.jpg;https://ir.ozone.ru/s3/multimedia-1-i/wc300/13474801818.jpg;https://ir.ozone.ru/s3/multimedia-1-o/wc300/9255241968.jpg;https://ir.ozone.ru/s3/multimedia-1-d/wc300/11018728309.jpg,跨境卖家可售,3024₽,169,402965₽,245,231.08%,75453,137,670,45,18.30%,4.81%,2007,4.7,1,32.8,37.58%,2370 g,22.23 L,13.11%
9,"хонда инсайт
(本田音赛特)","汽车罩
Чехол на автомобиль",https://ir.ozone.ru/s3/multimedia-1-6/wc300/14860320738.jpg;https://ir.ozone.ru/s3/multimedia-1-n/wc300/9023282807.jpg;https://ir.ozone.ru/s3/multimedia-1-j/wc300/7520225419.jpg;https://ir.ozone.ru/s3/multimedia-1-a/wc300/7627928878.jpg;https://ir.ozone.ru/s3/multimedia-1-o/wc300/7133131392.jpg;https://ir.ozone.ru/s3/multimedia-1-h/wc300/7899359957.jpg;https://ir.ozone.ru/s3/multimedia-1-3/wc300/7460545359.jpg;https://ir.ozone.ru/s3/multimedia-1-x/wc300/8139699897.jpg;https://ir.ozone.ru/s3/multimedia-1-f/wc300/14164864791.jpg;https://ir.ozone.ru/s3/multimedia-1-7/wc300/7555605559.jpg,跨境卖家可售,1784₽,580,304695₽,158,216.00%,,324,600,19,12.10%,0.65%,15977,4.8,1,89.7,50.04%,634 g,3.95 L,11.36%
10,"чехол на автомобиль зимний
(汽车冬季罩)","汽车罩
Чехол на автомобиль",https://ir.ozone.ru/s3/multimedia-1-v/wc300/15188406655.jpg;https://ir.ozone.ru/s3/multimedia-1-1/wc300/7208083405.jpg;https://ir.ozone.ru/s3/multimedia-1-8/wc300/15279876692.jpg;https://ir.ozone.ru/s3/multimedia-1-2/wc300/13474794458.jpg;https://ir.ozone.ru/s3/multimedia-1-a/wc300/14165542162.jpg;https://ir.ozone.ru/s3/multimedia-1-r/wc300/14768178147.jpg;https://ir.ozone.ru/s3/multimedia-1-v/wc300/9148869463.jpg;https://ir.ozone.ru/s3/multimedia-1-f/wc300/7208083383.jpg;https://ir.ozone.ru/s3/multimedia-1-o/wc300/13870156092.jpg;https://ir.ozone.ru/s3/multimedia-1-e/wc300/13474784858.jpg,跨境卖家可售,3374₽,160,385551₽,378,182.09%,,160,812,70,18.40%,3.00%,1939,4.7,1,64.3,39.35%,2724 g,24.85 L,12.69%
11,"портативный гараж для автомобиля
(便携式车库)","汽车罩
Чехол на автомобиль",https://ir.ozone.ru/s3/multimedia-1-v/wc300/15188406655.jpg;https://ir.ozone.ru/s3/multimedia-1-i/wc300/13474801818.jpg;https://ir.ozone.ru/s3/multimedia-1-o/wc300/13870156092.jpg;https://ir.ozone.ru/s3/multimedia-1-e/wc300/15188407106.jpg;https://ir.ozone.ru/s3/multimedia-1-8/wc300/15279876692.jpg;https://ir.ozone.ru/s3/multimedia-1-n/wc300/14363004083.jpg;https://ir.ozone.ru/s3/multimedia-1-o/wc300/15188402940.jpg;https://ir.ozone.ru/s3/multimedia-1-2/wc300/13474794458.jpg;https://ir.ozone.ru/s3/multimedia-1-4/wc300/12778968820.jpg;https://ir.ozone.ru/s3/multimedia-1-1/wc300/13870158769.jpg,跨境卖家可售,3565₽,261,506975₽,283,124.60%,,150,602,28,10.10%,0.00%,8462,4.7,1,35.5,52.13%,2799 g,25.37 L,12.88%
12,"зимний чехол для автомобиля
(冬季汽车罩)","汽车罩
Чехол на автомобиль",https://ir.ozone.ru/s3/multimedia-1-v/wc300/15188406655.jpg;https://ir.ozone.ru/s3/multimedia-1-1/wc300/7208083405.jpg;https://ir.ozone.ru/s3/multimedia-1-k/wc300/8286310208.jpg;https://ir.ozone.ru/s3/multimedia-1-u/wc300/14720109906.jpg;https://ir.ozone.ru/s3/multimedia-1-o/wc300/13870156092.jpg;https://ir.ozone.ru/s3/multimedia-1-i/wc300/13474801818.jpg;https://ir.ozone.ru/s3/multimedia-1-l/wc300/14969602137.jpg;https://ir.ozone.ru/s3/multimedia-1-v/wc300/9479249599.jpg;https://ir.ozone.ru/s3/multimedia-1-v/wc300/9148869463.jpg;https://ir.ozone.ru/s3/multimedia-1-8/wc300/13719540320.jpg,跨境卖家可售,3192₽,163,386020₽,456,120.29%,,179,880,74,16.10%,1.76%,2091,4.7,1,31.3,39.18%,2468 g,22.87 L,12.88%
13,"гараж для автомобиля зимний
(冬季车库)","汽车罩
Чехол на автомобиль",https://ir.ozone.ru/s3/multimedia-1-v/wc300/15188406655.jpg;https://ir.ozone.ru/s3/multimedia-1-u/wc300/14720109906.jpg;https://ir.ozone.ru/s3/multimedia-1-1/wc300/7208083405.jpg;https://ir.ozone.ru/s3/multimedia-1-i/wc300/14878061118.jpg;https://ir.ozone.ru/s3/multimedia-1-o/wc300/13870156092.jpg;https://ir.ozone.ru/s3/multimedia-1-m/wc300/8839510150.jpg;https://ir.ozone.ru/s3/multimedia-1-v/wc300/9148869463.jpg;https://ir.ozone.ru/s3/multimedia-1-p/wc300/8803369429.jpg;https://ir.ozone.ru/s3/multimedia-1-l/wc300/14878049745.jpg;https://ir.ozone.ru/s3/multimedia-1-k/wc300/8286310208.jpg,跨境卖家可售,3890₽,322,578193₽,439,119.50%,,200,945,43,10.10%,0.67%,6718,4.7,1,42.5,47.08%,3789 g,26.51 L,11.73%
14,чехол на автомобиль седан,"汽车罩
Чехол на автомобиль",https://ir.ozone.ru/s3/multimedia-1-v/wc300/15188406655.jpg;https://ir.ozone.ru/s3/multimedia-1-n/wc300/10090283027.jpg;https://ir.ozone.ru/s3/multimedia-1-v/wc300/9479249599.jpg;https://ir.ozone.ru/s3/multimedia-1-4/wc300/12778968820.jpg;https://ir.ozone.ru/s3/multimedia-1-a/wc300/14165542162.jpg;https://ir.ozone.ru/s3/multimedia-1-h/wc300/9495912725.jpg;https://ir.ozone.ru/s3/multimedia-1-a/wc300/9255265066.jpg;https://ir.ozone.ru/s3/multimedia-1-0/wc300/11018864772.jpg;https://ir.ozone.ru/s3/multimedia-1-t/wc300/13254885461.jpg;https://ir-20.ozone.ru/s3/multimedia-1-i/wc300/12993105510.jpg,跨境卖家可售,2898₽,156,355651₽,833,113.04%,,120,431,186,22.30%,9.26%,1939,4.7,2,38.5,37.91%,2239 g,19.61 L,13.42%
15,"фит лайн
(健身线)","汽车罩
Чехол на автомобиль",https://ir.ozone.ru/s3/multimedia-1-7/wc300/14294410027.jpg;https://ir.ozone.ru/s3/multimedia-1-q/wc300/12967609058.jpg;https://ir.ozone.ru/s3/multimedia-1-q/wc300/9133008686.jpg;https://ir.ozone.ru/s3/multimedia-1-3/wc300/7642295247.jpg;https://ir.ozone.ru/s3/multimedia-1-m/wc300/7880605438.jpg;https://ir.ozone.ru/s3/multimedia-1-w/wc300/7942256816.jpg;https://ir.ozone.ru/s3/multimedia-1-z/wc300/10066308515.jpg;https://ir.ozone.ru/s3/multimedia-1-5/wc300/11731124669.jpg;https://ir.ozone.ru/s3/multimedia-1-k/wc300/7194055016.jpg;https://ir.ozone.ru/s3/multimedia-1-s/wc300/7355269324.jpg,跨境卖家可售,5176₽,36,41857₽,237,111.61%,,42,97,26,10.90%,1.19%,133,3.4,2,36.3,67.67%,634 g,3.82 L,12.52%
16,"тент на автомобиль универсальный
(汽车通用帐篷)","汽车罩
Чехол на автомобиль",https://ir.ozone.ru/s3/multimedia-1-a/wc300/9255265066.jpg;https://ir.ozone.ru/s3/multimedia-1-j/wc300/10090253359.jpg;https://ir.ozone.ru/s3/multimedia-1-r/wc300/14768178147.jpg;https://ir.ozone.ru/s3/multimedia-1-o/wc300/7228132116.jpg;https://ir.ozone.ru/s3/multimedia-1-4/wc300/12778968820.jpg;https://ir.ozone.ru/s3/multimedia-1-q/wc300/14165630558.jpg;https://ir.ozone.ru/s3/multimedia-1-0/wc300/14765072688.jpg;https://ir.ozone.ru/s3/multimedia-1-v/wc300/9479249599.jpg;https://ir.ozone.ru/s3/multimedia-1-d/wc300/8569261741.jpg;https://ir.ozone.ru/s3/multimedia-1-n/wc300/10090283027.jpg,跨境卖家可售,2972₽,172,405418₽,113,105.45%,4515,137,572,19,17.00%,4.48%,2046,4.7,1,43,37.42%,2213 g,21.51 L,13.25%
17,"портативный гараж для автомобиля зимний
(冬季便携式汽车车库)","汽车罩
Чехол на автомобиль",https://ir.ozone.ru/s3/multimedia-1-v/wc300/15188406655.jpg;https://ir.ozone.ru/s3/multimedia-1-1/wc300/7208083405.jpg;https://ir.ozone.ru/s3/multimedia-1-8/wc300/15279876692.jpg;https://ir.ozone.ru/s3/multimedia-1-i/wc300/13474801818.jpg;https://ir.ozone.ru/s3/multimedia-1-r/wc300/7228131363.jpg;https://ir.ozone.ru/s3/multimedia-1-o/wc300/15188402940.jpg;https://ir.ozone.ru/s3/multimedia-1-e/wc300/15188407106.jpg;https://ir.ozone.ru/s3/multimedia-1-6/wc300/8279901150.jpg;https://ir.ozone.ru/s3/multimedia-1-o/wc300/13870156092.jpg;https://ir.ozone.ru/s3/multimedia-1-l/wc300/14969602137.jpg,跨境卖家可售,4263₽,191,421532₽,962,104.68%,,125,708,165,17.10%,0.91%,6078,4.7,1,37.5,52.99%,3659 g,38.45 L,11.55%
18,чехол на автомобиль хэтчбек,"汽车罩
Чехол на автомобиль",https://ir.ozone.ru/s3/multimedia-1-v/wc300/15188406655.jpg;https://ir.ozone.ru/s3/multimedia-1-o/wc300/13870156092.jpg;https://ir.ozone.ru/s3/multimedia-1-i/wc300/15051073662.jpg;https://ir.ozone.ru/s3/multimedia-1-1/wc300/15073669981.jpg;https://ir.ozone.ru/s3/multimedia-1-t/wc300/9308725049.jpg;https://ir.ozone.ru/s3/multimedia-1-b/wc300/9495912827.jpg;https://ir.ozone.ru/s3/multimedia-1-o/wc300/9255241968.jpg;https://ir.ozone.ru/s3/multimedia-1-h/wc300/7208083421.jpg;https://ir.ozone.ru/s3/multimedia-1-0/wc300/11018864772.jpg;https://ir.ozone.ru/s3/multimedia-1-0/wc300/15090833880.jpg,跨境卖家可售,4056₽,32,87683₽,185,100.00%,,56,130,38,20.80%,4.86%,689,4.3,1,37.5,51.02%,3038 g,36.92 L,11.38%
19,зимний чехол на автомобиль утепленный,"汽车罩
Чехол на автомобиль",https://ir.ozone.ru/s3/multimedia-1-v/wc300/15188406655.jpg;https://ir.ozone.ru/s3/multimedia-1-l/wc300/14969602137.jpg;https://ir.ozone.ru/s3/multimedia-1-8/wc300/15279876692.jpg;https://ir.ozone.ru/s3/multimedia-1-s/wc300/13859605072.jpg;https://ir.ozone.ru/s3/multimedia-1-p/wc300/14969602249.jpg;https://ir.ozone.ru/s3/multimedia-1-9/wc300/7947092709.jpg;https://ir.ozone.ru/s3/multimedia-1-e/wc300/8839509458.jpg;https://ir.ozone.ru/s3/multimedia-1-2/wc300/13474794458.jpg;https://ir.ozone.ru/s3/multimedia-1-v/wc300/13474785955.jpg;https://ir.ozone.ru/s3/multimedia-1-u/wc300/14720109906.jpg,跨境卖家可售,4430₽,98,228092₽,159,100.00%,,64,331,29,18.00%,1.28%,1156,4.5,1,33.3,54.91%,3947 g,32.62 L,10.36%
20,"зимний чехол на автомобиль
(汽车冬季车衣)","汽车罩
Чехол на автомобиль",https://ir.ozone.ru/s3/multimedia-1-v/wc300/15188406655.jpg;https://ir.ozone.ru/s3/multimedia-1-1/wc300/7208083405.jpg;https://ir.ozone.ru/s3/multimedia-1-v/wc300/9148869463.jpg;https://ir.ozone.ru/s3/multimedia-1-u/wc300/14720109906.jpg;https://ir.ozone.ru/s3/multimedia-1-8/wc300/15279876692.jpg;https://ir.ozone.ru/s3/multimedia-1-a/wc300/14165542162.jpg;https://ir.ozone.ru/s3/multimedia-1-l/wc300/14969602137.jpg;https://ir.ozone.ru/s3/multimedia-1-e/wc300/13474784858.jpg;https://ir.ozone.ru/s3/multimedia-1-o/wc300/13870156092.jpg;https://ir.ozone.ru/s3/multimedia-1-2/wc300/13474794458.jpg,跨境卖家可售,3476₽,151,352293₽,192,100.00%,,153,694,20,10.40%,0.00%,2213,4.7,1,40,42.99%,2985 g,29.24 L,11.87%
21,"чехол зимний для автомобиля
(汽车冬季车衣)","汽车罩
Чехол на автомобиль",https://ir.ozone.ru/s3/multimedia-1-v/wc300/15188406655.jpg;https://ir.ozone.ru/s3/multimedia-1-1/wc300/7208083405.jpg;https://ir.ozone.ru/s3/multimedia-1-i/wc300/13474801818.jpg;https://ir.ozone.ru/s3/multimedia-1-i/wc300/14878061118.jpg;https://ir.ozone.ru/s3/multimedia-1-o/wc300/13870156092.jpg;https://ir.ozone.ru/s3/multimedia-1-v/wc300/9148869463.jpg;https://ir.ozone.ru/s3/multimedia-1-0/wc300/15090833880.jpg;https://ir.ozone.ru/s3/multimedia-1-r/wc300/14768178147.jpg;https://ir.ozone.ru/s3/multimedia-1-9/wc300/7947092709.jpg;https://ir.ozone.ru/s3/multimedia-1-8/wc300/15279876692.jpg,跨境卖家可售,3443₽,161,396229₽,172,100.00%,,158,697,30,17.70%,2.43%,3341,4.7,1,45.7,40.21%,2415 g,24.53 L,13.54%
22,гараж наташа для автомобиля зимний,"汽车罩
Чехол на автомобиль",https://ir.ozone.ru/s3/multimedia-1-v/wc300/15188406655.jpg;https://ir.ozone.ru/s3/multimedia-1-p/wc300/8803369429.jpg;https://ir.ozone.ru/s3/multimedia-1-l/wc300/14969602137.jpg;https://ir.ozone.ru/s3/multimedia-1-o/wc300/13870156092.jpg;https://ir.ozone.ru/s3/multimedia-1-i/wc300/13474789362.jpg;https://ir.ozone.ru/s3/multimedia-1-e/wc300/15188407106.jpg;https://ir.ozone.ru/s3/multimedia-1-v/wc300/13474785955.jpg;https://ir.ozone.ru/s3/multimedia-1-2/wc300/13474794458.jpg;https://ir.ozone.ru/s3/multimedia-1-a/wc300/14969601802.jpg;https://ir.ozone.ru/s3/multimedia-1-4/wc300/14969603020.jpg,跨境卖家可售,8002₽,25,85829₽,129,100.00%,,28,164,25,19.00%,1.37%,705,4.2,1,29.5,42.61%,6683 g,83.46 L,6.78%
23,чехол для машины зимний,"汽车罩
Чехол на автомобиль",https://ir.ozone.ru/s3/multimedia-1-v/wc300/15188406655.jpg;https://ir.ozone.ru/s3/multimedia-1-i/wc300/13474801818.jpg;https://ir.ozone.ru/s3/multimedia-1-8/wc300/15279876692.jpg;https://ir.ozone.ru/s3/multimedia-1-s/wc300/13770079012.jpg;https://ir.ozone.ru/s3/multimedia-1-v/wc300/14081416015.jpg;https://ir.ozone.ru/s3/multimedia-1-a/wc300/9255265066.jpg;https://ir.ozone.ru/s3/multimedia-1-o/wc300/13870156092.jpg;https://ir.ozone.ru/s3/multimedia-1-r/wc300/14768178147.jpg;https://ir.ozone.ru/s3/multimedia-1-a/wc300/15073817302.jpg;https://ir.ozone.ru/s3/multimedia-1-e/wc300/13474784858.jpg,跨境卖家可售,3332₽,192,448424₽,264,100.00%,,205,957,42,16.20%,3.23%,3500,4.7,1,34.7,36.31%,2029 g,20.04 L,14.86%
24,чехол на ваз 2107 на кузов,"汽车罩
Чехол на автомобиль",https://ir.ozone.ru/s3/multimedia-1-o/wc300/8394805608.jpg;https://ir.ozone.ru/s3/multimedia-1-5/wc300/11498385353.jpg;https://ir.ozone.ru/s3/multimedia-1-7/wc300/7438962247.jpg;https://ir.ozone.ru/s3/multimedia-1-j/wc300/11586065887.jpg;https://ir.ozone.ru/s3/multimedia-1-6/wc300/13099510158.jpg;https://ir.ozone.ru/s3/multimedia-1-d/wc300/13940374225.jpg;https://ir.ozone.ru/s3/multimedia-1-i/wc300/11307254238.jpg;https://ir.ozone.ru/s3/multimedia-1-j/wc300/9123567175.jpg;https://ir.ozone.ru/s3/multimedia-1-p/wc300/13940376217.jpg;https://ir.ozone.ru/s3/multimedia-1-x/wc300/9029920893.jpg,跨境卖家可售,3621₽,9,23417₽,61,100.00%,,33,75,14,23.00%,11.48%,653,3.8,1,29,72.52%,1851 g,18.66 L,16.99%
25,"гараж для машины зимний
(汽车冬季车库)","汽车罩
Чехол на автомобиль",https://ir.ozone.ru/s3/multimedia-1-v/wc300/15188406655.jpg;https://ir.ozone.ru/s3/multimedia-1-u/wc300/14720109906.jpg;https://ir.ozone.ru/s3/multimedia-1-l/wc300/14969602137.jpg;https://ir.ozone.ru/s3/multimedia-1-i/wc300/13474801818.jpg;https://ir.ozone.ru/s3/multimedia-1-l/wc300/14878049745.jpg;https://ir.ozone.ru/s3/multimedia-1-4/wc300/14969603020.jpg;https://ir.ozone.ru/s3/multimedia-1-e/wc300/15188407106.jpg;https://ir.ozone.ru/s3/multimedia-1-9/wc300/7947092709.jpg;https://ir.ozone.ru/s3/multimedia-1-4/wc300/12778968820.jpg;https://ir.ozone.ru/s3/multimedia-1-k/wc300/8286310208.jpg,跨境卖家可售,3718₽,232,496449₽,63,100.00%,,112,555,8,12.70%,0.00%,8934,4.7,1,32,54.28%,3108 g,32.98 L,11.25%
26,накидка на лобовое стекло от снега,"汽车罩
Чехол на автомобиль",https://ir.ozone.ru/s3/multimedia-1-d/wc300/10275611485.jpg;https://ir.ozone.ru/s3/multimedia-1-4/wc300/14652470236.jpg;https://ir.ozone.ru/s3/multimedia-1-s/wc300/15098593528.jpg;https://ir-20.ozone.ru/s3/multimedia-1-z/wc300/10275642395.jpg;https://ir.ozone.ru/s3/multimedia-1-q/wc300/15288637490.jpg;https://ir.ozone.ru/s3/multimedia-1-x/wc300/10275589905.jpg;https://ir-20.ozone.ru/s3/multimedia-1-v/wc300/10136200639.jpg;https://ir.ozone.ru/s3/multimedia-1-f/wc300/14651978415.jpg;https://ir.ozone.ru/s3/multimedia-1-u/wc300/8328890982.jpg;https://ir.ozone.ru/s3/multimedia-1-k/wc300/14423923352.jpg,跨境卖家可售,1721₽,139,171071₽,275,100.00%,,228,388,73,26.50%,6.47%,2818,4.8,1,50.3,37.56%,1042 g,10.56 L,11.71%
27,"чехол для автомобиля зимний
(汽车冬季罩)","汽车罩
Чехол на автомобиль",https://ir.ozone.ru/s3/multimedia-1-v/wc300/15188406655.jpg;https://ir.ozone.ru/s3/multimedia-1-i/wc300/13474801818.jpg;https://ir.ozone.ru/s3/multimedia-1-i/wc300/14878061118.jpg;https://ir.ozone.ru/s3/multimedia-1-o/wc300/13870156092.jpg;https://ir.ozone.ru/s3/multimedia-1-9/wc300/7947092709.jpg;https://ir.ozone.ru/s3/multimedia-1-8/wc300/15279876692.jpg;https://ir.ozone.ru/s3/multimedia-1-k/wc300/8286310208.jpg;https://ir.ozone.ru/s3/multimedia-1-r/wc300/14768178147.jpg;https://ir.ozone.ru/s3/multimedia-1-o/wc300/15046405296.jpg;https://ir.ozone.ru/s3/multimedia-1-l/wc300/14969602137.jpg,跨境卖家可售,3120₽,420,709855₽,278,100.00%,,283,1172,39,13.70%,1.51%,4866,4.8,1,51.5,32.42%,1436 g,13.93 L,13.51%
28,"зимний гараж для автомобиля
(汽车冬季车库)","汽车罩
Чехол на автомобиль",https://ir.ozone.ru/s3/multimedia-1-v/wc300/15188406655.jpg;https://ir.ozone.ru/s3/multimedia-1-m/wc300/8839510150.jpg;https://ir.ozone.ru/s3/multimedia-1-o/wc300/13870156092.jpg;https://ir.ozone.ru/s3/multimedia-1-u/wc300/14720109906.jpg;https://ir.ozone.ru/s3/multimedia-1-i/wc300/13474801818.jpg;https://ir.ozone.ru/s3/multimedia-1-e/wc300/15188407106.jpg;https://ir.ozone.ru/s3/multimedia-1-p/wc300/8803369429.jpg;https://ir.ozone.ru/s3/multimedia-1-e/wc300/13474784858.jpg;https://ir.ozone.ru/s3/multimedia-1-n/wc300/14969602715.jpg;https://ir.ozone.ru/s3/multimedia-1-9/wc300/7947092709.jpg,跨境卖家可售,4057₽,197,434640₽,164,100.00%,,133,646,32,19.50%,0.67%,6161,4.7,1,34.7,51.34%,3406 g,33.75 L,10.56%
29,накидка на машину от снега,"汽车罩
Чехол на автомобиль",https://ir.ozone.ru/s3/multimedia-1-a/wc300/15073817302.jpg;https://ir.ozone.ru/s3/multimedia-1-d/wc300/10275611485.jpg;https://ir.ozone.ru/s3/multimedia-1-q/wc300/14165630558.jpg;https://ir.ozone.ru/s3/multimedia-1-x/wc300/10275589905.jpg;https://ir.ozone.ru/s3/multimedia-1-h/wc300/14323118417.jpg;https://ir.ozone.ru/s3/multimedia-1-n/wc300/10090283027.jpg;https://ir.ozone.ru/s3/multimedia-1-v/wc300/9479249599.jpg;https://ir.ozone.ru/s3/multimedia-1-0/wc300/9308741148.jpg;https://ir.ozone.ru/s3/multimedia-1-k/wc300/8286310208.jpg;https://ir.ozone.ru/s3/multimedia-1-s/wc300/15098593528.jpg,跨境卖家可售,2494₽,241,380789₽,111,100.00%,,183,530,24,21.70%,3.46%,3787,4.7,1,45.5,42.08%,1911 g,19.81 L,11.33%
30,зимний гараж для автомобиля утепленный,"汽车罩
Чехол на автомобиль",https://ir.ozone.ru/s3/multimedia-1-v/wc300/15188406655.jpg;https://ir.ozone.ru/s3/multimedia-1-e/wc300/15188407106.jpg;https://ir.ozone.ru/s3/multimedia-1-e/wc300/13474784858.jpg;https://ir.ozone.ru/s3/multimedia-1-4/wc300/14969603020.jpg;https://ir.ozone.ru/s3/multimedia-1-e/wc300/8839509458.jpg;https://ir.ozone.ru/s3/multimedia-1-y/wc300/8824861222.jpg;https://ir.ozone.ru/s3/multimedia-1-8/wc300/15279876692.jpg;https://ir.ozone.ru/s3/multimedia-1-a/wc300/14969601802.jpg;https://ir.ozone.ru/s3/multimedia-1-l/wc300/14969602137.jpg;https://ir.ozone.ru/s3/multimedia-1-m/wc300/8839510150.jpg,跨境卖家可售,6102₽,42,108932₽,111,100.00%,,34,187,21,19.10%,1.81%,583,4.2,1,39.5,54.28%,5247 g,51.53 L,8.57%
31,"чехол на автомобиль тент
(车套)","汽车罩
Чехол на автомобиль",https://ir.ozone.ru/s3/multimedia-1-1/wc300/7208083405.jpg;https://ir.ozone.ru/s3/multimedia-1-n/wc300/10090283027.jpg;https://ir.ozone.ru/s3/multimedia-1-j/wc300/10090253359.jpg;https://ir.ozone.ru/s3/multimedia-1-v/wc300/9479249599.jpg;https://ir.ozone.ru/s3/multimedia-1-1/wc300/10090258849.jpg;https://ir.ozone.ru/s3/multimedia-1-o/wc300/9255241968.jpg;https://ir.ozone.ru/s3/multimedia-1-f/wc300/7208083383.jpg;https://ir.ozone.ru/s3/multimedia-1-a/wc300/15073817302.jpg;https://ir.ozone.ru/s3/multimedia-1-0/wc300/9308741148.jpg;https://ir.ozone.ru/s3/multimedia-1-t/wc300/14765290301.jpg,跨境卖家可售,3139₽,151,357873₽,50,100.00%,72170,163,947,10,20.00%,6.00%,2026,4.7,1,27,42.25%,2469 g,24.58 L,13.08%
32,накидка на автомобиль от снега и дождя,"汽车罩
Чехол на автомобиль",https://ir.ozone.ru/s3/multimedia-1-1/wc300/10090258849.jpg;https://ir.ozone.ru/s3/multimedia-1-v/wc300/9479249599.jpg;https://ir.ozone.ru/s3/multimedia-1-a/wc300/15073817302.jpg;https://ir.ozone.ru/s3/multimedia-1-i/wc300/13474801818.jpg;https://ir.ozone.ru/s3/multimedia-1-h/wc300/14849374805.jpg;https://ir.ozone.ru/s3/multimedia-1-0/wc300/9308741148.jpg;https://ir.ozone.ru/s3/multimedia-1-0/wc300/11018864772.jpg;https://ir.ozone.ru/s3/multimedia-1-c/wc300/9870051360.jpg;https://ir.ozone.ru/s3/multimedia-1-k/wc300/14567353472.jpg;https://ir.ozone.ru/s3/multimedia-1-9/wc300/6991651305.jpg,跨境卖家可售,2502₽,258,470158₽,372,100.00%,75124,271,795,86,22.60%,3.65%,2465,4.7,1,55.7,35.20%,1775 g,13.99 L,12.22%
33,"надувной гараж для автомобиля
(汽车充气车库)","汽车罩
Чехол на автомобиль",https://ir.ozone.ru/s3/multimedia-1-e/wc300/15188407106.jpg;https://ir.ozone.ru/s3/multimedia-1-0/wc300/15188401836.jpg;https://ir.ozone.ru/s3/multimedia-1-h/wc300/7350866189.jpg;https://ir.ozone.ru/s3/multimedia-1-n/wc300/9093138467.jpg;https://ir.ozone.ru/s3/multimedia-1-u/wc300/10031421054.jpg;https://ir.ozone.ru/s3/multimedia-1-q/wc300/8574512786.jpg;https://ir.ozone.ru/s3/multimedia-1-5/wc300/7372453757.jpg;https://ir.ozone.ru/s3/multimedia-1-c/wc300/12562180860.jpg;https://ir.ozone.ru/s3/multimedia-1-4/wc300/11371990000.jpg;https://ir.ozone.ru/s3/multimedia-1-1/wc300/9766160929.jpg,跨境卖家可售,4844₽,1370,2667062₽,1116,94.43%,9318,864,1639,19,1.50%,0.00%,7536,4.8,1,34.5,41.07%,5513 g,22.51 L,12.42%
34,"чехол на ниву шевроле
(雪佛兰Niva汽车座套)","汽车罩
Чехол на автомобиль",https://ir.ozone.ru/s3/multimedia-1-u/wc300/14681882982.jpg;https://ir.ozone.ru/s3/multimedia-1-0/wc300/13045584204.jpg;https://ir.ozone.ru/s3/multimedia-1-7/wc300/7064234719.jpg;https://ir-20.ozone.ru/s3/multimedia-1-2/wc300/9337095794.jpg;https://ir.ozone.ru/s3/multimedia-1-f/wc300/9604247919.jpg;https://ir.ozone.ru/s3/multimedia-1-5/wc300/7088579645.jpg;https://ir.ozone.ru/s3/multimedia-1-h/wc300/11491815581.jpg;https://ir.ozone.ru/s3/multimedia-1-7/wc300/11491830799.jpg;https://ir.ozone.ru/s3/multimedia-1-h/wc300/10625638805.jpg;https://ir.ozone.ru/s3/multimedia-1-h/wc300/10262794661.jpg,跨境卖家可售,4318₽,264,685399₽,103,77.59%,,241,812,15,14.60%,1.92%,5498,4.8,1,41.5,30.30%,2431 g,22.48 L,18.33%
35,"накидка на машину от дождя и снега
(汽车防雨雪罩)","汽车罩
Чехол на автомобиль",https://ir.ozone.ru/s3/multimedia-1-v/wc300/9479249599.jpg;https://ir.ozone.ru/s3/multimedia-1-e/wc300/13530048458.jpg;https://ir.ozone.ru/s3/multimedia-1-0/wc300/9308741148.jpg;https://ir.ozone.ru/s3/multimedia-1-k/wc300/14567353472.jpg;https://ir.ozone.ru/s3/multimedia-1-v/wc300/14081416015.jpg;https://ir.ozone.ru/s3/multimedia-1-n/wc300/14848932299.jpg;https://ir.ozone.ru/s3/multimedia-1-a/wc300/14165542162.jpg;https://ir.ozone.ru/s3/multimedia-1-a/wc300/15073817302.jpg;https://ir.ozone.ru/s3/multimedia-1-1/wc300/15073669981.jpg;https://ir.ozone.ru/s3/multimedia-1-e/wc300/13426952162.jpg,跨境卖家可售,2444₽,228,433672₽,756,42.91%,,275,990,202,26.80%,5.29%,2575,4.7,1,35.8,37.03%,1752 g,15.88 L,12.69%
36,"надувной гараж
(充气车库)","汽车罩
Чехол на автомобиль",https://ir.ozone.ru/s3/multimedia-1-a/wc300/8555522518.jpg;https://ir.ozone.ru/s3/multimedia-1-j/wc300/8536842631.jpg;https://ir.ozone.ru/s3/multimedia-9/wc300/6691672449.jpg;https://ir.ozone.ru/s3/multimedia-1-l/wc300/8555312001.jpg;https://ir.ozone.ru/s3/multimedia-1-f/wc300/8558242395.jpg;https://cdn1.ozone.ru/s3/multimedia-h/wc300/6691776245.jpg;https://ir.ozone.ru/s3/multimedia-u/wc300/6691734174.jpg;https://ir.ozone.ru/s3/multimedia-r/wc300/6675506775.jpg;https://ir-20.ozone.ru/s3/multimedia-1-3/wc300/8536692243.jpg;https://ir.ozone.ru/s3/multimedia-o/wc300/6675498240.jpg,跨境卖家可售,11051₽,702,2944103₽,687,39.63%,,253,975,8,1.00%,0.00%,5335,4.8,1,52.5,41.18%,15295 g,67.85 L,12.60%
37,"наташа
(娜塔莎)","汽车罩
Чехол на автомобиль",https://ir.ozone.ru/s3/multimedia-1-b/wc300/7102532855.jpg;https://ir.ozone.ru/s3/multimedia-1-x/wc300/14568227349.jpg;https://ir.ozone.ru/s3/multimedia-1-b/wc300/14568276107.jpg;https://ir.ozone.ru/s3/multimedia-1-8/wc300/14968852136.jpg;https://ir.ozone.ru/s3/multimedia-1-l/wc300/14720112813.jpg;https://ir.ozone.ru/s3/multimedia-1-5/wc300/14568266309.jpg;https://ir.ozone.ru/s3/multimedia-1-g/wc300/15216851428.jpg;https://ir.ozone.ru/s3/multimedia-1-n/wc300/14363004083.jpg;https://ir.ozone.ru/s3/multimedia-1-m/wc300/14568228094.jpg;https://ir.ozone.ru/s3/multimedia-1-g/wc300/14568228484.jpg,跨境卖家可售,3002₽,88,65001₽,1889,33.40%,,185,392,280,14.90%,3.60%,4126,4.8,5,53.5,45.77%,584 g,4.11 L,15.61%
38,"тент на уаз 469
(UAZ帐篷469)","汽车罩
Чехол на автомобиль",https://ir.ozone.ru/s3/multimedia-1-x/wc300/7315885293.jpg;https://ir.ozone.ru/s3/multimedia-1-a/wc300/8536202362.jpg;https://ir.ozone.ru/s3/multimedia-1-a/wc300/10196902846.jpg;https://cdn1.ozone.ru/s3/multimedia-1-f/wc300/8536104951.jpg;https://cdn1.ozone.ru/s3/multimedia-1-8/wc300/8536185908.jpg;https://ir.ozone.ru/s3/multimedia-1-u/wc300/8536152558.jpg;https://ir.ozone.ru/s3/multimedia-1-1/wc300/7171061113.jpg;https://ir.ozone.ru/s3/multimedia-1-3/wc300/7222638603.jpg;https://ir.ozone.ru/s3/multimedia-1-q/wc300/7085104154.jpg;https://ir.ozone.ru/s3/multimedia-1-7/wc300/7097912431.jpg,跨境卖家可售,6882₽,59,172255₽,652,29.62%,,178,749,112,17.10%,4.96%,541,4.8,1,49,30.41%,5483 g,18.85 L,12.50%
39,"авточехол
(汽车座套)","汽车罩
Чехол на автомобиль",https://ir.ozone.ru/s3/multimedia-1-h/wc300/14849374805.jpg;https://ir.ozone.ru/s3/multimedia-1-v/wc300/9479249599.jpg;https://ir.ozone.ru/s3/multimedia-1-e/wc300/13530048458.jpg;https://ir.ozone.ru/s3/multimedia-1-z/wc300/12876237359.jpg;https://ir.ozone.ru/s3/multimedia-1-v/wc300/10247989675.jpg;https://ir.ozone.ru/s3/multimedia-1-d/wc300/11018728309.jpg;https://ir.ozone.ru/s3/multimedia-1-h/wc300/11014176005.jpg;https://ir.ozone.ru/s3/multimedia-1-a/wc300/14165542162.jpg;https://ir.ozone.ru/s3/multimedia-1-r/wc300/12876105015.jpg;https://ir.ozone.ru/s3/multimedia-1-c/wc300/9255277092.jpg,跨境卖家可售,3346₽,1288,1923896₽,528,26.32%,1840594,717,3611,76,14.60%,6.15%,11911,4.8,1,31.8,26.44%,1932 g,10.56 L,13.42%
40,"тент чехол для автомобиля
(汽车用帐篷套)","汽车罩
Чехол на автомобиль",https://ir.ozone.ru/s3/multimedia-1-r/wc300/14768178147.jpg;https://ir.ozone.ru/s3/multimedia-1-j/wc300/10090253359.jpg;https://ir.ozone.ru/s3/multimedia-1-v/wc300/9479249599.jpg;https://ir.ozone.ru/s3/multimedia-1-n/wc300/10090283027.jpg;https://ir.ozone.ru/s3/multimedia-1-d/wc300/11018728309.jpg;https://ir.ozone.ru/s3/multimedia-1-q/wc300/14165630558.jpg;https://ir.ozone.ru/s3/multimedia-1-1/wc300/7208083405.jpg;https://ir.ozone.ru/s3/multimedia-1-a/wc300/14165542162.jpg;https://ir.ozone.ru/s3/multimedia-1-e/wc300/7013886782.jpg;https://ir.ozone.ru/s3/multimedia-1-1/wc300/10090258849.jpg,跨境卖家可售,3147₽,172,414127₽,266,23.72%,72999,160,880,59,22.00%,6.63%,1981,4.7,1,36.8,36.64%,2407 g,22.88 L,13.39%
41,"чехол на машину от дождя и снега
(防雨雪盖)","汽车罩
Чехол на автомобиль",https://ir.ozone.ru/s3/multimedia-1-n/wc300/10090283027.jpg;https://ir.ozone.ru/s3/multimedia-1-q/wc300/14165630558.jpg;https://ir.ozone.ru/s3/multimedia-1-d/wc300/8569261741.jpg;https://ir.ozone.ru/s3/multimedia-1-a/wc300/15073817302.jpg;https://ir.ozone.ru/s3/multimedia-1-o/wc300/15046405296.jpg;https://ir.ozone.ru/s3/multimedia-1-v/wc300/14081416015.jpg;https://ir.ozone.ru/s3/multimedia-1-t/wc300/15028342733.jpg;https://ir.ozone.ru/s3/multimedia-1-0/wc300/9308741148.jpg;https://ir.ozone.ru/s3/multimedia-1-e/wc300/13530048458.jpg;https://ir.ozone.ru/s3/multimedia-1-a/wc300/15073752358.jpg,跨境卖家可售,2738₽,174,394818₽,1934,23.34%,58608,204,967,432,22.30%,3.78%,2043,4.7,2,33,38.43%,2039 g,19.28 L,13.37%
42,"гранта автомобиль
(格兰特汽车)","汽车罩
Чехол на автомобиль",https://ir-20.ozone.ru/s3/multimedia-1-3/wc300/11345759031.jpg;https://ir.ozone.ru/s3/multimedia-1-j/wc300/12971063323.jpg;https://ir.ozone.ru/s3/multimedia-1-i/wc300/9295678710.jpg;https://ir.ozone.ru/s3/multimedia-1-o/wc300/13389229644.jpg;https://ir.ozone.ru/s3/multimedia-1-t/wc300/9538768217.jpg;https://ir.ozone.ru/s3/multimedia-1-v/wc300/7077051283.jpg;https://ir.ozone.ru/s3/multimedia-1-j/wc300/12307906423.jpg;https://ir.ozone.ru/s3/multimedia-1-c/wc300/14527381692.jpg;https://ir.ozone.ru/s3/multimedia-1-t/wc300/9072035165.jpg;https://ir.ozone.ru/s3/multimedia-1-h/wc300/13790690909.jpg,跨境卖家可售,2923₽,1791,2520343₽,357,16.29%,5695,1009,2518,0,0.00%,0.00%,20290,4.8,1,24.3,22.80%,2026 g,5.58 L,15.40%
43,"гараж для машины
(汽车车库)","汽车罩
Чехол на автомобиль",https://ir.ozone.ru/s3/multimedia-1-s/wc300/13859605072.jpg;https://ir.ozone.ru/s3/multimedia-1-o/wc300/13870156092.jpg;https://ir.ozone.ru/s3/multimedia-1-4/wc300/12778968820.jpg;https://ir.ozone.ru/s3/multimedia-1-l/wc300/14878049745.jpg;https://ir.ozone.ru/s3/multimedia-1-w/wc300/15188408708.jpg;https://ir.ozone.ru/s3/multimedia-1-a/wc300/14969601802.jpg;https://ir.ozone.ru/s3/multimedia-1-v/wc300/15188406655.jpg;https://ir.ozone.ru/s3/multimedia-1-p/wc300/14969602249.jpg;https://ir.ozone.ru/s3/multimedia-1-i/wc300/14878061118.jpg;https://ir.ozone.ru/s3/multimedia-1-s/wc300/13770079012.jpg,跨境卖家可售,3541₽,1153,1676289₽,533,13.65%,,413,1276,23,4.50%,0.36%,14435,4.9,1,29.5,40.03%,3097 g,14.86 L,11.83%
44,"гараж для автомобиля
(汽车车库)","汽车罩
Чехол на автомобиль",https://ir.ozone.ru/s3/multimedia-1-v/wc300/15188406655.jpg;https://ir.ozone.ru/s3/multimedia-1-l/wc300/14878049745.jpg;https://ir.ozone.ru/s3/multimedia-1-d/wc300/14175009193.jpg;https://ir.ozone.ru/s3/multimedia-1-n/wc300/8110054139.jpg;https://ir.ozone.ru/s3/multimedia-1-1/wc300/7208083405.jpg;https://ir.ozone.ru/s3/multimedia-1-i/wc300/13170980322.jpg;https://ir.ozone.ru/s3/multimedia-1-l/wc300/14969602137.jpg;https://ir.ozone.ru/s3/multimedia-1-5/wc300/7372453757.jpg;https://ir.ozone.ru/s3/multimedia-1-i/wc300/14878061118.jpg;https://ir.ozone.ru/s3/multimedia-1-a/wc300/15073817302.jpg,跨境卖家可售,4948₽,2593,4618777₽,3768,11.81%,,1452,3389,153,4.00%,0.21%,15728,4.9,1,36.5,29.35%,4116 g,14.67 L,11.94%
45,защитный чехол для,"汽车罩
Чехол на автомобиль",https://ir.ozone.ru/s3/multimedia-1-y/wc300/12030568810.jpg;https://ir.ozone.ru/s3/multimedia-1-s/wc300/12030563044.jpg;https://ir.ozone.ru/s3/multimedia-1-i/wc300/12030581358.jpg;https://ir.ozone.ru/s3/multimedia-1-v/wc300/9479249599.jpg;https://ir.ozone.ru/s3/multimedia-1-a/wc300/11650187962.jpg;https://ir.ozone.ru/s3/multimedia-1-0/wc300/9308741148.jpg;https://ir.ozone.ru/s3/multimedia-1-n/wc300/10090283027.jpg;https://ir-20.ozone.ru/s3/multimedia-1-v/wc300/12793070767.jpg;https://ir.ozone.ru/s3/multimedia-1-d/wc300/10027788025.jpg;https://ir.ozone.ru/s3/multimedia-1-u/wc300/14645647290.jpg,跨境卖家可售,1741₽,1650,1341199₽,284,8.81%,,155,457,1,0.30%,0.00%,36351,4.9,1,6.3,41.88%,1104 g,9.38 L,11.59%
46,чехол для автомобиля седан,"汽车罩
Чехол на автомобиль",https://ir.ozone.ru/s3/multimedia-1-v/wc300/15188406655.jpg;https://ir.ozone.ru/s3/multimedia-1-4/wc300/12778968820.jpg;https://ir.ozone.ru/s3/multimedia-1-v/wc300/14081416015.jpg;https://ir.ozone.ru/s3/multimedia-1-n/wc300/10090283027.jpg;https://ir.ozone.ru/s3/multimedia-1-v/wc300/9479249599.jpg;https://ir.ozone.ru/s3/multimedia-1-3/wc300/7831167447.jpg;https://ir.ozone.ru/s3/multimedia-1-0/wc300/14765072688.jpg;https://ir.ozone.ru/s3/multimedia-1-o/wc300/9255241968.jpg;https://ir.ozone.ru/s3/multimedia-1-d/wc300/7705481809.jpg;https://ir.ozone.ru/s3/multimedia-1-7/wc300/7384885819.jpg,跨境卖家可售,3002₽,169,390894₽,394,8.54%,,126,443,113,28.70%,10.88%,1961,4.7,1,36.5,38.51%,2384 g,20.99 L,13.48%
47,"чехол на автомобиль
(汽车罩)","汽车罩
Чехол на автомобиль",https://ir.ozone.ru/s3/multimedia-1-0/wc300/11018864772.jpg;https://ir.ozone.ru/s3/multimedia-1-n/wc300/10090283027.jpg;https://ir.ozone.ru/s3/multimedia-1-v/wc300/9479249599.jpg;https://ir.ozone.ru/s3/multimedia-1-0/wc300/9308741148.jpg;https://ir.ozone.ru/s3/multimedia-1-1/wc300/7208083405.jpg;https://ir.ozone.ru/s3/multimedia-1-n/wc300/9335890679.jpg;https://ir.ozone.ru/s3/multimedia-1-h/wc300/14849374805.jpg;https://ir.ozone.ru/s3/multimedia-1-r/wc300/14768178147.jpg;https://ir.ozone.ru/s3/multimedia-1-t/wc300/9308725049.jpg;https://ir.ozone.ru/s3/multimedia-1-e/wc300/13530048458.jpg,跨境卖家可售,3127₽,174,419370₽,8397,6.79%,108859,258,1132,1401,16.90%,5.55%,2022,4.7,7,47.8,36.18%,2390 g,21.28 L,13.93%
48,"чехол автомобильный
(汽车外壳)","汽车罩
Чехол на автомобиль",https://ir.ozone.ru/s3/multimedia-1-v/wc300/14081416015.jpg;https://ir.ozone.ru/s3/multimedia-1-j/wc300/10090253359.jpg;https://ir.ozone.ru/s3/multimedia-1-n/wc300/10090283027.jpg;https://ir.ozone.ru/s3/multimedia-1-d/wc300/8569261741.jpg;https://ir.ozone.ru/s3/multimedia-1-d/wc300/11018728309.jpg;https://ir.ozone.ru/s3/multimedia-1-r/wc300/14768178147.jpg;https://ir.ozone.ru/s3/multimedia-1-1/wc300/10090258849.jpg;https://ir.ozone.ru/s3/multimedia-1-1/wc300/7208083405.jpg;https://ir.ozone.ru/s3/multimedia-1-e/wc300/12687226430.jpg;https://ir.ozone.ru/s3/multimedia-1-4/wc300/12778968820.jpg,跨境卖家可售,3757₽,911,1316142₽,1663,4.66%,,677,2893,270,16.20%,6.72%,12801,4.8,1,33.5,28.95%,2120 g,17.48 L,14.90%
49,"тент укрывной для автомобиля
(汽车遮阳棚)","汽车罩
Чехол на автомобиль",https://ir.ozone.ru/s3/multimedia-1-4/wc300/12778968820.jpg;https://ir.ozone.ru/s3/multimedia-1-d/wc300/11902184941.jpg;https://ir.ozone.ru/s3/multimedia-1-g/wc300/10004187472.jpg;https://ir.ozone.ru/s3/multimedia-1-j/wc300/10090253359.jpg;https://ir.ozone.ru/s3/multimedia-1-y/wc300/7582836598.jpg;https://ir.ozone.ru/s3/multimedia-1-1/wc300/7582839301.jpg;https://ir.ozone.ru/s3/multimedia-1-e/wc300/7580192054.jpg;https://ir.ozone.ru/s3/multimedia-1-0/wc300/11018864772.jpg;https://ir.ozone.ru/s3/multimedia-1-t/wc300/15028342733.jpg;https://ir-20.ozone.ru/s3/multimedia-1-y/wc300/10633507990.jpg,跨境卖家可售,2606₽,904,879519₽,295,4.61%,,189,1125,50,17.10%,3.28%,25312,4.8,1,39.5,25.26%,4202 g,11.83 L,9.40%
50,"чехол на машину
(汽车座套)","汽车罩
Чехол на автомобиль",https://ir-20.ozone.ru/s3/multimedia-1-4/wc300/9495912748.jpg;https://ir.ozone.ru/s3/multimedia-1-n/wc300/10090283027.jpg;https://ir.ozone.ru/s3/multimedia-1-e/wc300/13530048458.jpg;https://ir.ozone.ru/s3/multimedia-1-r/wc300/14768178147.jpg;https://ir.ozone.ru/s3/multimedia-1-a/wc300/14165542162.jpg;https://ir.ozone.ru/s3/multimedia-1-i/wc300/15051073662.jpg;https://ir.ozone.ru/s3/multimedia-1-h/wc300/14849374805.jpg;https://ir.ozone.ru/s3/multimedia-1-2/wc300/9495912746.jpg;https://ir.ozone.ru/s3/multimedia-1-q/wc300/14165630558.jpg;https://ir.ozone.ru/s3/multimedia-1-a/wc300/15073817302.jpg,跨境卖家可售,2892₽,456,681613₽,6412,1.84%,78372,421,1911,1274,19.80%,7.23%,8673,4.8,3,32.5,27.49%,1413 g,14.77 L,16.46%
51,чехол на машину от дождя,"汽车罩
Чехол на автомобиль",https://ir.ozone.ru/s3/multimedia-1-h/wc300/14849374805.jpg;https://ir.ozone.ru/s3/multimedia-1-e/wc300/13530048458.jpg;https://ir.ozone.ru/s3/multimedia-1-r/wc300/14768178147.jpg;https://ir.ozone.ru/s3/multimedia-1-c/wc300/9255277092.jpg;https://ir.ozone.ru/s3/multimedia-1-o/wc300/9255241968.jpg;https://ir.ozone.ru/s3/multimedia-1-a/wc300/14165542162.jpg;https://ir.ozone.ru/s3/multimedia-1-n/wc300/10090283027.jpg;https://ir.ozone.ru/s3/multimedia-1-d/wc300/8569261741.jpg;https://ir.ozone.ru/s3/multimedia-1-m/wc300/7533313186.jpg;https://ir.ozone.ru/s3/multimedia-1-9/wc300/10090297953.jpg,跨境卖家可售,2731₽,176,399003₽,276,1.47%,,145,509,57,20.70%,10.19%,2014,4.7,1,30.5,38.02%,1967 g,17.07 L,13.60%
52,"чехол для авто
(汽车座套)","汽车罩
Чехол на автомобиль",https://ir.ozone.ru/s3/multimedia-1-h/wc300/14849374805.jpg;https://ir.ozone.ru/s3/multimedia-1-v/wc300/14081416015.jpg;https://ir.ozone.ru/s3/multimedia-1-a/wc300/15073817302.jpg;https://ir.ozone.ru/s3/multimedia-1-m/wc300/7533313186.jpg;https://ir.ozone.ru/s3/multimedia-1-n/wc300/10090283027.jpg;https://ir.ozone.ru/s3/multimedia-1-a/wc300/9255265066.jpg;https://ir.ozone.ru/s3/multimedia-1-j/wc300/10090253359.jpg;https://ir.ozone.ru/s3/multimedia-1-q/wc300/14165630558.jpg;https://ir.ozone.ru/s3/multimedia-1-t/wc300/14765290301.jpg;https://ir.ozone.ru/s3/multimedia-1-t/wc300/13254885461.jpg,跨境卖家可售,3379₽,708,992738₽,1368,-1.94%,,551,2351,231,16.80%,6.56%,11025,4.8,1,38.5,32.98%,1658 g,14.49 L,16.06%
53,"гараж ракушка для автомобиля
(汽车贝壳形车库)","汽车罩
Чехол на автомобиль",https://ir.ozone.ru/s3/multimedia-1-d/wc300/15225917017.jpg;https://ir.ozone.ru/s3/multimedia-1-y/wc300/15225911134.jpg;https://ir-20.ozone.ru/s3/multimedia-1-h/wc300/9259872641.jpg;https://ir.ozone.ru/s3/multimedia-1-g/wc300/15225911440.jpg;https://ir.ozone.ru/s3/multimedia-1-z/wc300/15225915023.jpg;https://ir.ozone.ru/s3/multimedia-1-6/wc300/12534811062.jpg;https://ir.ozone.ru/s3/multimedia-1-n/wc300/13398405575.jpg;https://ir.ozone.ru/s3/multimedia-1-m/wc300/12080637778.jpg;https://ir.ozone.ru/s3/multimedia-1-9/wc300/12484750437.jpg;https://ir.ozone.ru/s3/multimedia-1-0/wc300/13971471804.jpg,跨境卖家可售,2890₽,3831,3988574₽,542,-1.99%,79,806,1793,5,0.90%,0.00%,29864,4.9,1,40.5,29.40%,2892 g,6.62 L,11.18%
54,"авто чехол на автомобиль
(汽车罩)","汽车罩
Чехол на автомобиль",https://ir.ozone.ru/s3/multimedia-1-h/wc300/14849374805.jpg;https://ir.ozone.ru/s3/multimedia-1-r/wc300/14768178147.jpg;https://ir.ozone.ru/s3/multimedia-1-c/wc300/9870051360.jpg;https://ir.ozone.ru/s3/multimedia-1-a/wc300/9255265066.jpg;https://ir.ozone.ru/s3/multimedia-1-e/wc300/13530048458.jpg;https://ir.ozone.ru/s3/multimedia-1-1/wc300/7208083405.jpg;https://ir.ozone.ru/s3/multimedia-1-u/wc300/14720109906.jpg;https://ir.ozone.ru/s3/multimedia-1-a/wc300/15073817302.jpg;https://ir.ozone.ru/s3/multimedia-1-h/wc300/13997363885.jpg;https://ir.ozone.ru/s3/multimedia-1-r/wc300/7438957371.jpg,跨境卖家可售,3100₽,1109,1409830₽,327,-2.97%,1187365,638,2392,45,13.50%,2.60%,9246,4.8,1,37.3,24.79%,1694 g,12.54 L,13.20%
55,"чехол для машины
(汽车座套)","汽车罩
Чехол на автомобиль",https://ir.ozone.ru/s3/multimedia-1-h/wc300/14849374805.jpg;https://ir.ozone.ru/s3/multimedia-1-l/wc300/14969602137.jpg;https://ir.ozone.ru/s3/multimedia-1-q/wc300/14165630558.jpg;https://ir.ozone.ru/s3/multimedia-1-i/wc300/14878061118.jpg;https://ir.ozone.ru/s3/multimedia-1-1/wc300/7208083405.jpg;https://ir.ozone.ru/s3/multimedia-1-n/wc300/10090283027.jpg;https://ir.ozone.ru/s3/multimedia-1-a/wc300/14165542162.jpg;https://ir.ozone.ru/s3/multimedia-1-v/wc300/14081416015.jpg;https://ir.ozone.ru/s3/multimedia-1-1/wc300/10090258849.jpg;https://ir.ozone.ru/s3/multimedia-1-a/wc300/15073817302.jpg,跨境卖家可售,3474₽,721,1013135₽,3581,-3.11%,109442,598,2470,617,17.20%,6.21%,9272,4.8,1,33,30.60%,1982 g,16.09 L,15.50%
56,"чехол автомобильный универсальный
(通用汽车座套)","汽车罩
Чехол на автомобиль",https://ir-20.ozone.ru/s3/multimedia-1-i/wc300/12993105510.jpg;https://ir.ozone.ru/s3/multimedia-1-3/wc300/7831167447.jpg;https://ir.ozone.ru/s3/multimedia-1-b/wc300/12718122275.jpg;https://ir.ozone.ru/s3/multimedia-1-e/wc300/7013886782.jpg;https://ir.ozone.ru/s3/multimedia-1-7/wc300/7384885819.jpg;https://ir-20.ozone.ru/s3/multimedia-1-y/wc300/9673527490.jpg;https://ir.ozone.ru/s3/multimedia-1-u/wc300/15142050102.jpg;https://ir.ozone.ru/s3/multimedia-1-n/wc300/15091027799.jpg;https://ir.ozone.ru/s3/multimedia-1-n/wc300/15181225583.jpg;https://ir.ozone.ru/s3/multimedia-1-s/wc300/12981254896.jpg,跨境卖家可售,3209₽,715,1196688₽,301,-3.22%,153827,448,1599,45,14.90%,5.29%,6634,4.8,1,35.8,23.08%,1476 g,14.83 L,15.72%
57,"тент для автомобиля
(汽车帐篷)","汽车罩
Чехол на автомобиль",https://ir.ozone.ru/s3/multimedia-1-r/wc300/14768178147.jpg;https://ir.ozone.ru/s3/multimedia-1-n/wc300/10090283027.jpg;https://ir.ozone.ru/s3/multimedia-1-a/wc300/15073752358.jpg;https://ir.ozone.ru/s3/multimedia-1-1/wc300/7208083405.jpg;https://ir.ozone.ru/s3/multimedia-1-1/wc300/10090258849.jpg;https://ir.ozone.ru/s3/multimedia-1-v/wc300/14081416015.jpg;https://ir.ozone.ru/s3/multimedia-1-t/wc300/15028342733.jpg;https://ir.ozone.ru/s3/multimedia-1-0/wc300/9308741148.jpg;https://ir.ozone.ru/s3/multimedia-1-v/wc300/10247989675.jpg;https://ir.ozone.ru/s3/multimedia-1-e/wc300/12687226430.jpg,跨境卖家可售,3188₽,169,407019₽,3985,-3.25%,75538,185,1049,642,16.00%,5.70%,1991,4.7,4,35.3,37.21%,2464 g,22.91 L,13.79%
58,"тент на машину универсальный от снега и дождя
(通用汽车防雪防雨帐篷)","汽车罩
Чехол на автомобиль",https://ir.ozone.ru/s3/multimedia-1-a/wc300/15073752358.jpg;https://ir.ozone.ru/s3/multimedia-1-h/wc300/14849374805.jpg;https://ir.ozone.ru/s3/multimedia-1-q/wc300/14165630558.jpg;https://ir.ozone.ru/s3/multimedia-1-a/wc300/14165542162.jpg;https://ir.ozone.ru/s3/multimedia-1-9/wc300/6991651305.jpg;https://ir.ozone.ru/s3/multimedia-1-s/wc300/13770079012.jpg;https://ir.ozone.ru/s3/multimedia-1-0/wc300/9308741148.jpg;https://ir.ozone.ru/s3/multimedia-1-a/wc300/9255265066.jpg;https://ir.ozone.ru/s3/multimedia-1-v/wc300/9479249599.jpg;https://ir.ozone.ru/s3/multimedia-1-e/wc300/12687226430.jpg,跨境卖家可售,2731₽,177,408590₽,286,-3.70%,,163,703,67,23.70%,5.10%,2053,4.7,1,30.3,37.13%,2014 g,18.88 L,13.59%
59,"чехол на автомобиль универсальный
(汽车通用座套)","汽车罩
Чехол на автомобиль",https://ir.ozone.ru/s3/multimedia-1-h/wc300/14849374805.jpg;https://ir.ozone.ru/s3/multimedia-1-i/wc300/14878061118.jpg;https://ir.ozone.ru/s3/multimedia-1-r/wc300/14768178147.jpg;https://ir.ozone.ru/s3/multimedia-1-d/wc300/8569261741.jpg;https://ir.ozone.ru/s3/multimedia-1-q/wc300/14165630558.jpg;https://ir.ozone.ru/s3/multimedia-1-j/wc300/10090253359.jpg;https://ir.ozone.ru/s3/multimedia-1-n/wc300/10090283027.jpg;https://ir.ozone.ru/s3/multimedia-1-v/wc300/14081416015.jpg;https://ir.ozone.ru/s3/multimedia-1-a/wc300/15073817302.jpg;https://ir.ozone.ru/s3/multimedia-1-1/wc300/10090258849.jpg,跨境卖家可售,2864₽,702,931446₽,2820,-3.85%,153462,426,1948,647,22.80%,6.43%,10284,4.8,1,40.5,31.18%,1612 g,14.68 L,16.30%
60,"авточехол на кузов автомобиля
(汽车车身套)","汽车罩
Чехол на автомобиль",https://ir.ozone.ru/s3/multimedia-1-c/wc300/9255277092.jpg;https://ir.ozone.ru/s3/multimedia-1-v/wc300/9479249599.jpg;https://ir.ozone.ru/s3/multimedia-1-4/wc300/12778968820.jpg;https://ir.ozone.ru/s3/multimedia-1-3/wc300/13564800471.jpg;https://ir.ozone.ru/s3/multimedia-1-r/wc300/14768178147.jpg;https://ir.ozone.ru/s3/multimedia-1-h/wc300/14849374805.jpg;https://ir.ozone.ru/s3/multimedia-1-i/wc300/15051073662.jpg;https://ir.ozone.ru/s3/multimedia-1-a/wc300/9255265066.jpg;https://ir.ozone.ru/s3/multimedia-1-0/wc300/9308741148.jpg;https://ir.ozone.ru/s3/multimedia-1-v/wc300/14081416015.jpg,跨境卖家可售,3234₽,143,345162₽,420,-4.55%,30691,197,823,76,18.10%,5.47%,1781,4.7,1,32.5,43.49%,2491 g,23.07 L,13.24%
61,"тент уаз 469
(UAZ 469帐篷)","汽车罩
Чехол на автомобиль",https://ir.ozone.ru/s3/multimedia-1-a/wc300/8536202362.jpg;https://ir.ozone.ru/s3/multimedia-1-x/wc300/7315885293.jpg;https://cdn1.ozone.ru/s3/multimedia-1-f/wc300/8536104951.jpg;https://ir.ozone.ru/s3/multimedia-1-u/wc300/8536152558.jpg;https://cdn1.ozone.ru/s3/multimedia-1-8/wc300/8536185908.jpg;https://cdn1.ozone.ru/s3/multimedia-1-s/wc300/6932973052.jpg;https://ir.ozone.ru/s3/multimedia-1-r/wc300/7071346611.jpg;https://ir.ozone.ru/s3/multimedia-1-q/wc300/7085104154.jpg;https://ir.ozone.ru/s3/multimedia-1-a/wc300/10196902846.jpg;https://ir.ozone.ru/s3/multimedia-1-3/wc300/7222638603.jpg,跨境卖家可售,7014₽,56,149713₽,490,-6.31%,,144,760,73,14.80%,5.24%,332,4.8,1,42.8,30.59%,5406 g,18.31 L,12.40%
62,"чехол для автомобиля
(汽车座套)","汽车罩
Чехол на автомобиль",https://ir.ozone.ru/s3/multimedia-1-n/wc300/10090283027.jpg;https://ir.ozone.ru/s3/multimedia-1-h/wc300/14849374805.jpg;https://ir.ozone.ru/s3/multimedia-1-1/wc300/10090258849.jpg;https://ir.ozone.ru/s3/multimedia-1-v/wc300/14081416015.jpg;https://ir.ozone.ru/s3/multimedia-1-h/wc300/9495912725.jpg;https://ir.ozone.ru/s3/multimedia-1-0/wc300/9308741148.jpg;https://ir.ozone.ru/s3/multimedia-1-e/wc300/12687226430.jpg;https://ir.ozone.ru/s3/multimedia-1-v/wc300/9479249599.jpg;https://ir.ozone.ru/s3/multimedia-1-q/wc300/14165630558.jpg;https://ir.ozone.ru/s3/multimedia-1-a/wc300/15073817302.jpg,跨境卖家可售,3043₽,182,424249₽,7091,-6.66%,109581,266,1183,1287,18.20%,6.64%,2240,4.7,6,38.3,35.76%,2350 g,20.60 L,13.66%
63,"накидка на автомобиль
(汽车罩)","汽车罩
Чехол на автомобиль",https://ir-20.ozone.ru/s3/multimedia-1-x/wc300/14290596321.jpg;https://ir.ozone.ru/s3/multimedia-1-h/wc300/14849374805.jpg;https://ir.ozone.ru/s3/multimedia-1-q/wc300/14165630558.jpg;https://ir.ozone.ru/s3/multimedia-1-b/wc300/9495912827.jpg;https://ir.ozone.ru/s3/multimedia-1-n/wc300/14848932299.jpg;https://ir.ozone.ru/s3/multimedia-1-d/wc300/10275611485.jpg;https://ir-20.ozone.ru/s3/multimedia-1-p/wc300/9108061657.jpg;https://ir.ozone.ru/s3/multimedia-1-v/wc300/14081416015.jpg;https://ir.ozone.ru/s3/multimedia-1-w/wc300/7490089688.jpg;https://ir.ozone.ru/s3/multimedia-1-n/wc300/10090283027.jpg,跨境卖家可售,2787₽,1104,1446345₽,1124,-6.95%,102852,646,2295,199,17.70%,4.90%,7883,4.8,1,41.3,24.35%,1405 g,12.19 L,13.62%
64,"автомобильный чехол тент
(汽车遮阳罩)","汽车罩
Чехол на автомобиль",https://ir.ozone.ru/s3/multimedia-1-v/wc300/14081416015.jpg;https://ir.ozone.ru/s3/multimedia-1-r/wc300/14768178147.jpg;https://ir.ozone.ru/s3/multimedia-1-j/wc300/10090253359.jpg;https://ir.ozone.ru/s3/multimedia-1-a/wc300/9255265066.jpg;https://ir.ozone.ru/s3/multimedia-1-v/wc300/9479249599.jpg;https://ir.ozone.ru/s3/multimedia-1-1/wc300/10090258849.jpg;https://ir.ozone.ru/s3/multimedia-1-n/wc300/10090283027.jpg;https://ir.ozone.ru/s3/multimedia-1-0/wc300/9308741148.jpg;https://ir.ozone.ru/s3/multimedia-1-l/wc300/11476977465.jpg;https://ir.ozone.ru/s3/multimedia-1-c/wc300/9255277092.jpg,跨境卖家可售,2736₽,191,425211₽,272,-8.72%,74015,185,980,49,18.30%,5.50%,2316,4.7,1,42,37.57%,2070 g,19.60 L,13.40%
65,"накидка на авто
(汽车罩)","汽车罩
Чехол на автомобиль",https://ir-20.ozone.ru/s3/multimedia-1-x/wc300/14290596321.jpg;https://ir.ozone.ru/s3/multimedia-1-h/wc300/14849374805.jpg;https://ir.ozone.ru/s3/multimedia-1-1/wc300/10090258849.jpg;https://ir.ozone.ru/s3/multimedia-1-w/wc300/7490089688.jpg;https://ir.ozone.ru/s3/multimedia-1-0/wc300/9308741148.jpg;https://ir.ozone.ru/s3/multimedia-1-a/wc300/14165542162.jpg;https://ir.ozone.ru/s3/multimedia-1-n/wc300/9109168259.jpg;https://ir.ozone.ru/s3/multimedia-1-n/wc300/14848932299.jpg;https://ir.ozone.ru/s3/multimedia-1-x/wc300/10275589905.jpg;https://ir.ozone.ru/s3/multimedia-1-d/wc300/10275611485.jpg,跨境卖家可售,3423₽,1052,1620851₽,403,-9.03%,1773563,749,2764,49,12.10%,2.70%,8804,4.8,1,26.3,22.47%,1588 g,11.65 L,14.14%
66,"автомобильный тент
(汽车帐篷)","汽车罩
Чехол на автомобиль",https://ir.ozone.ru/s3/multimedia-1-1/wc300/10090258849.jpg;https://ir.ozone.ru/s3/multimedia-1-v/wc300/14081416015.jpg;https://ir.ozone.ru/s3/multimedia-1-o/wc300/9255241968.jpg;https://ir.ozone.ru/s3/multimedia-1-p/wc300/7652959549.jpg;https://ir.ozone.ru/s3/multimedia-1-7/wc300/7439581051.jpg;https://ir.ozone.ru/s3/multimedia-1-0/wc300/9308741148.jpg;https://ir.ozone.ru/s3/multimedia-1-h/wc300/11014176005.jpg;https://ir.ozone.ru/s3/multimedia-1-t/wc300/9694767629.jpg;https://ir.ozone.ru/s3/multimedia-1-a/wc300/9255265066.jpg;https://ir.ozone.ru/s3/multimedia-1-a/wc300/15073752358.jpg,跨境卖家可售,3026₽,176,401767₽,295,-9.23%,40775,185,973,38,13.10%,6.79%,2216,4.7,1,34.5,37.36%,2656 g,22.77 L,13.39%
67,"чехол для машины универсальный
(通用机器套)","汽车罩
Чехол на автомобиль",https://ir.ozone.ru/s3/multimedia-1-v/wc300/14081416015.jpg;https://ir.ozone.ru/s3/multimedia-1-q/wc300/14165630558.jpg;https://ir.ozone.ru/s3/multimedia-1-1/wc300/10090258849.jpg;https://ir.ozone.ru/s3/multimedia-1-j/wc300/10090253359.jpg;https://ir.ozone.ru/s3/multimedia-1-n/wc300/10090283027.jpg;https://ir.ozone.ru/s3/multimedia-1-a/wc300/15073817302.jpg;https://ir.ozone.ru/s3/multimedia-1-e/wc300/12687226430.jpg;https://ir.ozone.ru/s3/multimedia-1-c/wc300/9255277092.jpg;https://ir.ozone.ru/s3/multimedia-1-v/wc300/9479249599.jpg;https://ir.ozone.ru/s3/multimedia-1-a/wc300/14165542162.jpg,跨境卖家可售,2942₽,1057,1331583₽,1351,-9.27%,149441,533,2375,271,20.00%,4.55%,10721,4.8,1,30.3,22.23%,1472 g,13.66 L,14.17%
68,"чехол на авто
(汽车座套)","汽车罩
Чехол на автомобиль",https://ir.ozone.ru/s3/multimedia-1-h/wc300/14849374805.jpg;https://ir.ozone.ru/s3/multimedia-1-n/wc300/10090283027.jpg;https://ir.ozone.ru/s3/multimedia-1-v/wc300/9479249599.jpg;https://ir.ozone.ru/s3/multimedia-1-0/wc300/14765072688.jpg;https://ir.ozone.ru/s3/multimedia-1-i/wc300/13474801818.jpg;https://ir.ozone.ru/s3/multimedia-1-0/wc300/9308741148.jpg;https://ir.ozone.ru/s3/multimedia-1-j/wc300/10090253359.jpg;https://ir.ozone.ru/s3/multimedia-1-o/wc300/9255241968.jpg;https://ir.ozone.ru/s3/multimedia-1-q/wc300/14165630558.jpg;https://ir.ozone.ru/s3/multimedia-1-1/wc300/7208083405.jpg,跨境卖家可售,3326₽,737,980206₽,1579,-9.62%,113507,554,2237,285,18.10%,5.97%,11915,4.8,1,42.5,30.21%,1627 g,14.47 L,14.44%
69,"тент на автомобиль
(车篷)","汽车罩
Чехол на автомобиль",https://ir.ozone.ru/s3/multimedia-1-r/wc300/14768178147.jpg;https://ir.ozone.ru/s3/multimedia-1-1/wc300/7208083405.jpg;https://ir.ozone.ru/s3/multimedia-1-a/wc300/15073817302.jpg;https://ir.ozone.ru/s3/multimedia-1-o/wc300/9255241968.jpg;https://ir.ozone.ru/s3/multimedia-1-a/wc300/15073752358.jpg;https://ir.ozone.ru/s3/multimedia-1-0/wc300/9308741148.jpg;https://ir.ozone.ru/s3/multimedia-1-1/wc300/10090258849.jpg;https://ir.ozone.ru/s3/multimedia-1-t/wc300/14765290301.jpg;https://ir.ozone.ru/s3/multimedia-1-d/wc300/11018728309.jpg;https://ir.ozone.ru/s3/multimedia-1-p/wc300/9022823521.jpg,跨境卖家可售,2847₽,214,455419₽,1058,-10.41%,73354,199,1070,206,19.60%,6.79%,3107,4.7,1,39,36.34%,2181 g,19.21 L,14.04%
70,"автомобильный чехол
(汽车罩)","汽车罩
Чехол на автомобиль",https://ir.ozone.ru/s3/multimedia-1-v/wc300/14081416015.jpg;https://ir.ozone.ru/s3/multimedia-1-j/wc300/10090253359.jpg;https://ir.ozone.ru/s3/multimedia-1-n/wc300/10090283027.jpg;https://ir.ozone.ru/s3/multimedia-1-e/wc300/13530048458.jpg;https://ir.ozone.ru/s3/multimedia-1-r/wc300/14768178147.jpg;https://ir.ozone.ru/s3/multimedia-1-w/wc300/14785924424.jpg;https://ir.ozone.ru/s3/multimedia-1-4/wc300/12778968820.jpg;https://ir.ozone.ru/s3/multimedia-1-1/wc300/7208083405.jpg;https://ir.ozone.ru/s3/multimedia-1-a/wc300/14165542162.jpg;https://ir.ozone.ru/s3/multimedia-1-a/wc300/11650187962.jpg,跨境卖家可售,3509₽,1337,1724665₽,625,-12.10%,,836,3109,68,10.90%,3.15%,10623,4.8,1,36.8,21.53%,1793 g,10.28 L,12.90%
71,"чехол автомобильный тент
(汽车篷布)","汽车罩
Чехол на автомобиль",https://ir.ozone.ru/s3/multimedia-1-v/wc300/14081416015.jpg;https://ir.ozone.ru/s3/multimedia-1-7/wc300/7384885819.jpg;https://ir.ozone.ru/s3/multimedia-1-0/wc300/14765072688.jpg;https://ir.ozone.ru/s3/multimedia-1-o/wc300/7228132116.jpg;https://ir.ozone.ru/s3/multimedia-1-1/wc300/10090258849.jpg;https://ir.ozone.ru/s3/multimedia-1-n/wc300/10090283027.jpg;https://ir.ozone.ru/s3/multimedia-1-v/wc300/9479249599.jpg;https://ir.ozone.ru/s3/multimedia-1-j/wc300/10090253359.jpg;https://ir.ozone.ru/s3/multimedia-1-0/wc300/9308741148.jpg;https://ir.ozone.ru/s3/multimedia-1-a/wc300/9255265066.jpg,跨境卖家可售,3014₽,166,392817₽,451,-12.26%,74001,180,1046,80,17.70%,7.94%,2045,4.7,1,33.8,38.56%,2306 g,21.09 L,13.69%
72,"тент на машину
(车篷)","汽车罩
Чехол на автомобиль",https://ir.ozone.ru/s3/multimedia-1-r/wc300/14768178147.jpg;https://ir.ozone.ru/s3/multimedia-1-1/wc300/10090258849.jpg;https://ir.ozone.ru/s3/multimedia-1-0/wc300/14765072688.jpg;https://ir.ozone.ru/s3/multimedia-1-a/wc300/15073817302.jpg;https://ir.ozone.ru/s3/multimedia-1-v/wc300/9479249599.jpg;https://ir.ozone.ru/s3/multimedia-1-0/wc300/9308741148.jpg;https://ir.ozone.ru/s3/multimedia-1-c/wc300/9255277092.jpg;https://ir.ozone.ru/s3/multimedia-1-e/wc300/12687226430.jpg;https://ir-20.ozone.ru/s3/multimedia-1-9/wc300/7831102221.jpg;https://ir.ozone.ru/s3/multimedia-1-d/wc300/8569261741.jpg,跨境卖家可售,2930₽,171,405260₽,1180,-12.27%,64954,172,980,204,17.30%,5.66%,2027,4.7,1,30.5,37.44%,2179 g,20.08 L,13.71%
73,"чехол для автомобиля универсальный
(通用汽车套)","汽车罩
Чехол на автомобиль",https://ir.ozone.ru/s3/multimedia-1-v/wc300/14081416015.jpg;https://ir.ozone.ru/s3/multimedia-1-d/wc300/8569261741.jpg;https://ir.ozone.ru/s3/multimedia-1-a/wc300/15073817302.jpg;https://ir.ozone.ru/s3/multimedia-1-q/wc300/14165630558.jpg;https://ir.ozone.ru/s3/multimedia-1-0/wc300/9308741148.jpg;https://ir.ozone.ru/s3/multimedia-1-i/wc300/13474801818.jpg;https://ir.ozone.ru/s3/multimedia-1-1/wc300/10090258849.jpg;https://ir.ozone.ru/s3/multimedia-1-8/wc300/15279876692.jpg;https://ir.ozone.ru/s3/multimedia-1-7/wc300/7384885819.jpg;https://ir-20.ozone.ru/s3/multimedia-1-i/wc300/12993105510.jpg,跨境卖家可售,3183₽,953,1303294₽,1395,-13.03%,,530,2356,288,20.60%,5.85%,12423,4.8,1,32,24.02%,1536 g,14.39 L,14.48%
74,"тент автомобильный универсальный
(通用汽车帐篷)","汽车罩
Чехол на автомобиль",https://ir.ozone.ru/s3/multimedia-1-1/wc300/10090258849.jpg;https://ir.ozone.ru/s3/multimedia-1-n/wc300/10090283027.jpg;https://ir.ozone.ru/s3/multimedia-1-j/wc300/10090253359.jpg;https://ir.ozone.ru/s3/multimedia-1-v/wc300/14081416015.jpg;https://ir.ozone.ru/s3/multimedia-1-o/wc300/9255241968.jpg;https://ir.ozone.ru/s3/multimedia-1-r/wc300/14768178147.jpg;https://ir.ozone.ru/s3/multimedia-1-e/wc300/7580192054.jpg;https://ir.ozone.ru/s3/multimedia-1-d/wc300/11018728309.jpg;https://ir.ozone.ru/s3/multimedia-1-e/wc300/12687226430.jpg;https://ir.ozone.ru/s3/multimedia-1-d/wc300/7579170409.jpg,跨境卖家可售,3350₽,371,716020₽,283,-13.46%,11144,188,1047,54,19.50%,4.97%,17192,4.7,1,48.8,27.36%,5033 g,14.90 L,9.83%
75,"накидка на машину
(汽车罩)","汽车罩
Чехол на автомобиль",https://ir.ozone.ru/s3/multimedia-1-q/wc300/14165630558.jpg;https://ir.ozone.ru/s3/multimedia-1-n/wc300/10090283027.jpg;https://ir.ozone.ru/s3/multimedia-1-e/wc300/13530048458.jpg;https://ir.ozone.ru/s3/multimedia-1-v/wc300/14081416015.jpg;https://ir.ozone.ru/s3/multimedia-1-4/wc300/12778968820.jpg;https://ir.ozone.ru/s3/multimedia-1-p/wc300/7652959549.jpg;https://ir.ozone.ru/s3/multimedia-1-w/wc300/7490089688.jpg;https://ir.ozone.ru/s3/multimedia-1-x/wc300/10275589905.jpg;https://ir.ozone.ru/s3/multimedia-1-v/wc300/9479249599.jpg;https://ir.ozone.ru/s3/multimedia-1-0/wc300/9308741148.jpg,跨境卖家可售,3222₽,897,1136332₽,844,-14.75%,,562,2265,142,16.90%,4.99%,6704,4.8,1,35.3,21.49%,1499 g,15.27 L,15.32%
76,"тент для автомобиля универсальный
(通用汽车帐篷)","汽车罩
Чехол на автомобиль",https://ir.ozone.ru/s3/multimedia-1-r/wc300/14768178147.jpg;https://ir.ozone.ru/s3/multimedia-1-v/wc300/15188406655.jpg;https://ir.ozone.ru/s3/multimedia-1-h/wc300/14849374805.jpg;https://ir.ozone.ru/s3/multimedia-1-d/wc300/8569261741.jpg;https://ir.ozone.ru/s3/multimedia-1-q/wc300/7582839074.jpg;https://ir.ozone.ru/s3/multimedia-1-q/wc300/14165630558.jpg;https://ir.ozone.ru/s3/multimedia-1-j/wc300/10090253359.jpg;https://ir.ozone.ru/s3/multimedia-1-7/wc300/11833388107.jpg;https://ir.ozone.ru/s3/multimedia-1-v/wc300/9479249599.jpg;https://ir.ozone.ru/s3/multimedia-1-h/wc300/7208083421.jpg,跨境卖家可售,2992₽,412,740031₽,359,-16.12%,10867,211,1201,70,19.70%,5.44%,18412,4.7,1,34.5,26.47%,4363 g,13.13 L,9.63%
77,"тент для машины универсальный
(通用汽车车衣)","汽车罩
Чехол на автомобиль",https://ir.ozone.ru/s3/multimedia-1-v/wc300/15188406655.jpg;https://ir.ozone.ru/s3/multimedia-1-r/wc300/14768178147.jpg;https://ir.ozone.ru/s3/multimedia-1-h/wc300/14849374805.jpg;https://ir.ozone.ru/s3/multimedia-1-o/wc300/9255241968.jpg;https://ir.ozone.ru/s3/multimedia-1-v/wc300/9479249599.jpg;https://ir.ozone.ru/s3/multimedia-1-j/wc300/10090253359.jpg;https://ir.ozone.ru/s3/multimedia-1-y/wc300/7582836598.jpg;https://ir.ozone.ru/s3/multimedia-1-q/wc300/14165630558.jpg;https://ir.ozone.ru/s3/multimedia-1-1/wc300/7582839301.jpg;https://ir.ozone.ru/s3/multimedia-1-j/wc300/10090253359.jpg,跨境卖家可售,2967₽,374,720612₽,398,-16.56%,11094,203,1157,97,24.10%,6.04%,17641,4.7,1,35.5,27.18%,4197 g,12.81 L,9.80%
78,"тент для автомобиля седан
(轿车车衣)","汽车罩
Чехол на автомобиль",https://ir.ozone.ru/s3/multimedia-1-a/wc300/9255265066.jpg;https://ir.ozone.ru/s3/multimedia-1-v/wc300/9479249599.jpg;https://ir.ozone.ru/s3/multimedia-1-n/wc300/10090283027.jpg;https://ir-20.ozone.ru/s3/multimedia-1-x/wc300/12722870085.jpg;https://ir.ozone.ru/s3/multimedia-1-d/wc300/7705481809.jpg;https://ir.ozone.ru/s3/multimedia-1-j/wc300/10090253359.jpg;https://ir.ozone.ru/s3/multimedia-1-a/wc300/15073817302.jpg;https://ir.ozone.ru/s3/multimedia-1-r/wc300/7438957371.jpg;https://ir.ozone.ru/s3/multimedia-1-h/wc300/14849374805.jpg;https://ir.ozone.ru/s3/multimedia-1-d/wc300/8569261741.jpg,跨境卖家可售,2846₽,171,401049₽,279,-17.21%,,144,732,68,24.40%,7.89%,2058,4.7,1,36.5,37.60%,2140 g,21.03 L,13.78%
79,"тент автомобильный
(汽车帐篷)","汽车罩
Чехол на автомобиль",https://ir.ozone.ru/s3/multimedia-1-1/wc300/10090258849.jpg;https://ir.ozone.ru/s3/multimedia-1-o/wc300/7228132116.jpg;https://ir.ozone.ru/s3/multimedia-1-e/wc300/12687226430.jpg;https://ir.ozone.ru/s3/multimedia-1-a/wc300/15073752358.jpg;https://ir.ozone.ru/s3/multimedia-1-0/wc300/9308741148.jpg;https://ir.ozone.ru/s3/multimedia-1-o/wc300/9255241968.jpg;https://ir.ozone.ru/s3/multimedia-1-z/wc300/9693487007.jpg;https://ir.ozone.ru/s3/multimedia-1-z/wc300/12876237359.jpg;https://ir.ozone.ru/s3/multimedia-1-n/wc300/10090283027.jpg;https://ir.ozone.ru/s3/multimedia-1-t/wc300/13254885461.jpg,跨境卖家可售,3028₽,163,385767₽,1265,-18.65%,73427,185,1054,203,16.10%,5.87%,2051,4.7,1,31,39.26%,2301 g,21.09 L,13.90%
80,"чехол на автомобиль кроссовер
(跨界汽车罩)","汽车罩
Чехол на автомобиль",https://ir.ozone.ru/s3/multimedia-1-0/wc300/9308741148.jpg;https://ir-20.ozone.ru/s3/multimedia-1-r/wc300/12876165495.jpg;https://ir.ozone.ru/s3/multimedia-1-3/wc300/13564800471.jpg;https://ir.ozone.ru/s3/multimedia-1-r/wc300/14768178147.jpg;https://ir.ozone.ru/s3/multimedia-1-a/wc300/15073817302.jpg;https://ir.ozone.ru/s3/multimedia-1-a/wc300/15073752358.jpg;https://ir.ozone.ru/s3/multimedia-s/wc300/6838616188.jpg;https://ir.ozone.ru/s3/multimedia-1-d/wc300/11018728309.jpg;https://ir.ozone.ru/s3/multimedia-1-t/wc300/15028342733.jpg;https://ir.ozone.ru/s3/multimedia-1-e/wc300/12687226430.jpg,跨境卖家可售,2906₽,163,390417₽,1201,-21.96%,,158,639,354,29.60%,9.61%,2015,4.7,2,39.5,38.28%,2211 g,21.76 L,13.64%
81,прицеп автомобильный с тентом,"汽车罩
Чехол на автомобиль",https://ir.ozone.ru/s3/multimedia-1-v/wc300/14081416015.jpg;https://ir.ozone.ru/s3/multimedia-1-1/wc300/14068505089.jpg;https://ir.ozone.ru/s3/multimedia-1-e/wc300/14318132342.jpg;https://ir.ozone.ru/s3/multimedia-1-x/wc300/7315885293.jpg;https://ir.ozone.ru/s3/multimedia-1-u/wc300/7101617574.jpg;https://ir.ozone.ru/s3/multimedia-1-a/wc300/9071922214.jpg;https://ir.ozone.ru/s3/multimedia-1-c/wc300/9071922396.jpg;https://ir.ozone.ru/s3/multimedia-1-0/wc300/9071922384.jpg;https://ir.ozone.ru/s3/multimedia-1-5/wc300/13364806793.jpg;https://ir.ozone.ru/s3/multimedia-1-5/wc300/13364702069.jpg,跨境卖家可售,5962₽,85,120693₽,253,-22.63%,,64,328,5,1.80%,0.00%,1583,4.7,1,26,29.53%,5824 g,30.11 L,13.21%
82,"навес для машины
(车棚)","汽车罩
Чехол на автомобиль",https://ir.ozone.ru/s3/multimedia-1-a/wc300/14689104058.jpg;https://ir.ozone.ru/s3/multimedia-1-q/wc300/8565683282.jpg;https://ir.ozone.ru/s3/multimedia-1-0/wc300/12264764760.jpg;https://ir.ozone.ru/s3/multimedia-1-e/wc300/14315583650.jpg;https://ir.ozone.ru/s3/multimedia-1-7/wc300/14853425947.jpg;https://ir.ozone.ru/s3/multimedia-1-f/wc300/9693474099.jpg;https://ir.ozone.ru/s3/multimedia-1-i/wc300/8456736258.jpg;https://ir.ozone.ru/s3/multimedia-1-o/wc300/7422970632.jpg;https://ir.ozone.ru/s3/multimedia-1-4/wc300/11834092516.jpg;https://ir.ozone.ru/s3/multimedia-1-2/wc300/13984931018.jpg,跨境卖家可售,17976₽,336,764001₽,865,-23.99%,,288,1644,46,5.40%,0.00%,22554,4.7,1,46,25.64%,59114 g,361.73 L,10.20%
83,"чехол на машину универсальный
(通用汽车套)","汽车罩
Чехол на автомобиль",https://ir.ozone.ru/s3/multimedia-1-h/wc300/14849374805.jpg;https://ir.ozone.ru/s3/multimedia-1-1/wc300/10090258849.jpg;https://ir.ozone.ru/s3/multimedia-1-d/wc300/8569261741.jpg;https://ir.ozone.ru/s3/multimedia-1-q/wc300/14165630558.jpg;https://ir.ozone.ru/s3/multimedia-1-0/wc300/9308741148.jpg;https://ir.ozone.ru/s3/multimedia-1-a/wc300/15073817302.jpg;https://ir.ozone.ru/s3/multimedia-1-n/wc300/10090283027.jpg;https://ir.ozone.ru/s3/multimedia-1-r/wc300/14768178147.jpg;https://ir.ozone.ru/s3/multimedia-1-v/wc300/14081416015.jpg;https://ir.ozone.ru/s3/multimedia-1-e/wc300/12687226430.jpg,跨境卖家可售,3058₽,436,711445₽,2612,-24.92%,,344,1830,626,24.00%,7.05%,10093,4.8,1,28.5,26.34%,1440 g,16.31 L,17.98%
84,"прицеп автомобильный легковой с тентом
(带帐篷的轻型汽车拖车)","汽车罩
Чехол на автомобиль",https://ir.ozone.ru/s3/multimedia-1-7/wc300/8422125883.jpg;https://ir.ozone.ru/s3/multimedia-1-1/wc300/14068505089.jpg;https://ir.ozone.ru/s3/multimedia-1-w/wc300/9214210616.jpg;https://ir.ozone.ru/s3/multimedia-1-0/wc300/9397719648.jpg;https://ir.ozone.ru/s3/multimedia-1-v/wc300/14081416015.jpg;https://ir.ozone.ru/s3/multimedia-1-w/wc300/15183323780.jpg;https://ir.ozone.ru/s3/multimedia-1-e/wc300/14318132342.jpg;https://ir.ozone.ru/s3/multimedia-1-h/wc300/15068610161.jpg;https://ir.ozone.ru/s3/multimedia-1-v/wc300/9013283311.jpg;https://ir.ozone.ru/s3/multimedia-1-e/wc300/13834642982.jpg,跨境卖家可售,17160₽,174,261429₽,938,-30.10%,,221,1134,14,1.40%,0.00%,1491,4.6,1,27.3,27.01%,31740 g,401.49 L,14.38%
85,"чехол для автомобиля кроссовер
(跨界汽车罩)","汽车罩
Чехол на автомобиль",https://ir.ozone.ru/s3/multimedia-1-0/wc300/9308741148.jpg;https://ir.ozone.ru/s3/multimedia-1-q/wc300/14165630558.jpg;https://ir-20.ozone.ru/s3/multimedia-1-y/wc300/9673527490.jpg;https://ir.ozone.ru/s3/multimedia-1-0/wc300/14765072688.jpg;https://ir.ozone.ru/s3/multimedia-1-5/wc300/11783074757.jpg;https://ir-20.ozone.ru/s3/multimedia-1-r/wc300/12876165495.jpg;https://ir.ozone.ru/s3/multimedia-1-e/wc300/7228131782.jpg;https://ir.ozone.ru/s3/multimedia-1-n/wc300/9335890679.jpg;https://ir.ozone.ru/s3/multimedia-1-r/wc300/7228131363.jpg;https://ir.ozone.ru/s3/multimedia-1-d/wc300/11018728309.jpg,跨境卖家可售,2966₽,171,406565₽,417,-30.27%,4752,154,650,97,23.30%,9.11%,2028,4.7,1,38,37.32%,2297 g,20.54 L,13.29%
86,"тент для машины
(车棚)","汽车罩
Чехол на автомобиль",https://ir.ozone.ru/s3/multimedia-1-e/wc300/12687226430.jpg;https://ir.ozone.ru/s3/multimedia-1-1/wc300/7208083405.jpg;https://ir.ozone.ru/s3/multimedia-1-r/wc300/14768178147.jpg;https://ir.ozone.ru/s3/multimedia-1-a/wc300/15073752358.jpg;https://ir.ozone.ru/s3/multimedia-1-a/wc300/14165542162.jpg;https://ir.ozone.ru/s3/multimedia-1-v/wc300/14081416015.jpg;https://ir.ozone.ru/s3/multimedia-1-0/wc300/9308741148.jpg;https://ir.ozone.ru/s3/multimedia-1-e/wc300/7013886782.jpg;https://ir.ozone.ru/s3/multimedia-1-c/wc300/9255277092.jpg;https://ir.ozone.ru/s3/multimedia-1-x/wc300/8750062221.jpg,跨境卖家可售,3248₽,377,746373₽,889,-30.60%,92331,250,1414,147,16.50%,5.56%,22720,4.7,1,32,26.25%,5007 g,14.67 L,9.36%
87,"тент на машину универсальный
(通用汽车帐篷)","汽车罩
Чехол на автомобиль",https://ir.ozone.ru/s3/multimedia-1-r/wc300/14768178147.jpg;https://ir.ozone.ru/s3/multimedia-1-c/wc300/9255277092.jpg;https://ir.ozone.ru/s3/multimedia-1-q/wc300/14165630558.jpg;https://ir.ozone.ru/s3/multimedia-1-n/wc300/10090283027.jpg;https://ir.ozone.ru/s3/multimedia-1-s/wc300/12876352984.jpg;https://ir.ozone.ru/s3/multimedia-1-j/wc300/10090253359.jpg;https://ir.ozone.ru/s3/multimedia-1-e/wc300/12687226430.jpg;https://ir.ozone.ru/s3/multimedia-1-a/wc300/9255265066.jpg;https://ir.ozone.ru/s3/multimedia-1-0/wc300/9308741148.jpg;https://ir.ozone.ru/s3/multimedia-1-e/wc300/9845754314.jpg,跨境卖家可售,2813₽,174,406959₽,326,-32.37%,,151,642,93,28.50%,9.53%,2025,4.7,1,29,37.28%,2008 g,17.88 L,13.89%
88,"тент для автомобиля кроссовер
(跨界车汽车帐篷)","汽车罩
Чехол на автомобиль",https://ir.ozone.ru/s3/multimedia-1-0/wc300/9308741148.jpg;https://ir.ozone.ru/s3/multimedia-1-a/wc300/15073817302.jpg;https://ir.ozone.ru/s3/multimedia-1-z/wc300/12876237359.jpg;https://ir.ozone.ru/s3/multimedia-s/wc300/6838616188.jpg;https://ir.ozone.ru/s3/multimedia-1-d/wc300/11018728309.jpg;https://ir.ozone.ru/s3/multimedia-1-r/wc300/7438957371.jpg;https://ir.ozone.ru/s3/multimedia-1-r/wc300/14768178147.jpg;https://ir-20.ozone.ru/s3/multimedia-1-r/wc300/12876165495.jpg;https://ir.ozone.ru/s3/multimedia-1-c/wc300/11783067888.jpg;https://ir.ozone.ru/s3/multimedia-1-4/wc300/12778968820.jpg,跨境卖家可售,2955₽,168,394602₽,329,-35.11%,4491,158,741,81,24.70%,9.21%,2055,4.7,1,36,38.45%,2317 g,22.43 L,13.56%
89,"тент чехол на автомобиль
(汽车帐篷罩)","汽车罩
Чехол на автомобиль",https://ir.ozone.ru/s3/multimedia-1-1/wc300/7208083405.jpg;https://ir.ozone.ru/s3/multimedia-1-j/wc300/10090253359.jpg;https://ir.ozone.ru/s3/multimedia-1-r/wc300/14768178147.jpg;https://ir.ozone.ru/s3/multimedia-1-n/wc300/10090283027.jpg;https://ir.ozone.ru/s3/multimedia-1-v/wc300/9479249599.jpg;https://ir.ozone.ru/s3/multimedia-1-1/wc300/10090258849.jpg;https://ir.ozone.ru/s3/multimedia-1-o/wc300/9255241968.jpg;https://ir.ozone.ru/s3/multimedia-1-f/wc300/7208083383.jpg;https://ir.ozone.ru/s3/multimedia-1-0/wc300/9308741148.jpg;https://ir.ozone.ru/s3/multimedia-1-a/wc300/15073817302.jpg,跨境卖家可售,2914₽,171,403607₽,299,-39.84%,,177,994,60,20.30%,5.66%,2055,4.7,1,39.8,37.59%,2152 g,20.49 L,13.55%
90,"антиград для автомобиля
(汽车防霜冻剂)","汽车罩
Чехол на автомобиль",https://ir.ozone.ru/s3/multimedia-1-e/wc300/7228131782.jpg;https://ir.ozone.ru/s3/multimedia-1-1/wc300/10090258849.jpg;https://ir.ozone.ru/s3/multimedia-1-n/wc300/10090283027.jpg;https://ir.ozone.ru/s3/multimedia-1-y/wc300/11557009510.jpg;https://ir.ozone.ru/s3/multimedia-1-4/wc300/12778968820.jpg;https://ir.ozone.ru/s3/multimedia-1-s/wc300/14699358640.jpg;https://ir.ozone.ru/s3/multimedia-1-h/wc300/7533313181.jpg;https://ir.ozone.ru/s3/multimedia-1-l/wc300/14878049745.jpg;https://ir.ozone.ru/s3/multimedia-1-3/wc300/13267667091.jpg;https://ir.ozone.ru/s3/multimedia-1-r/wc300/7228131363.jpg,跨境卖家可售,2348₽,1069,758731₽,268,-66.16%,664,180,553,36,13.40%,2.06%,12179,4.8,1,51.8,44.37%,1704 g,13.46 L,12.38%
