MAKE,MODEL,版本,代际,YEAR,L-MM,W-MM,H-MM,尺寸组销量,自动尺码,OZON尺码,发货尺码,自动长度余量
Volkswagen,Tiguan,Allspace,II,2016-2021,4702,1839,1674,123,YL,M,YL,128
Volkswagen,Tiguan,L,II (China Market),2017-2021,4712,1839,1674,0,YL,M,YL,118
Volkswagen,Tiguan,Allspace,II Рестайлинг,2020-2025,4727,1839,1674,41,YL,M,YL,103
Volkswagen,Tiguan,L,II Рестайлинг (China Market),2020-2026,4732,1839,1674,134,YL,M,YL,98
Volkswagen,Tiguan,X,II Рестайлинг (China Market),2020-2026,4765,1859,1628,5,YL,M,YL,65
Volkswagen,Tiguan,L Pro,III (China Market),2024-2026,4735,1842,1681,0,YL,M,YL,95
Volkswagen,Tiguan,,III (NA Market),2025-2026,4684,1854,1689,0,YL,M,YL,146
Volkswagen,Tiguan,,I,2007-2011,4427,1808,1687,0,YM+,S,YM,173
Volkswagen,Tiguan,,I Рестайлинг,2011-2018,4427,1808,1702,0,YM+,S,YM,173
Volkswagen,Tiguan,,II,2016-2021,4486,1839,1674,1606,YM+,S,YM,114
Volkswagen,Tiguan R,,,2020-2024,4514,1859,1676,0,YM+,S,YM,86
Volkswagen,Tiguan,,II Рестайлинг,2020-2025,4508,1839,1674,559,YM+,S,YM,92
Volkswagen,Tiguan,,III,2023-2026,4539,1842,1661,0,YM+,S,YM,61
